ensembl_id,gene_name,WZ12_CADASIL_Control,WZ16_CADASIL_C224Y,WZ4_CADASIL_Control,WZ8_CADASIL_Control,XZ5_CADASIL_R153C,XZ6_CADASIL_R153C_isoCtrl,XZ7_CADASIL_C224Y_isoCtrl
ENSG00000000003.16,TSPAN6,2623,2336,2560,1832,2445,1847,1860
ENSG00000000419.14,DPM1,1029,597,928,933,854,837,823
ENSG00000000457.14,SCYL3,307,402,226,203,453,237,216
ENSG00000000460.17,C1orf112,159,437,205,286,425,131,151
ENSG00000000971.17,CFH,237,267,357,67,100,78,92
ENSG00000001036.14,FUCA2,3381,1749,3385,2825,1888,2997,2321
ENSG00000001084.13,GCLC,1111,730,566,790,957,886,822
ENSG00000001167.15,NFYA,2068,2076,1379,1640,3100,1584,1511
ENSG00000001460.18,STPG1,198,177,162,125,178,142,145
ENSG00000001461.17,NIPAL3,2535,742,2168,1528,1069,2171,1477
ENSG00000001497.18,LAS1L,1172,1014,1390,1229,1157,1003,947
ENSG00000001561.7,ENPP4,534,48,634,283,229,492,227
ENSG00000001617.12,SEMA3F,684,2048,1810,974,4874,645,2804
ENSG00000001629.10,ANKIB1,3324,2387,1841,2595,3631,3189,2452
ENSG00000001630.18,CYP51A1,198,215,196,288,269,172,259
ENSG00000001631.17,KRIT1,161,200,230,202,184,165,154
ENSG00000002016.18,RAD52,224,268,244,202,215,73,123
ENSG00000002330.14,BAD,1153,765,798,866,1190,930,826
ENSG00000002549.13,LAP3,1465,849,1462,1762,1625,1259,1088
ENSG00000002587.10,HS3ST1,13,22,52,8,58,20,14
ENSG00000002746.15,HECW1,215,5,60,230,209,200,68
ENSG00000002834.19,LASP1,17238,11948,14876,17886,13588,15185,14788
ENSG00000002919.15,SNX11,906,284,595,774,471,519,524
ENSG00000002933.9,TMEM176A,15,70,1,1,994,5,8
ENSG00000003056.8,M6PR,3959,1936,4069,3309,2183,2736,2604
ENSG00000003096.15,KLHL13,33,59,54,38,41,40,50
ENSG00000003137.9,CYP26B1,55,101,68,57,43,39,15
ENSG00000003147.19,ICA1,166,18,142,86,74,103,57
ENSG00000003249.15,DBNDD1,212,116,330,617,512,129,107
ENSG00000003393.16,ALS2,2748,2123,2166,2944,3257,1856,3545
ENSG00000003402.21,CFLAR,3315,919,3179,2841,1412,3815,1829
ENSG00000003436.16,TFPI,3671,2063,2160,1194,786,2258,1386
ENSG00000003509.16,NDUFAF7,535,356,588,421,429,313,299
ENSG00000003756.17,RBM5,3271,4091,3481,3102,3956,1774,1840
ENSG00000003989.18,SLC7A2,168,1244,174,166,101,161,156
ENSG00000004059.11,ARF5,2376,2080,1725,1867,2681,1950,2108
ENSG00000004139.14,SARM1,612,655,696,405,972,805,862
ENSG00000004142.12,POLDIP2,3010,2086,2436,2649,2841,2292,2321
ENSG00000004399.13,PLXND1,24982,8776,21537,17260,7456,20988,22904
ENSG00000004455.18,AK2,2226,1895,1947,2163,2191,1629,1444
ENSG00000004478.8,FKBP4,2557,2266,2918,2893,2380,1836,1917
ENSG00000004487.18,KDM1A,4737,5269,3686,5124,7017,3808,3908
ENSG00000004534.15,RBM6,1944,2439,2073,2148,2668,1194,1168
ENSG00000004660.15,CAMKK1,367,232,279,471,391,316,256
ENSG00000004700.16,RECQL,2537,2135,1769,2387,2325,2336,2099
ENSG00000004766.17,VPS50,948,628,616,599,842,719,536
ENSG00000004776.13,HSPB6,333,10,42,112,27,238,42
ENSG00000004777.19,ARHGAP33,231,637,318,474,1616,221,229
ENSG00000004779.10,NDUFAB1,1485,886,915,924,1186,879,827
ENSG00000004864.14,SLC25A13,2449,1107,1704,1919,1687,2076,1993
ENSG00000004866.22,ST7,1695,1324,1268,1984,1398,1054,1136
ENSG00000004897.12,CDC27,2986,2842,2390,3011,3274,2976,2585
ENSG00000004948.16,CALCR,2293,122,1080,498,403,2300,882
ENSG00000004961.15,HCCS,905,551,738,789,643,644,611
ENSG00000004975.12,DVL2,1346,2175,1123,1386,2981,779,1024
ENSG00000005007.14,UPF1,2758,2922,2964,2894,4508,2962,3373
ENSG00000005020.13,SKAP2,380,213,261,240,277,459,334
ENSG00000005022.6,SLC25A5,3981,3775,3941,4231,3198,2495,2275
ENSG00000005059.16,MCUB,261,16,283,170,104,212,456
ENSG00000005075.16,POLR2J,596,488,466,506,805,596,579
ENSG00000005100.13,DHX33,980,771,935,1000,930,910,974
ENSG00000005102.14,MEOX1,39,55,36,184,148,17,10
ENSG00000005108.17,THSD7A,244,2524,102,105,755,134,216
ENSG00000005156.12,LIG3,1098,1549,763,1171,1899,874,890
ENSG00000005175.10,RPAP3,1131,879,700,991,1294,859,933
ENSG00000005187.12,ACSM3,1371,90,448,1009,43,1424,894
ENSG00000005189.20,REXO5,92,145,61,102,50,30,28
ENSG00000005194.15,CIAPIN1,1967,1180,1459,1695,1479,1258,1170
ENSG00000005206.17,SPPL2B,1233,1019,1262,1021,1832,967,962
ENSG00000005238.20,ATOSB,4218,804,2533,3130,2504,4262,3962
ENSG00000005243.10,COPZ2,878,443,234,334,643,919,490
ENSG00000005249.14,PRKAR2B,368,296,224,210,516,391,416
ENSG00000005302.19,MSL3,817,740,740,885,1014,682,784
ENSG00000005339.15,CREBBP,2773,5092,1370,2330,5958,2866,2943
ENSG00000005379.17,TSPOAP1,312,375,137,121,745,130,93
ENSG00000005436.14,GCFC2,341,253,186,250,527,228,248
ENSG00000005448.17,WDR54,164,229,227,199,229,127,153
ENSG00000005469.12,CROT,333,249,346,361,378,374,234
ENSG00000005471.19,ABCB4,96,79,147,94,334,66,100
ENSG00000005483.23,KMT2E,2375,2561,1221,1917,3836,2068,2221
ENSG00000005486.17,RHBDD2,2178,1262,1696,1640,2283,1846,2044
ENSG00000005513.10,SOX8,15,126,54,39,305,32,54
ENSG00000005700.15,IBTK,3189,1948,1890,2960,2581,2791,2703
ENSG00000005801.18,ZNF195,781,569,1055,841,933,748,681
ENSG00000005810.20,MYCBP2,1938,2600,1125,1706,2449,2588,2116
ENSG00000005812.11,FBXL3,1676,1015,1094,1311,1541,1496,1493
ENSG00000005882.12,PDK2,1435,1465,642,816,1908,883,994
ENSG00000005884.18,ITGA3,13478,1031,27128,11552,1924,22460,14780
ENSG00000005889.16,ZFX,742,1346,1089,833,1578,1258,1303
ENSG00000005893.17,LAMP2,9574,6369,8179,6375,7381,7323,6531
ENSG00000005961.19,ITGA2B,14,65,16,12,42,7,9
ENSG00000006007.12,GDE1,4729,2118,3464,3022,3776,3864,2864
ENSG00000006015.18,REX1BD,612,268,575,499,715,479,458
ENSG00000006016.12,CRLF1,1068,10,425,731,367,1500,2292
ENSG00000006025.13,OSBPL7,672,409,688,568,616,410,486
ENSG00000006042.12,TMEM98,3527,2930,4786,2494,4198,2442,2130
ENSG00000006047.13,YBX2,6,26,4,3,53,1,3
ENSG00000006062.18,MAP3K14,287,430,348,436,270,253,317
ENSG00000006118.15,TMEM132A,8267,6573,11104,6095,12672,5918,5944
ENSG00000006125.18,AP2B1,12008,8786,11153,12422,9373,12132,9518
ENSG00000006194.11,ZNF263,472,376,316,413,539,387,338
ENSG00000006210.7,CX3CL1,1700,568,2094,1544,1361,1458,627
ENSG00000006282.22,SPATA20,1272,1152,1100,821,1022,611,481
ENSG00000006283.18,CACNA1G,1,417,2,9,1808,5,1
ENSG00000006327.14,TNFRSF12A,5490,778,9112,4528,1733,6005,5952
ENSG00000006377.11,DLX6,133,0,13,0,1,59,2
ENSG00000006432.16,MAP3K9,1606,315,572,903,719,1458,1183
ENSG00000006451.8,RALA,1863,1191,1149,1661,1778,1951,1463
ENSG00000006453.14,BAIAP2L1,1031,461,704,931,308,1051,470
ENSG00000006459.11,KDM7A,267,282,105,268,484,201,198
ENSG00000006468.15,ETV1,717,160,263,259,816,831,671
ENSG00000006530.18,AGK,773,680,732,725,747,618,604
ENSG00000006534.17,ALDH3B1,138,114,99,125,33,110,94
ENSG00000006576.17,PHTF2,2394,1773,1701,1743,2898,2217,2112
ENSG00000006607.14,FARP2,1705,1372,1265,2145,1562,1749,1534
ENSG00000006625.18,GGCT,308,343,317,424,406,260,290
ENSG00000006634.8,DBF4,349,677,403,590,814,196,317
ENSG00000006638.13,TBXA2R,42,45,86,66,71,42,36
ENSG00000006652.15,IFRD1,352,146,387,366,280,332,327
ENSG00000006695.12,COX10,330,253,315,316,400,326,325
ENSG00000006704.11,GTF2IRD1,642,984,608,585,1484,422,590
ENSG00000006712.15,PAF1,2528,1790,2296,2330,2123,1698,1699
ENSG00000006715.16,VPS41,4032,2231,2166,2252,3427,2921,2118
ENSG00000006740.18,ARHGAP44,148,46,78,60,195,117,129
ENSG00000006744.19,ELAC2,2814,1699,3155,2893,2206,2213,2104
ENSG00000006756.16,ARSD,784,947,853,395,1122,1490,806
ENSG00000006757.12,PNPLA4,401,357,258,202,402,378,278
ENSG00000006831.10,ADIPOR2,3047,2218,2514,2730,2564,2282,1950
ENSG00000007047.16,MARK4,1677,1851,1221,1454,3111,1628,2084
ENSG00000007062.12,PROM1,1538,229,1728,3720,593,1365,607
ENSG00000007080.11,CCDC124,1631,1003,1621,1455,1979,1547,1693
ENSG00000007129.18,CEACAM21,13,4,6,20,23,50,45
ENSG00000007168.14,PAFAH1B1,7511,5364,4829,6428,7251,6506,6025
ENSG00000007202.16,BLTP2,9234,7241,8471,7453,7657,7788,6278
ENSG00000007237.19,GAS7,870,404,438,447,1891,552,666
ENSG00000007255.10,TRAPPC6A,240,185,100,115,283,100,111
ENSG00000007341.19,ST7L,263,284,352,290,327,274,238
ENSG00000007372.25,PAX6,1894,42,1836,1638,403,404,3943
ENSG00000007376.8,RPUSD1,882,468,882,811,915,723,963
ENSG00000007384.15,RHBDF1,2298,1386,2508,1476,1144,1700,1327
ENSG00000007392.17,LUC7L,1308,1529,1894,1333,1631,727,752
ENSG00000007402.12,CACNA2D2,58,487,20,68,344,62,67
ENSG00000007516.15,BAIAP3,40,12,38,33,74,35,24
ENSG00000007520.4,TSR3,1332,856,1233,1073,1696,1351,1314
ENSG00000007541.17,PIGQ,1261,1189,1281,1110,2044,709,1062
ENSG00000007545.16,CRAMP1,473,561,391,448,790,344,378
ENSG00000007866.22,TEAD3,4141,2564,3351,4161,4045,3339,3230
ENSG00000007923.17,DNAJC11,2161,1657,2052,2103,2287,2032,1884
ENSG00000007944.15,MYLIP,677,1764,319,484,1875,485,484
ENSG00000007968.7,E2F2,40,216,31,39,228,5,16
ENSG00000008018.9,PSMB1,4183,2382,3278,3894,3121,2496,2294
ENSG00000008056.14,SYN1,94,45,42,46,188,101,208
ENSG00000008083.14,JARID2,808,933,580,785,1686,873,1146
ENSG00000008086.13,CDKL5,529,364,458,550,514,662,519
ENSG00000008128.23,CDK11A,62,22,186,79,87,27,98
ENSG00000008130.15,NADK,2320,1391,1794,1827,2242,1825,1872
ENSG00000008196.13,TFAP2B,102,705,26,207,3551,161,75
ENSG00000008256.17,CYTH3,1110,1385,809,1391,4736,915,1044
ENSG00000008277.15,ADAM22,1206,1992,137,236,2997,303,510
ENSG00000008282.10,SYPL1,2006,1395,2697,1507,1217,1638,1309
ENSG00000008283.16,CYB561,266,194,289,294,380,466,299
ENSG00000008294.22,SPAG9,5034,4745,3301,4098,5922,3788,3567
ENSG00000008300.17,CELSR3,868,539,517,599,630,799,582
ENSG00000008311.16,AASS,731,1692,882,854,1196,608,458
ENSG00000008323.16,PLEKHG6,25,32,33,7,13,12,5
ENSG00000008324.12,SS18L2,292,152,248,251,235,219,209
ENSG00000008382.16,MPND,418,446,261,226,444,226,186
ENSG00000008394.13,MGST1,2027,623,2373,1694,413,910,1430
ENSG00000008405.12,CRY1,623,670,582,795,983,648,613
ENSG00000008441.19,NFIX,17,316,28,11,329,107,66
ENSG00000008513.17,ST3GAL1,866,726,1059,1067,1222,1418,1280
ENSG00000008516.18,MMP25,24,120,15,140,148,25,35
ENSG00000008517.19,IL32,800,74,3550,878,27,721,913
ENSG00000008710.20,PKD1,5087,3964,4948,4198,4658,4338,4076
ENSG00000008735.14,MAPK8IP2,226,185,145,132,291,484,307
ENSG00000008838.21,MED24,2509,2475,2412,2472,3055,1932,2211
ENSG00000008853.18,RHOBTB2,799,1257,536,853,1473,702,638
ENSG00000008869.12,HEATR5B,973,922,900,993,1137,858,843
ENSG00000008952.17,SEC62,4704,3818,4769,3537,4426,4558,3080
ENSG00000009307.17,CSDE1,18316,13780,12895,16316,18885,15514,13918
ENSG00000009335.19,UBE3C,4288,2459,3218,3690,3350,3818,3551
ENSG00000009413.17,REV3L,1092,1050,597,924,1765,1245,919
ENSG00000009694.14,TENM1,105,143,34,28,244,48,61
ENSG00000009780.16,FAM76A,199,166,145,165,268,107,105
ENSG00000009830.13,POMT2,2505,1561,2046,2480,2542,1948,2335
ENSG00000009844.16,VTA1,2263,1397,1688,1731,2144,1953,1719
ENSG00000009954.11,BAZ1B,4297,4802,2995,4716,5344,3756,3378
ENSG00000010017.13,RANBP9,2141,1574,1433,1717,2410,1788,1622
ENSG00000010072.16,SPRTN,570,357,440,532,749,529,489
ENSG00000010165.20,METTL13,960,733,967,994,1031,760,750
ENSG00000010219.14,DYRK4,640,464,415,475,687,398,319
ENSG00000010244.19,ZNF207,4185,3952,3753,4204,5037,3592,4021
ENSG00000010256.11,UQCRC1,5604,3127,4875,5728,3886,3687,3297
ENSG00000010270.14,STARD3NL,2608,1086,2100,2038,1622,2038,1941
ENSG00000010278.15,CD9,283,36,523,225,161,194,40
ENSG00000010292.13,NCAPD2,1383,4603,1923,2657,3454,1246,1419
ENSG00000010295.20,IFFO1,976,817,959,1117,1170,574,636
ENSG00000010310.9,GIPR,201,101,173,97,165,94,111
ENSG00000010318.22,PHF7,92,77,55,62,128,61,60
ENSG00000010319.7,SEMA3G,85,39,24,30,24,35,21
ENSG00000010322.16,NISCH,7073,5984,5352,5029,6388,4393,4493
ENSG00000010361.14,FUZ,275,294,161,196,317,105,124
ENSG00000010404.18,IDS,1194,322,409,687,1055,1267,1306
ENSG00000010539.12,ZNF200,351,295,304,299,354,267,242
ENSG00000010610.10,CD4,37,586,25,90,197,47,38
ENSG00000010626.15,LRRC23,135,110,78,86,152,82,77
ENSG00000010704.19,HFE,453,330,272,195,249,207,64
ENSG00000010803.17,SCMH1,1472,1190,534,707,1083,732,587
ENSG00000010810.18,FYN,2608,2518,1713,1548,2045,2105,1764
ENSG00000010818.11,HIVEP2,811,1198,684,586,1982,1210,851
ENSG00000010932.17,FMO1,2,616,0,2,57,0,0
ENSG00000011007.13,ELOA,2135,1367,1672,2081,1851,2126,1968
ENSG00000011009.11,LYPLA2,2480,1100,2677,1998,1959,2331,2714
ENSG00000011021.23,CLCN6,822,1000,1204,1286,1450,523,867
ENSG00000011028.14,MRC2,51616,36038,23944,27082,56669,43273,36045
ENSG00000011105.14,TSPAN9,3387,3017,2877,3043,3485,2526,3208
ENSG00000011114.15,BTBD7,1831,1610,1042,1692,2284,2156,1757
ENSG00000011132.12,APBA3,470,285,568,377,515,368,421
ENSG00000011143.19,MKS1,349,384,314,369,514,219,237
ENSG00000011198.10,ABHD5,609,227,463,443,439,574,396
ENSG00000011201.12,ANOS1,740,134,424,540,2436,2836,1789
ENSG00000011243.19,AKAP8L,2727,1954,2480,2438,3795,1612,2021
ENSG00000011258.16,MBTD1,779,1180,444,764,1627,562,737
ENSG00000011260.14,UTP18,808,587,674,741,851,753,613
ENSG00000011275.19,RNF216,2774,2354,2205,2488,2984,2814,2661
ENSG00000011295.16,TTC19,1008,770,1267,877,1209,824,754
ENSG00000011304.22,PTBP1,7573,7502,6878,8626,12172,8025,8661
ENSG00000011332.22,DPF1,110,86,121,112,291,95,116
ENSG00000011347.10,SYT7,27,328,8,48,137,36,60
ENSG00000011376.12,LARS2,1061,988,1042,899,1058,680,739
ENSG00000011405.14,PIK3C2A,3555,2593,2186,3166,3663,3126,3036
ENSG00000011422.12,PLAUR,984,391,3246,1843,545,1954,1418
ENSG00000011426.11,ANLN,1148,4855,3026,3280,1957,724,894
ENSG00000011451.21,WIZ,3160,2447,2182,2646,5182,3191,3470
ENSG00000011454.18,RABGAP1,2708,2380,1784,2304,3234,1922,2064
ENSG00000011465.18,DCN,302,11634,10,136,4113,793,339
ENSG00000011478.13,QPCTL,773,351,802,620,336,682,479
ENSG00000011485.15,PPP5C,2318,1802,2218,2434,2320,1875,2042
ENSG00000011523.15,CEP68,486,904,471,416,993,364,391
ENSG00000011566.15,MAP4K3,2259,1483,1077,1630,2290,2099,1997
ENSG00000011638.11,LDAF1,377,353,468,312,311,324,304
ENSG00000011677.13,GABRA3,76,6,42,36,59,139,69
ENSG00000012048.25,BRCA1,190,689,295,420,551,123,181
ENSG00000012061.17,ERCC1,1890,1450,1239,1485,1997,1122,1287
ENSG00000012171.20,SEMA3B,346,804,180,153,340,159,169
ENSG00000012174.12,MBTPS2,1300,1003,1096,1082,1302,1066,1020
ENSG00000012211.13,PRICKLE3,190,127,208,230,147,174,190
ENSG00000012232.10,EXTL3,4388,6487,5017,4123,5255,4114,3852
ENSG00000012660.14,ELOVL5,2562,3179,3497,3097,3093,2619,1932
ENSG00000012779.12,ALOX5,142,7,31,60,4,81,14
ENSG00000012817.16,KDM5D,2049,0,1,1887,1,0,0
ENSG00000012822.16,CALCOCO1,3091,2662,2020,1839,3696,2027,1943
ENSG00000012963.15,UBR7,876,1021,749,859,1254,570,562
ENSG00000012983.12,MAP4K5,3193,3033,2537,2769,4172,3254,2576
ENSG00000013016.16,EHD3,1430,792,830,1129,1468,1874,1626
ENSG00000013275.8,PSMC4,2563,1394,2710,2714,2244,2100,2239
ENSG00000013288.9,MAN2B2,4652,2324,4413,1843,2808,4168,2587
ENSG00000013297.12,CLDN11,17,15,15,6,21,60,29
ENSG00000013306.16,SLC25A39,3010,2228,2286,2292,3291,2414,2023
ENSG00000013364.19,MVP,3499,1569,4814,3415,1066,3513,1800
ENSG00000013374.17,NUB1,1498,1361,1187,1492,1843,1160,1124
ENSG00000013375.17,PGM3,5270,2862,3236,4219,2790,4773,3395
ENSG00000013392.8,RWDD2A,558,248,383,318,416,314,346
ENSG00000013441.17,CLK1,1299,1167,1153,1130,944,676,698
ENSG00000013503.10,POLR3B,447,375,343,447,453,488,363
ENSG00000013523.11,ANGEL1,1002,866,706,658,1334,606,578
ENSG00000013561.18,RNF14,2380,676,1662,1960,1232,2166,1763
ENSG00000013563.14,DNASE1L1,2328,825,2262,1252,862,1676,1934
ENSG00000013573.17,DDX11,381,777,587,585,584,297,180
ENSG00000013583.10,HEBP1,629,908,614,532,802,558,441
ENSG00000013588.9,GPRC5A,179,274,160,123,39,105,73
ENSG00000013619.15,MAMLD1,200,199,340,277,313,201,387
ENSG00000013725.14,CD6,61,54,66,198,82,58,26
ENSG00000013810.21,TACC3,934,2861,1979,2099,2288,511,594
ENSG00000014123.10,UFL1,1278,1063,837,949,1375,1205,1022
ENSG00000014138.10,POLA2,96,142,156,151,132,68,63
ENSG00000014164.7,ZC3H3,673,669,458,660,1090,550,789
ENSG00000014216.16,CAPN1,4810,3481,4672,4057,3686,4391,3635
ENSG00000014641.21,MDH1,4516,2447,3175,3806,3359,3339,3070
ENSG00000014824.14,SLC30A9,3123,1869,2317,2286,2794,2625,2402
ENSG00000014914.21,MTMR11,533,642,360,373,591,260,185
ENSG00000014919.13,COX15,556,450,561,486,430,326,347
ENSG00000015133.20,CCDC88C,376,171,343,304,481,181,238
ENSG00000015153.15,YAF2,505,355,375,353,511,467,415
ENSG00000015171.21,ZMYND11,2805,2628,1861,2288,3532,2211,1863
ENSG00000015475.19,BID,598,282,920,561,560,543,541
ENSG00000015479.20,MATR3,74,105,72,76,129,52,83
ENSG00000015532.10,XYLT2,1799,1666,1932,1497,1672,1534,1422
ENSG00000015676.18,NUDCD3,2876,2529,2736,2505,2828,2255,2049
ENSG00000016082.15,ISL1,148,1,20,2,19,27,49
ENSG00000016391.11,CHDH,7,133,26,35,74,17,21
ENSG00000016864.19,GLT8D1,2864,2082,2571,2207,2437,2518,1782
ENSG00000017260.20,ATP2C1,4720,2398,5674,3987,3945,4822,3145
ENSG00000017427.17,IGF1,28,18,2,7,98,39,53
ENSG00000017483.16,SLC38A5,851,9,190,397,31,690,133
ENSG00000017797.13,RALBP1,3070,1915,1869,2271,2762,2489,2275
ENSG00000018189.13,RUFY3,1506,1240,1180,1145,1302,1057,965
ENSG00000018236.15,CNTN1,140,239,51,45,101,44,45
ENSG00000018408.15,WWTR1,4847,2489,2899,4973,7423,6508,4605
ENSG00000018510.18,AGPS,2471,1532,1844,2222,1575,2173,1642
ENSG00000018610.15,STEEP1,541,426,455,482,563,381,385
ENSG00000018625.15,ATP1A2,551,744,40,131,1168,102,118
ENSG00000018699.13,TTC27,666,362,409,551,380,408,309
ENSG00000018869.18,ZNF582,96,103,71,70,119,73,69
ENSG00000019144.20,PHLDB1,10367,4319,8038,8475,11254,9261,9025
ENSG00000019485.14,PRDM11,589,1136,295,476,1097,668,577
ENSG00000019505.8,SYT13,102,133,79,104,198,203,75
ENSG00000019549.13,SNAI2,1363,2752,1118,2208,3512,1837,3172
ENSG00000019582.17,CD74,774,356,402,277,367,531,232
ENSG00000019991.18,HGF,0,28,0,2,456,11,5
ENSG00000019995.6,ZRANB1,1609,1322,1021,1297,2108,1383,1186
ENSG00000020129.16,NCDN,2047,931,1426,1508,1477,1805,1770
ENSG00000020181.18,ADGRA2,11788,12263,4638,8191,11709,9358,10080
ENSG00000020256.20,ZFP64,742,582,536,648,737,584,598
ENSG00000020426.11,MNAT1,464,347,362,421,493,383,313
ENSG00000020577.14,SAMD4A,2151,1183,1936,2200,2629,2490,1610
ENSG00000020633.19,RUNX3,5,0,5,21,365,29,46
ENSG00000020922.13,MRE11,534,889,568,676,872,429,471
ENSG00000021300.14,PLEKHB1,538,96,84,103,462,117,104
ENSG00000021355.13,SERPINB1,250,130,219,198,175,273,198
ENSG00000021574.14,SPAST,1082,894,731,895,1706,984,701
ENSG00000021645.20,NRXN3,288,133,518,360,59,151,365
ENSG00000021762.20,OSBPL5,1137,1447,442,753,3224,800,658
ENSG00000021776.11,AQR,1576,1860,1122,1624,2171,1577,1403
ENSG00000021826.18,CPS1,513,1259,238,402,466,128,145
ENSG00000022267.19,FHL1,3162,7595,4694,5102,4702,3203,5841
ENSG00000022277.13,RTF2,2193,1345,1666,1749,1866,1474,1310
ENSG00000022556.16,NLRP2,1,747,2172,263,1276,6,2031
ENSG00000022567.10,SLC45A4,704,285,488,412,568,556,395
ENSG00000022840.17,RNF10,4392,2581,3180,3490,4276,3058,3059
ENSG00000022976.16,ZNF839,295,251,292,223,295,219,162
ENSG00000023041.12,ZDHHC6,592,703,774,704,692,453,423
ENSG00000023171.20,GRAMD1B,497,236,525,355,563,507,654
ENSG00000023191.17,RNH1,3326,1956,3148,2868,2405,2570,2581
ENSG00000023228.14,NDUFS1,3795,2500,2243,3296,2856,3082,2350
ENSG00000023287.13,RB1CC1,2610,1892,1280,1913,3356,2327,2076
ENSG00000023318.9,ERP44,1980,1493,2099,1714,2041,1788,1404
ENSG00000023330.15,ALAS1,1332,961,1136,1287,1354,1019,1126
ENSG00000023445.17,BIRC3,57,3,316,20,9,51,20
ENSG00000023516.9,AKAP11,2229,2235,1463,2004,2253,2636,2082
ENSG00000023572.10,GLRX2,594,247,393,404,439,687,409
ENSG00000023608.5,SNAPC1,261,232,184,229,313,151,151
ENSG00000023697.13,DERA,544,491,471,557,421,407,336
ENSG00000023734.11,STRAP,7305,3855,5300,6493,5806,5992,5686
ENSG00000023892.12,DEF6,24,120,22,22,91,34,18
ENSG00000023902.14,PLEKHO1,1967,2296,1844,2246,3732,1859,2274
ENSG00000023909.10,GCLM,382,370,366,469,399,458,465
ENSG00000024048.11,UBR2,1287,1126,1020,1118,1273,1230,1167
ENSG00000024422.12,EHD2,8182,3782,6203,5092,5293,9499,7237
ENSG00000024526.17,DEPDC1,313,1434,740,923,1102,185,247
ENSG00000024862.18,CCDC28A,238,132,170,180,257,150,145
ENSG00000025039.15,RRAGD,525,139,96,185,678,262,326
ENSG00000025156.13,HSF2,573,642,479,513,820,382,456
ENSG00000025293.17,PHF20,1237,1525,1156,1393,1720,1210,1230
ENSG00000025423.11,HSD17B6,25,5,22,50,24,10,41
ENSG00000025434.19,NR1H3,309,125,137,224,118,86,115
ENSG00000025708.14,TYMP,24,15,64,35,38,61,50
ENSG00000025770.19,NCAPH2,897,1200,980,989,1139,580,582
ENSG00000025772.8,TOMM34,1219,872,1459,1001,1112,1013,1266
ENSG00000025796.14,SEC63,3982,3013,3778,3754,4794,4309,3444
ENSG00000025800.14,KPNA6,2946,2184,2742,2710,2785,2692,2372
ENSG00000026025.16,VIM,185224,65894,165223,162132,104165,157470,149584
ENSG00000026036.23,RTEL1-TNFRSF6B,44,63,68,76,93,39,40
ENSG00000026103.25,FAS,649,315,1657,569,320,1197,764
ENSG00000026297.17,RNASET2,493,125,492,258,238,366,266
ENSG00000026508.21,CD44,709,1428,4304,2137,396,1963,1378
ENSG00000026559.14,KCNG1,226,159,735,551,396,797,762
ENSG00000026652.15,AGPAT4,1607,1617,1676,1883,2163,1107,1529
ENSG00000026950.17,BTN3A1,333,643,340,271,305,185,140
ENSG00000027001.10,MIPEP,455,284,459,459,387,372,341
ENSG00000027075.17,PRKCH,35,288,34,68,85,31,71
ENSG00000027697.16,IFNGR1,926,805,1272,927,906,852,861
ENSG00000027847.14,B4GALT7,1879,754,1535,1102,1219,1511,1111
ENSG00000028116.18,VRK2,618,563,344,627,622,621,459
ENSG00000028137.19,TNFRSF1B,10,259,10,10,34,13,12
ENSG00000028203.19,VEZT,4118,2380,3582,2877,3012,3542,2332
ENSG00000028277.22,POU2F2,774,334,2710,381,542,1503,682
ENSG00000028310.18,BRD9,1258,1084,1383,1456,1287,970,896
ENSG00000028528.15,SNX1,2346,2716,1572,2108,2690,1953,1514
ENSG00000028839.10,TBPL1,617,372,496,566,496,419,477
ENSG00000029153.15,BMAL2,518,122,527,484,175,419,303
ENSG00000029363.17,BCLAF1,3874,3949,3756,3891,5235,4026,3358
ENSG00000029364.12,SLC39A9,3205,1865,2109,2277,2750,2368,1990
ENSG00000029534.22,ANK1,350,20,144,350,53,391,488
ENSG00000029639.11,TFB1M,292,171,231,221,198,239,163
ENSG00000029725.17,RABEP1,3157,2338,1658,2272,3855,2481,1961
ENSG00000029993.15,HMGB3,1421,2272,1499,1878,3423,1075,1341
ENSG00000030066.14,NUP160,1389,2360,1169,1663,2049,1057,1019
ENSG00000030110.14,BAK1,1340,678,1033,1297,1074,1148,1119
ENSG00000030419.17,IKZF2,378,971,199,262,360,209,213
ENSG00000030582.19,GRN,18582,12739,14405,8902,13616,11093,11761
ENSG00000031003.11,FAM13B,1498,1695,965,1194,2294,1552,1384
ENSG00000031081.11,ARHGAP31,1824,1349,1309,2140,1238,2119,2617
ENSG00000031691.7,CENPQ,99,169,128,135,177,93,81
ENSG00000031698.13,SARS1,4908,2396,4166,4733,3043,3897,3489
ENSG00000031823.14,RANBP3,1752,1674,1655,1507,2464,1611,1682
ENSG00000032219.19,ARID4A,720,638,482,663,1099,715,612
ENSG00000032389.13,EIPR1,782,360,775,640,510,581,675
ENSG00000032444.17,PNPLA6,2295,1156,2680,1838,1393,2097,1996
ENSG00000032742.18,IFT88,258,349,206,261,431,213,229
ENSG00000033011.14,ALG1,1033,526,1154,780,725,726,720
ENSG00000033030.16,ZCCHC8,643,666,660,713,590,367,376
ENSG00000033050.9,ABCF2,641,431,839,594,688,571,546
ENSG00000033100.17,CHPF2,8812,4841,6205,5045,7117,7628,6008
ENSG00000033122.21,LRRC7,10,440,6,14,111,7,6
ENSG00000033170.17,FUT8,2985,831,1499,759,876,1911,1122
ENSG00000033178.13,UBA6,2999,1982,2719,2782,2074,3596,2263
ENSG00000033327.13,GAB2,1094,743,545,809,602,501,800
ENSG00000033627.18,ATP6V0A1,3375,982,3019,2357,1512,2201,2086
ENSG00000033800.14,PIAS1,1100,1508,747,926,1753,912,983
ENSG00000033867.17,SLC4A7,2238,1082,1967,2558,1329,2362,2011
ENSG00000034053.15,APBA2,524,1387,822,651,1851,511,663
ENSG00000034152.20,MAP2K3,887,495,1060,1043,676,826,931
ENSG00000034239.11,CLXN,13,29,3,11,81,7,16
ENSG00000034510.6,TMSB10,36911,29900,32139,34645,32917,29551,35205
ENSG00000034533.12,ASTE1,189,147,144,143,191,177,137
ENSG00000034677.13,RNF19A,1214,916,2323,1330,1366,1381,1079
ENSG00000034693.15,PEX3,448,275,332,381,327,354,348
ENSG00000034713.8,GABARAPL2,2785,1253,1646,1915,1863,1703,1443
ENSG00000035115.22,SH3YL1,486,494,360,293,573,270,243
ENSG00000035141.9,FAM136A,1112,667,1085,1142,992,829,742
ENSG00000035403.18,VCL,24319,18984,30821,27502,13458,22862,25099
ENSG00000035499.13,DEPDC1B,120,265,236,258,221,52,95
ENSG00000035681.9,NSMAF,931,999,937,888,1211,787,679
ENSG00000035687.10,ADSS2,2968,952,1793,1971,1569,2278,2184
ENSG00000035862.13,TIMP2,22675,29647,12925,15955,29533,15228,14817
ENSG00000035928.17,RFC1,2004,2081,1412,1941,2442,1807,1430
ENSG00000036054.13,TBC1D23,1480,893,901,1125,1542,1338,1211
ENSG00000036257.14,CUL3,2851,2394,2391,2634,3563,2447,2458
ENSG00000036448.10,MYOM2,57,63,31,9,131,37,30
ENSG00000036530.9,CYP46A1,38,48,24,39,77,28,35
ENSG00000036549.13,ZZZ3,1441,1086,1026,1127,1716,1260,1193
ENSG00000036672.16,USP2,139,112,126,148,175,122,94
ENSG00000037042.9,TUBG2,769,467,541,530,555,373,320
ENSG00000037280.16,FLT4,26,68,253,34,45,49,37
ENSG00000037474.15,NSUN2,2330,1423,2204,2582,2177,2336,2107
ENSG00000037637.11,FBXO42,1179,880,766,957,1277,970,1000
ENSG00000037749.13,MFAP3,2037,1750,1535,1739,2375,1696,1481
ENSG00000037757.14,MRI1,1133,581,817,691,987,642,513
ENSG00000037897.17,METTL1,366,233,364,353,255,286,211
ENSG00000038002.9,AGA,417,344,318,244,495,366,163
ENSG00000038210.14,PI4K2B,810,528,509,690,699,980,445
ENSG00000038219.13,BOD1L1,2140,2522,1152,2050,3047,2396,2240
ENSG00000038274.18,MAT2B,1121,1027,1209,1118,1274,760,980
ENSG00000038295.8,TLL1,2207,1410,1443,1986,2356,1281,548
ENSG00000038358.15,EDC4,2268,1960,1886,2298,2486,1712,1832
ENSG00000038382.23,TRIO,9677,9518,8289,10510,16218,10212,10007
ENSG00000038427.16,VCAN,30978,13179,18921,31419,18406,66019,30003
ENSG00000038532.17,CLEC16A,1592,1413,1065,1243,1487,1412,1230
ENSG00000039068.20,CDH1,148,6,90,5,11,50,3
ENSG00000039123.16,MTREX,1654,1525,1388,1728,1845,1393,1235
ENSG00000039139.11,DNAH5,133,13,252,146,17,133,196
ENSG00000039319.17,ZFYVE16,2075,2506,1250,1778,2818,2066,1454
ENSG00000039523.20,RIPOR1,3207,1705,3495,2967,2145,2740,3012
ENSG00000039560.14,RAI14,9989,4892,5484,7136,11006,6207,8444
ENSG00000039650.12,PNKP,964,974,1209,987,1054,743,708
ENSG00000040199.18,PHLPP2,401,633,427,402,562,391,334
ENSG00000040275.17,SPDL1,650,1498,855,1293,1148,600,604
ENSG00000040341.18,STAU2,1516,1013,1094,1269,1688,1195,1098
ENSG00000040487.13,SLC66A1,873,583,980,741,801,611,712
ENSG00000040531.16,CTNS,862,543,575,497,838,451,503
ENSG00000040608.14,RTN4R,80,346,163,203,473,75,79
ENSG00000040633.13,PHF23,2725,1498,2222,2077,2626,2134,2245
ENSG00000040731.10,CDH10,672,172,684,253,142,1100,331
ENSG00000040933.16,INPP4A,1156,1061,614,892,1979,1009,879
ENSG00000041353.10,RAB27B,58,99,66,15,732,162,81
ENSG00000041357.16,PSMA4,2972,1981,2645,2880,2859,2298,2080
ENSG00000041802.11,LSG1,1038,784,952,1146,1127,1026,1128
ENSG00000041880.15,PARP3,163,125,150,137,142,107,66
ENSG00000041982.17,TNC,15190,28215,34797,23445,22333,8930,46547
ENSG00000041988.16,THAP3,298,312,331,346,488,227,263
ENSG00000042062.13,RIPOR3,39,7,49,25,17,19,10
ENSG00000042088.14,TDP1,679,834,863,727,742,480,607
ENSG00000042286.15,AIFM2,1039,118,517,616,280,540,374
ENSG00000042317.17,SPATA7,226,214,144,159,328,181,147
ENSG00000042429.12,MED17,166,172,179,152,188,131,137
ENSG00000042445.14,RETSAT,1320,927,1528,857,1272,1288,1095
ENSG00000042493.16,CAPG,1630,1189,1137,970,768,852,558
ENSG00000042753.12,AP2S1,2709,1588,2031,2427,2195,2107,1876
ENSG00000042832.12,TG,7,27,13,6,36,9,9
ENSG00000042980.14,ADAM28,40,4,9,18,17,31,12
ENSG00000043093.15,DCUN1D1,1197,812,831,815,1256,927,817
ENSG00000043143.22,JADE2,697,469,861,394,299,630,586
ENSG00000043355.12,ZIC2,848,2067,265,724,1950,528,409
ENSG00000043514.17,TRIT1,381,273,407,405,350,227,320
ENSG00000044090.13,CUL7,2519,3770,2067,1654,3860,1483,1557
ENSG00000044115.21,CTNNA1,13710,11693,13020,12767,15455,13193,12729
ENSG00000044446.12,PHKA2,647,751,617,654,700,479,329
ENSG00000044459.15,CNTLN,305,725,248,253,620,246,239
ENSG00000044524.11,EPHA3,133,928,20,25,891,286,90
ENSG00000044574.9,HSPA5,25512,13065,29263,27135,28401,27412,22028
ENSG00000046604.14,DSG2,7487,2196,7328,6009,2595,10189,9642
ENSG00000046647.14,GEMIN8,320,423,284,240,444,329,344
ENSG00000046651.16,OFD1,751,707,711,745,972,1065,850
ENSG00000046653.15,GPM6B,177,333,246,561,421,299,456
ENSG00000046889.19,PREX2,127,32,67,232,26,192,92
ENSG00000047056.18,WDR37,1262,805,1196,1182,1301,1479,1137
ENSG00000047188.16,YTHDC2,1089,1151,1150,1007,1478,1046,1022
ENSG00000047230.15,CTPS2,991,1809,980,871,1952,1401,879
ENSG00000047249.18,ATP6V1H,1987,744,1533,1534,1243,1393,1334
ENSG00000047315.17,POLR2B,4416,4356,4701,4806,5262,3668,4195
ENSG00000047346.13,ATOSA,1494,774,823,1120,1410,1411,1125
ENSG00000047365.13,ARAP2,491,35,816,141,57,1135,314
ENSG00000047410.14,TPR,5332,6745,4330,5507,7348,5209,4654
ENSG00000047457.14,CP,14,10,3,10,33,1,143
ENSG00000047578.14,KATNIP,773,721,665,732,996,743,739
ENSG00000047579.20,DTNBP1,485,460,436,353,589,307,321
ENSG00000047621.12,C12orf4,845,656,605,700,831,631,560
ENSG00000047634.15,SCML1,189,239,256,224,196,106,189
ENSG00000047644.20,WWC3,2568,2834,2258,1681,2739,1995,3524
ENSG00000047648.23,ARHGAP6,6,97,5,20,31,15,19
ENSG00000047849.22,MAP4,21372,12422,15484,20544,14607,20070,19147
ENSG00000047932.14,GOPC,2599,1220,1351,1209,2189,2560,1737
ENSG00000047936.11,ROS1,45,0,0,1,1,44,3
ENSG00000048028.12,USP28,919,1568,496,1095,1144,595,829
ENSG00000048052.25,HDAC9,483,227,1013,713,635,377,823
ENSG00000048140.18,TSPAN17,2080,1690,1917,1734,2493,1733,1393
ENSG00000048162.22,NOP16,525,201,797,648,329,501,450
ENSG00000048342.18,CC2D2A,943,857,439,681,972,606,595
ENSG00000048392.13,RRM2B,3760,916,2422,2065,2179,4006,2858
ENSG00000048405.11,ZNF800,411,307,327,372,589,543,442
ENSG00000048471.14,SNX29,713,836,394,545,1345,766,803
ENSG00000048540.16,LMO3,32,74,10,3,27,7,38
ENSG00000048649.14,RSF1,2399,2525,1325,2180,3509,2724,2489
ENSG00000048707.15,VPS13D,1323,1750,1006,1211,1673,1783,1373
ENSG00000048740.19,CELF2,1876,1272,1825,2786,839,3383,1442
ENSG00000048828.18,FAM120A,3389,2631,3059,3292,3058,3360,2574
ENSG00000048991.18,R3HDM1,1726,1423,1165,1623,2322,1572,1458
ENSG00000049089.15,COL9A2,479,1880,126,233,10345,271,240
ENSG00000049130.16,KITLG,95,1614,530,211,827,252,329
ENSG00000049167.16,ERCC8,634,463,378,543,692,499,351
ENSG00000049192.15,ADAMTS6,931,424,458,623,3514,936,592
ENSG00000049239.13,H6PD,2124,2904,1317,700,2151,1312,1439
ENSG00000049245.13,VAMP3,5151,1666,3610,3573,2449,3589,3185
ENSG00000049246.15,PER3,246,250,64,134,315,109,89
ENSG00000049249.10,TNFRSF9,150,5,781,190,4,19,523
ENSG00000049323.16,LTBP1,3169,1582,1728,1046,7974,2890,1795
ENSG00000049449.10,RCN1,7091,4271,10088,6144,5399,8789,7401
ENSG00000049540.19,ELN,7939,1668,36,2346,7160,1905,337
ENSG00000049541.11,RFC2,519,734,502,688,731,320,366
ENSG00000049618.25,ARID1B,2718,2906,1569,2210,5410,2916,3046
ENSG00000049656.14,CLPTM1L,4210,2087,5025,3760,3226,3650,3059
ENSG00000049759.20,NEDD4L,980,944,1614,954,817,900,694
ENSG00000049769.14,PPP1R3F,246,197,125,152,406,245,199
ENSG00000049860.14,HEXB,3269,2358,3402,2135,3056,3209,2062
ENSG00000049883.15,PTCD2,283,273,282,235,301,238,188
ENSG00000050030.16,NEXMIF,18,11,18,10,105,66,146
ENSG00000050130.18,JKAMP,2489,1071,2104,1799,1508,1687,1424
ENSG00000050165.19,DKK3,14428,4377,17202,8106,8723,12928,14657
ENSG00000050327.15,ARHGEF5,251,75,140,146,157,203,104
ENSG00000050344.9,NFE2L3,1553,511,3074,1072,932,1738,1140
ENSG00000050393.12,MCUR1,1168,742,595,1000,1078,956,933
ENSG00000050405.14,LIMA1,4101,4132,3391,3781,3428,3312,3214
ENSG00000050426.16,LETMD1,793,685,569,558,622,466,390
ENSG00000050438.17,SLC4A8,308,369,255,165,388,240,204
ENSG00000050555.19,LAMC3,23,2928,11,801,2135,43,191
ENSG00000050628.21,PTGER3,38,90,48,11,75,133,49
ENSG00000050730.16,TNIP3,9,32,5,5,290,4,5
ENSG00000050748.18,MAPK9,1520,1111,1121,1401,1637,1389,1126
ENSG00000050767.18,COL23A1,9,324,3,10,416,3,5
ENSG00000050820.17,BCAR1,11387,7546,11840,7364,6704,12722,12583
ENSG00000051009.11,FHIP1B,780,602,614,683,743,516,501
ENSG00000051108.15,HERPUD1,3608,1022,3099,4341,2167,3792,3871
ENSG00000051128.19,HOMER3,867,797,917,416,1418,954,1139
ENSG00000051180.17,RAD51,165,386,247,397,263,116,125
ENSG00000051341.15,POLQ,139,528,263,344,348,81,105
ENSG00000051382.9,PIK3CB,1103,263,665,790,347,928,659
ENSG00000051523.12,CYBA,5865,975,6087,2195,1416,5541,3474
ENSG00000051596.10,THOC3,363,228,248,364,443,330,335
ENSG00000051620.11,HEBP2,1041,425,604,791,941,1075,570
ENSG00000051825.15,MPHOSPH9,627,787,413,618,733,434,380
ENSG00000052126.17,PLEKHA5,1866,2629,928,1481,3069,1659,1281
ENSG00000052723.12,SIKE1,1442,1403,921,1275,1686,1309,1318
ENSG00000052749.14,RRP12,1191,782,1492,1279,1100,1199,1202
ENSG00000052795.13,FNIP2,1144,1108,541,798,1084,900,1180
ENSG00000052802.13,MSMO1,5576,3204,7848,6684,4723,3398,4954
ENSG00000052841.16,TTC17,2988,3370,2195,1946,3855,2342,1880
ENSG00000052850.8,ALX4,2,3604,0,32,1144,0,0
ENSG00000053254.16,FOXN3,5376,3323,2183,3887,5098,3687,3166
ENSG00000053328.9,METTL24,95,172,59,42,120,55,74
ENSG00000053371.13,AKR7A2,1185,773,862,820,1211,776,862
ENSG00000053372.5,MRTO4,1080,694,1396,1419,866,878,832
ENSG00000053438.11,NNAT,1,3316,1035,1210,6814,0,108
ENSG00000053501.14,USE1,479,278,375,273,327,181,210
ENSG00000053702.15,NRIP2,5,162,1,25,160,14,31
ENSG00000053770.12,AP5M1,1624,1029,1316,1415,1473,1568,1614
ENSG00000053900.11,ANAPC4,702,581,661,599,606,492,364
ENSG00000054116.12,TRAPPC3,2194,1161,1690,1576,2084,1567,1472
ENSG00000054118.15,THRAP3,4346,4676,3517,4811,5484,3803,3758
ENSG00000054148.18,PHPT1,3089,1405,2345,1802,1832,2208,2229
ENSG00000054267.22,ARID4B,1978,1647,1233,1491,2392,1612,1344
ENSG00000054277.14,OPN3,1856,1092,1175,1346,1747,1280,1508
ENSG00000054282.16,SDCCAG8,670,434,686,618,635,685,463
ENSG00000054356.14,PTPRN,1955,66,1921,1026,359,4322,3388
ENSG00000054392.13,HHAT,766,578,690,642,842,586,403
ENSG00000054523.20,KIF1B,4330,4022,2921,4078,4844,4104,3927
ENSG00000054598.9,FOXC1,12,1784,22,108,3133,63,65
ENSG00000054611.14,TBC1D22A,976,611,570,750,821,862,774
ENSG00000054654.20,SYNE2,270,2058,386,455,1668,305,327
ENSG00000054690.14,PLEKHH1,237,48,346,147,118,201,155
ENSG00000054793.14,ATP9A,2332,3322,1526,1301,4310,2257,1414
ENSG00000054965.11,FAM168A,2806,2611,1658,2200,5427,3013,2495
ENSG00000054967.13,RELT,151,153,394,208,218,125,204
ENSG00000054983.17,GALC,2709,2430,1577,1439,3277,1976,1276
ENSG00000055044.11,NOP58,1167,987,1286,1392,1103,964,882
ENSG00000055070.17,SZRD1,5686,5340,4839,5920,6767,6002,7109
ENSG00000055118.17,KCNH2,511,276,47,68,1450,188,160
ENSG00000055130.18,CUL1,2059,1782,1665,1840,2582,1923,1875
ENSG00000055147.19,FAM114A2,791,692,498,663,899,592,513
ENSG00000055163.21,CYFIP2,4402,1495,3440,1984,2495,3842,2734
ENSG00000055208.20,TAB2,4053,3544,2571,2933,5985,3851,3699
ENSG00000055211.14,GINM1,1939,1107,1651,1225,1247,1611,1072
ENSG00000055332.19,EIF2AK2,1926,2060,1483,3186,4114,1918,1468
ENSG00000055483.20,USP36,1314,1015,1138,1274,1378,1357,1019
ENSG00000055609.21,KMT2C,1725,2532,931,1388,2425,2107,1923
ENSG00000055813.6,CCDC85A,403,163,152,87,83,289,288
ENSG00000055917.17,PUM2,2613,2704,1708,2270,3917,2164,2116
ENSG00000056050.7,HPF1,410,512,381,425,750,337,357
ENSG00000056097.16,ZFR,4214,3006,2879,3505,4636,3817,3455
ENSG00000056277.16,ZNF280C,173,251,122,150,336,173,147
ENSG00000056291.19,NPFFR2,114,8,321,61,16,146,134
ENSG00000056487.16,PHF21B,24,82,42,52,206,26,85
ENSG00000056558.11,TRAF1,207,108,235,288,173,96,87
ENSG00000056586.16,RC3H2,3857,2696,2392,3457,3898,3673,3420
ENSG00000056972.21,TRAF3IP2,404,312,300,433,575,312,315
ENSG00000056998.21,GYG2,881,2835,777,486,1682,1146,1139
ENSG00000057019.16,DCBLD2,24075,4146,56040,17739,5888,49858,27051
ENSG00000057252.13,SOAT1,1594,1188,1961,1567,1197,1459,931
ENSG00000057294.18,PKP2,603,222,507,444,174,1031,479
ENSG00000057608.17,GDI2,10526,6931,7766,9275,9480,8956,8342
ENSG00000057657.17,PRDM1,94,5,40,42,53,134,98
ENSG00000057663.16,ATG5,1044,566,730,754,798,805,675
ENSG00000057704.13,TMCC3,60,269,75,71,110,32,44
ENSG00000057757.10,PITHD1,1173,830,874,860,945,881,751
ENSG00000057935.14,MTA3,2251,1422,1190,1569,2275,1614,1465
ENSG00000058056.10,USP13,284,552,393,429,480,285,305
ENSG00000058063.16,ATP11B,1294,1936,991,1082,2545,1289,797
ENSG00000058085.15,LAMC2,69,49,375,854,98,80,90
ENSG00000058091.17,CDK14,1159,1676,651,955,2823,1233,832
ENSG00000058262.11,SEC61A1,24478,13847,22940,20861,19826,21867,17610
ENSG00000058272.19,PPP1R12A,3137,2888,2120,2934,3532,2598,2615
ENSG00000058335.16,RASGRF1,51,109,114,227,25,53,331
ENSG00000058453.17,CROCC,640,1093,690,615,1605,524,404
ENSG00000058600.16,POLR3E,979,719,835,915,1439,937,748
ENSG00000058668.16,ATP2B4,9602,7005,14059,5681,7384,10714,7592
ENSG00000058729.11,RIOK2,1101,602,849,942,906,881,780
ENSG00000058799.15,YIPF1,1065,724,886,675,895,758,591
ENSG00000058804.12,NDC1,769,1124,1223,1081,1144,677,669
ENSG00000059122.17,FLYWCH1,1777,1010,1675,1208,1606,1355,1650
ENSG00000059145.19,UNKL,441,467,361,387,689,299,302
ENSG00000059377.19,TBXAS1,29,21,49,62,26,47,49
ENSG00000059378.13,PARP12,41,62,142,285,54,19,14
ENSG00000059573.9,ALDH18A1,4760,3772,3969,4280,4258,4098,3195
ENSG00000059588.10,TARBP1,771,615,663,612,545,453,326
ENSG00000059691.12,GATB,542,367,487,473,460,353,436
ENSG00000059728.11,MXD1,748,205,531,568,470,793,606
ENSG00000059758.8,CDK17,999,715,878,898,1157,1248,1158
ENSG00000059769.20,DNAJC25,370,269,334,312,370,393,256
ENSG00000059804.17,SLC2A3,1742,1899,2131,1893,2439,2313,3026
ENSG00000059915.17,PSD,540,185,227,212,792,474,312
ENSG00000060069.18,CTDP1,967,680,764,835,1424,1005,1087
ENSG00000060138.13,YBX3,4007,2085,3402,3319,3590,4613,4463
ENSG00000060140.9,STYK1,38,8,42,19,4,44,22
ENSG00000060237.19,WNK1,15292,8315,4576,8265,24894,14100,13145
ENSG00000060339.14,CCAR1,2864,2754,2736,3091,2931,2463,2365
ENSG00000060491.17,OGFR,1082,930,952,1359,2372,1129,1044
ENSG00000060642.12,PIGV,336,220,226,200,244,199,161
ENSG00000060656.20,PTPRU,2901,2011,1610,1642,6189,2185,2371
ENSG00000060688.13,SNRNP40,797,942,843,944,1227,679,715
ENSG00000060709.17,RIMBP2,76,134,27,73,322,159,100
ENSG00000060718.22,COL11A1,76219,52574,29402,56749,104794,93434,60178
ENSG00000060749.17,QSER1,1354,2421,1338,1611,2770,1519,1652
ENSG00000060762.20,MPC1,1435,279,481,754,791,1062,787
ENSG00000060971.19,ACAA1,1569,833,1349,1221,1294,1164,895
ENSG00000060982.15,BCAT1,17155,7779,9925,13341,14179,20864,16572
ENSG00000061273.18,HDAC7,3559,3856,3845,3617,3854,2687,3823
ENSG00000061337.16,LZTS1,1518,2375,1288,1694,5596,1468,2423
ENSG00000061455.11,PRDM6,24,24,5,14,44,13,25
ENSG00000061676.16,NCKAP1,9135,6635,5900,7400,8457,8114,7940
ENSG00000061918.14,GUCY1B1,184,108,127,225,246,167,325
ENSG00000061936.10,SFSWAP,1169,1414,981,1065,1702,1007,882
ENSG00000061938.21,TNK2,1174,931,1119,990,1732,952,800
ENSG00000061987.16,MON2,1828,2006,994,1567,2063,1719,1289
ENSG00000062038.15,CDH3,221,430,158,139,486,317,62
ENSG00000062194.16,GPBP1,1930,1955,1313,1661,2597,1478,1325
ENSG00000062282.15,DGAT2,19,29,18,15,31,25,6
ENSG00000062370.17,ZNF112,172,200,179,159,300,175,123
ENSG00000062485.19,CS,5560,4037,5382,6058,4404,3731,4114
ENSG00000062598.18,ELMO2,1613,1589,1387,1586,1884,1362,1408
ENSG00000062650.20,WAPL,2117,1643,1426,2013,2346,2121,2092
ENSG00000062716.13,VMP1,5756,3219,6227,5280,4502,4142,4249
ENSG00000062725.10,APPBP2,2189,1925,1774,1955,2526,2225,1916
ENSG00000062822.16,POLD1,477,1049,712,782,749,292,486
ENSG00000063046.18,EIF4B,8726,11429,4999,7769,10656,6595,5781
ENSG00000063127.16,SLC6A16,119,173,110,134,207,72,115
ENSG00000063169.12,BICRA,507,529,420,437,1180,620,805
ENSG00000063176.16,SPHK2,1276,447,860,901,1069,921,1057
ENSG00000063180.9,CA11,527,637,369,145,500,270,104
ENSG00000063241.8,ISOC2,1628,520,1099,964,1009,1166,1445
ENSG00000063244.14,U2AF2,4811,4283,4708,4664,6377,4641,5172
ENSG00000063245.15,EPN1,4677,2984,2904,3528,6001,4427,4529
ENSG00000063322.15,MED29,1661,1369,1031,1331,2015,1667,1345
ENSG00000063587.15,ZNF275,1164,1037,691,1096,1433,1329,1245
ENSG00000063601.17,MTMR1,997,682,906,952,780,804,691
ENSG00000063660.9,GPC1,7934,6151,15566,7526,14452,12806,15483
ENSG00000063761.16,ADCK1,282,180,248,187,272,164,204
ENSG00000063854.13,HAGH,1571,502,1190,925,1023,907,806
ENSG00000063978.17,RNF4,2000,1547,1658,1770,2280,1774,1629
ENSG00000064012.24,CASP8,226,364,235,417,402,304,240
ENSG00000064042.18,LIMCH1,429,1265,299,154,4612,264,325
ENSG00000064102.15,INTS13,992,525,731,922,822,665,684
ENSG00000064115.11,TM7SF3,2974,1218,3332,2065,2337,3095,1881
ENSG00000064195.7,DLX3,24,9,0,8,272,40,11
ENSG00000064199.7,SPA17,166,160,136,168,225,127,125
ENSG00000064225.13,ST3GAL6,76,40,27,36,46,41,32
ENSG00000064300.9,NGFR,23,28,58,48,128,15,89
ENSG00000064309.16,CDON,776,6899,557,1399,7392,521,757
ENSG00000064313.13,TAF2,1328,1234,952,1282,1569,1093,1139
ENSG00000064393.16,HIPK2,4721,4395,2239,5173,5111,8457,6663
ENSG00000064419.14,TNPO3,2622,2226,2177,2526,2623,2307,2066
ENSG00000064490.14,RFXANK,989,802,873,677,1102,681,737
ENSG00000064545.15,TMEM161A,723,606,763,545,723,440,487
ENSG00000064547.14,LPAR2,521,690,711,566,1162,291,431
ENSG00000064601.21,CTSA,5349,3318,3436,2653,3353,3649,2779
ENSG00000064607.17,SUGP2,3878,3775,4049,4312,4095,2452,2677
ENSG00000064651.14,SLC12A2,881,904,998,830,769,986,907
ENSG00000064652.11,SNX24,612,483,497,427,505,601,480
ENSG00000064655.19,EYA2,5,296,7,10,840,37,58
ENSG00000064666.15,CNN2,13376,9535,11427,13746,13548,11469,15042
ENSG00000064687.13,ABCA7,542,317,416,228,383,304,192
ENSG00000064692.20,SNCAIP,59,286,20,38,426,41,56
ENSG00000064703.13,DDX20,594,618,679,679,1003,560,734
ENSG00000064726.10,BTBD1,3438,2015,2571,2401,2631,3465,3033
ENSG00000064763.12,FAR2,32,710,161,531,570,42,44
ENSG00000064932.16,SBNO2,1296,1817,1364,1387,1595,1209,1228
ENSG00000064933.19,PMS1,542,549,518,462,622,404,327
ENSG00000064961.19,HMG20B,2147,1832,2091,1852,3144,1709,1804
ENSG00000064989.13,CALCRL,208,645,25,108,276,72,145
ENSG00000064995.19,TAF11,1346,1175,897,1101,1477,778,823
ENSG00000064999.16,ANKS1A,1474,1547,881,1203,2481,1317,1204
ENSG00000065000.20,AP3D1,8522,5164,6118,6924,7745,8159,6938
ENSG00000065029.15,ZNF76,843,823,629,633,939,475,531
ENSG00000065054.14,NHERF2,1419,1089,1084,1851,2724,1439,1202
ENSG00000065057.9,NTHL1,186,353,280,278,396,137,175
ENSG00000065060.18,BLTP3A,933,756,602,1067,1114,934,815
ENSG00000065135.12,GNAI3,3651,2590,3420,3802,3297,3418,3029
ENSG00000065150.21,IPO5,6392,6566,6992,7236,5943,5961,5413
ENSG00000065154.12,OAT,5291,2208,3075,3988,2849,4368,3531
ENSG00000065183.16,WDR3,1069,909,942,1173,1156,1010,846
ENSG00000065243.20,PKN2,1591,1556,1541,1536,1555,1324,1178
ENSG00000065268.11,WDR18,741,768,837,657,1023,891,833
ENSG00000065308.5,TRAM2,8845,3646,4761,7131,4190,6757,5796
ENSG00000065320.9,NTN1,409,250,885,519,668,1223,296
ENSG00000065325.13,GLP2R,144,175,34,85,637,25,104
ENSG00000065328.17,MCM10,156,578,220,354,423,52,65
ENSG00000065357.20,DGKA,1553,906,2011,1615,1026,1159,1184
ENSG00000065361.17,ERBB3,17,28,35,34,778,14,27
ENSG00000065413.20,ANKRD44,136,332,81,70,360,181,102
ENSG00000065427.15,KARS1,3821,2584,3501,3880,3673,3506,3419
ENSG00000065457.11,ADAT1,861,852,716,780,1289,733,853
ENSG00000065485.20,PDIA5,1806,1027,1780,1532,939,1839,1419
ENSG00000065491.8,TBC1D22B,441,404,390,393,499,381,357
ENSG00000065518.8,NDUFB4,1610,905,1136,1133,1679,1268,1154
ENSG00000065526.13,SPEN,1878,3310,1216,2014,3255,2198,2434
ENSG00000065534.20,MYLK,15394,3534,10211,9454,3392,9684,9420
ENSG00000065548.18,ZC3H15,2080,1334,1769,1899,1833,1736,1529
ENSG00000065559.15,MAP2K4,1738,1301,1297,1179,1973,1676,1342
ENSG00000065600.13,PACC1,758,350,767,584,818,440,447
ENSG00000065609.15,SNAP91,27,40,39,19,48,21,51
ENSG00000065613.15,SLK,2033,1786,1433,1777,2494,2256,1660
ENSG00000065615.14,CYB5R4,471,250,445,387,307,409,329
ENSG00000065665.21,SEC61A2,507,364,473,434,517,372,369
ENSG00000065675.16,PRKCQ,29,18,35,20,101,41,44
ENSG00000065717.16,TLE2,1,50,4,1,140,6,2
ENSG00000065802.12,ASB1,2137,968,1236,1591,920,1635,1189
ENSG00000065809.14,FAM107B,3373,1507,1212,1361,2931,2126,1393
ENSG00000065833.9,ME1,2238,306,959,1979,665,1568,1375
ENSG00000065882.18,TBC1D1,1763,2284,1720,1876,2786,2042,1706
ENSG00000065883.18,CDK13,2372,1705,1522,1791,2916,2518,1938
ENSG00000065911.13,MTHFD2,2750,1001,2256,3724,1556,2720,2584
ENSG00000065923.10,SLC9A7,821,34,544,198,42,882,412
ENSG00000065970.9,FOXJ2,807,920,623,737,1365,958,813
ENSG00000065978.19,YBX1,18502,11892,13690,19856,24688,20758,21329
ENSG00000065989.16,PDE4A,257,321,147,255,430,279,220
ENSG00000066027.12,PPP2R5A,683,530,575,520,629,645,564
ENSG00000066032.19,CTNNA2,177,13,22,51,80,81,68
ENSG00000066044.15,ELAVL1,2568,2789,2663,2864,3569,2154,2388
ENSG00000066056.14,TIE1,3,116,27,29,35,8,13
ENSG00000066084.13,DIP2B,2969,3059,1540,2455,4002,3630,2760
ENSG00000066117.15,SMARCD1,2449,2634,2176,2688,3381,1916,2343
ENSG00000066135.13,KDM4A,1592,1415,1251,1391,2021,1386,1313
ENSG00000066136.21,NFYC,1085,1276,961,947,1617,897,1010
ENSG00000066230.12,SLC9A3,26,17,16,19,39,29,30
ENSG00000066279.19,ASPM,397,3734,1004,1430,2336,388,475
ENSG00000066322.15,ELOVL1,3130,1244,5244,3174,1581,3120,2625
ENSG00000066379.15,POLR1H,275,298,256,349,291,143,146
ENSG00000066382.17,MPPED2,20,455,5,7,104,55,46
ENSG00000066422.7,ZBTB11,792,656,634,735,820,824,600
ENSG00000066427.25,ATXN3,419,338,282,372,458,295,291
ENSG00000066455.13,GOLGA5,2379,1428,1257,1791,2053,2195,1727
ENSG00000066468.24,FGFR2,781,2862,334,1180,3939,362,679
ENSG00000066557.6,LRRC40,794,803,583,811,1120,670,708
ENSG00000066583.12,ISOC1,356,183,270,284,314,295,233
ENSG00000066629.19,EML1,909,1001,571,857,1813,1086,721
ENSG00000066651.20,TRMT11,338,340,312,313,268,285,232
ENSG00000066654.14,THUMPD1,1290,1575,1033,1109,2000,1083,919
ENSG00000066697.15,MSANTD3,1317,705,1166,1139,1237,1347,1109
ENSG00000066735.16,KIF26A,162,7,87,22,127,188,66
ENSG00000066739.12,ATG2B,1207,1389,749,1070,1546,1183,991
ENSG00000066777.9,ARFGEF1,2354,1513,1382,1940,2092,2260,1994
ENSG00000066813.14,ACSM2B,288,10,10,365,23,46,33
ENSG00000066827.16,ZFAT,351,233,237,243,297,270,276
ENSG00000066855.16,MTFR1,1092,512,660,758,782,880,767
ENSG00000066926.13,FECH,1117,737,610,775,984,803,609
ENSG00000066933.17,MYO9A,993,1176,644,985,1303,1161,795
ENSG00000067048.17,DDX3Y,2196,0,1,2039,1,1,2
ENSG00000067057.19,PFKP,28785,3572,21299,19926,3165,14577,13121
ENSG00000067064.13,IDI1,3599,2574,4076,5220,4283,2227,3278
ENSG00000067066.17,SP100,839,771,816,1199,556,497,327
ENSG00000067082.15,KLF6,5023,2553,4577,5003,3369,5031,4488
ENSG00000067113.17,PLPP1,2535,905,872,1047,3104,1710,1727
ENSG00000067141.17,NEO1,2865,3023,4827,1736,3811,3784,3038
ENSG00000067167.8,TRAM1,6885,3634,5477,5413,4560,6823,5216
ENSG00000067177.15,PHKA1,521,296,367,328,350,517,302
ENSG00000067182.9,TNFRSF1A,3308,3455,3895,2288,2628,3362,3580
ENSG00000067191.17,CACNB1,258,187,313,259,311,210,223
ENSG00000067208.17,EVI5,1998,874,976,1116,1358,2484,1547
ENSG00000067221.14,STOML1,603,278,669,416,527,334,294
ENSG00000067225.21,PKM,41041,15750,50303,47261,20478,39123,39627
ENSG00000067248.11,DHX29,1476,1383,1002,1509,2078,1559,1161
ENSG00000067334.14,DNTTIP2,1443,1020,1226,1330,1540,1263,1074
ENSG00000067365.15,METTL22,628,358,393,455,620,427,388
ENSG00000067369.14,TP53BP1,2931,5868,3040,4391,5994,4417,3620
ENSG00000067445.22,TRO,4698,5677,3133,3789,8134,4038,3985
ENSG00000067533.6,RRP15,642,406,676,675,541,572,630
ENSG00000067560.14,RHOA,8506,5249,7020,7313,6653,7265,6446
ENSG00000067596.12,DHX8,1724,2056,1292,1618,2244,1586,1536
ENSG00000067606.17,PRKCZ,703,278,642,380,347,727,400
ENSG00000067646.12,ZFY,596,0,0,496,0,0,1
ENSG00000067704.10,IARS2,3569,2668,2864,2618,3277,2693,1959
ENSG00000067715.15,SYT1,2122,483,2044,1075,694,1812,2492
ENSG00000067798.16,NAV3,720,733,802,1152,1358,1076,821
ENSG00000067829.20,IDH3G,1314,1041,1285,1194,1067,957,890
ENSG00000067836.13,ROGDI,961,288,634,630,741,647,742
ENSG00000067840.13,PDZD4,539,1517,458,776,1593,508,734
ENSG00000067842.19,ATP2B3,294,20,37,69,104,207,81
ENSG00000067900.9,ROCK1,3292,2355,2478,3506,3158,4063,3305
ENSG00000067955.15,CBFB,1600,1425,1418,1302,2045,1601,1351
ENSG00000067992.17,PDK3,200,192,129,121,268,152,128
ENSG00000068001.14,HYAL2,3017,2550,3971,2081,2606,2093,1896
ENSG00000068024.18,HDAC4,358,439,208,235,668,352,277
ENSG00000068028.18,RASSF1,694,493,732,692,495,701,684
ENSG00000068078.20,FGFR3,584,547,301,409,759,311,305
ENSG00000068079.8,IFI35,164,115,121,281,133,58,53
ENSG00000068097.16,HEATR6,723,803,658,770,962,693,687
ENSG00000068120.15,COASY,1256,1136,1424,1228,1266,410,831
ENSG00000068137.15,PLEKHH3,589,595,449,565,615,332,413
ENSG00000068305.19,MEF2A,4072,1188,2254,2172,1674,3934,3287
ENSG00000068308.15,OTUD5,2335,1525,1816,1884,2301,2102,2278
ENSG00000068323.17,TFE3,2886,1426,3032,2353,2260,2522,2926
ENSG00000068354.16,TBC1D25,783,357,534,564,505,535,495
ENSG00000068366.21,ACSL4,4363,1447,4642,4221,1961,4801,3680
ENSG00000068383.19,INPP5A,1151,824,814,1395,1245,1188,1056
ENSG00000068394.11,GPKOW,615,453,472,541,587,393,323
ENSG00000068400.14,GRIPAP1,1503,1019,1205,1188,1509,1001,979
ENSG00000068438.15,FTSJ1,1444,691,1193,1275,925,1308,999
ENSG00000068489.13,PRR11,716,2471,1260,1877,1736,510,679
ENSG00000068615.20,REEP1,76,43,134,71,356,106,115
ENSG00000068650.19,ATP11A,1929,960,1177,1696,1285,1745,982
ENSG00000068654.17,POLR1A,2216,2097,2206,2467,2689,2501,2290
ENSG00000068697.7,LAPTM4A,14538,11166,10585,10010,14910,10618,8962
ENSG00000068724.18,TTC7A,1075,590,761,1035,694,876,647
ENSG00000068745.15,IP6K2,3522,2301,3065,2946,3331,2351,2860
ENSG00000068784.13,SRBD1,482,560,340,496,609,360,341
ENSG00000068796.19,KIF2A,2377,1926,1906,2317,2398,2289,2224
ENSG00000068831.19,RASGRP2,112,41,175,100,60,59,82
ENSG00000068878.15,PSME4,4026,2336,3708,3778,3094,4602,3856
ENSG00000068885.15,IFT80,660,569,384,431,802,340,332
ENSG00000068903.21,SIRT2,1669,1149,1207,1044,1638,1268,1132
ENSG00000068912.15,ERLEC1,3888,1883,2616,2402,2894,3729,2450
ENSG00000068971.14,PPP2R5B,970,384,997,796,899,854,674
ENSG00000068976.14,PYGM,195,30,143,76,36,67,27
ENSG00000069020.19,MAST4,491,1100,606,388,852,746,1170
ENSG00000069122.19,ADGRF5,8,26,34,270,71,30,161
ENSG00000069188.17,SDK2,2435,3972,1112,1550,3635,3292,2254
ENSG00000069248.12,NUP133,1880,1975,1358,1755,2601,1520,1414
ENSG00000069275.13,NUCKS1,9175,18490,6566,9954,17141,7158,7313
ENSG00000069329.19,VPS35,6146,3955,3571,4571,4494,4539,3850
ENSG00000069345.12,DNAJA2,2204,1441,1984,1947,2127,1874,1775
ENSG00000069399.15,BCL3,222,524,216,137,211,210,269
ENSG00000069424.16,KCNAB2,123,193,23,50,217,104,63
ENSG00000069431.14,ABCC9,114,29,142,83,193,193,67
ENSG00000069482.7,GAL,58,1,169,116,29,98,57
ENSG00000069493.15,CLEC2D,86,84,83,56,78,31,24
ENSG00000069509.6,FUNDC1,388,260,330,341,430,266,268
ENSG00000069535.14,MAOB,105,44,50,59,159,505,120
ENSG00000069667.16,RORA,61,125,38,65,410,96,122
ENSG00000069696.7,DRD4,129,1,47,59,274,162,82
ENSG00000069702.11,TGFBR3,40,238,57,38,86,75,105
ENSG00000069849.11,ATP1B3,8771,3350,7717,7237,3804,5937,5916
ENSG00000069869.17,NEDD4,1793,1123,2044,1457,2051,1778,1567
ENSG00000069943.10,PIGB,312,159,291,182,275,235,179
ENSG00000069956.14,MAPK6,4364,3140,2586,3991,4217,3677,3587
ENSG00000069966.19,GNB5,1086,697,775,766,921,834,775
ENSG00000069974.17,RAB27A,707,585,657,439,426,676,528
ENSG00000069998.12,HDHD5,648,679,601,695,835,426,456
ENSG00000070010.19,UFD1,1809,1004,1622,1812,1679,1590,1518
ENSG00000070018.9,LRP6,2120,2026,1481,1987,2674,2085,1981
ENSG00000070031.4,SCT,37,1,2,12,78,45,16
ENSG00000070047.13,PHRF1,2866,1807,2312,2361,2624,2867,2352
ENSG00000070061.16,ELP1,2078,1776,1843,1884,2615,1662,1283
ENSG00000070081.18,NUCB2,2073,1396,1173,1537,2366,2018,1149
ENSG00000070087.15,PFN2,7523,10643,3950,6009,12661,5262,5325
ENSG00000070159.14,PTPN3,122,303,146,80,304,271,83
ENSG00000070182.21,SPTB,230,7,280,222,105,277,83
ENSG00000070214.17,SLC44A1,2128,879,1436,849,1518,1565,1162
ENSG00000070269.14,TMEM260,622,551,697,413,663,586,511
ENSG00000070366.14,SMG6,3034,2011,2414,2526,2846,2541,2505
ENSG00000070367.16,EXOC5,3086,2587,2320,2902,3878,2731,2652
ENSG00000070371.16,CLTCL1,1485,457,707,1259,1118,1155,820
ENSG00000070404.10,FSTL3,15960,688,11472,7802,3011,11816,7056
ENSG00000070413.20,DGCR2,4986,3718,5318,3523,4726,4193,3403
ENSG00000070423.18,RNF126,1369,507,1046,1020,1302,1320,1454
ENSG00000070444.15,MNT,1229,1196,817,900,1400,1293,1390
ENSG00000070476.15,ZXDC,654,447,461,568,728,489,531
ENSG00000070495.15,JMJD6,796,373,621,777,557,574,437
ENSG00000070501.12,POLB,458,383,362,431,722,310,254
ENSG00000070540.13,WIPI1,3611,1899,1850,2583,3283,3947,3033
ENSG00000070601.10,FRMPD1,52,2,59,19,255,32,27
ENSG00000070610.14,GBA2,1612,1503,1924,1578,1688,980,1035
ENSG00000070614.15,NDST1,22179,11643,14774,17534,13558,20632,17036
ENSG00000070718.13,AP3M2,597,556,487,589,900,556,570
ENSG00000070748.19,CHAT,338,1,64,57,4,155,52
ENSG00000070756.17,PABPC1,25265,20297,16882,20889,25118,21380,21716
ENSG00000070759.17,TESK2,46,60,19,28,52,18,37
ENSG00000070761.8,CFAP20,1016,679,867,812,1035,789,831
ENSG00000070770.10,CSNK2A2,2163,1754,1952,2064,2511,1846,1619
ENSG00000070778.13,PTPN21,2178,1473,1295,1902,2403,1868,1840
ENSG00000070785.17,EIF2B3,731,426,636,683,503,553,440
ENSG00000070808.17,CAMK2A,831,52,1291,242,14,265,463
ENSG00000070814.22,TCOF1,2023,2466,2653,2593,2368,1653,1830
ENSG00000070831.18,CDC42,74,52,62,61,68,80,53
ENSG00000070882.13,OSBPL3,1073,110,1008,733,378,892,949
ENSG00000070950.10,RAD18,343,428,448,519,429,232,282
ENSG00000070961.17,ATP2B1,2708,2381,1134,1343,1670,1880,1522
ENSG00000071051.14,NCK2,1910,2053,1468,1667,3284,1731,2005
ENSG00000071054.17,MAP4K4,13369,8812,10900,10977,14669,13130,11783
ENSG00000071073.13,MGAT4A,76,8,61,9,133,49,42
ENSG00000071127.18,WDR1,21948,8951,22071,22588,10836,17266,18914
ENSG00000071189.21,SNX13,1182,1266,819,866,1636,1154,922
ENSG00000071205.12,ARHGAP10,951,557,725,1220,877,807,815
ENSG00000071243.16,ING3,248,389,177,264,399,212,204
ENSG00000071246.11,VASH1,5226,4299,1805,3022,11220,4376,3826
ENSG00000071282.12,LMCD1,4124,486,1990,4799,2413,2473,4365
ENSG00000071462.13,BUD23,1129,732,1454,1149,1160,854,888
ENSG00000071537.14,SEL1L,4963,3759,4228,4073,5554,5997,4136
ENSG00000071539.14,TRIP13,349,606,553,862,591,258,309
ENSG00000071553.18,ATP6AP1,11614,4337,8473,7087,6471,7354,6621
ENSG00000071564.19,TCF3,4739,6001,3895,4492,11170,3570,4778
ENSG00000071575.12,TRIB2,480,1572,247,715,3720,442,826
ENSG00000071626.17,DAZAP1,2412,1871,2815,2673,2809,2300,2195
ENSG00000071655.18,MBD3,2287,2059,2035,1815,3206,1960,1884
ENSG00000071794.16,HLTF,1550,1477,1094,1266,1545,1025,895
ENSG00000071859.15,FAM50A,4283,1485,3394,2848,1959,2364,2344
ENSG00000071889.17,FAM3A,975,610,1158,683,999,743,787
ENSG00000071894.17,CPSF1,4056,5146,3842,3843,5589,2916,2995
ENSG00000071967.12,CYBRD1,3080,3887,1793,2401,3732,2221,1886
ENSG00000071994.11,PDCD2,1297,856,1188,1157,1520,1239,1276
ENSG00000072041.18,SLC6A15,254,120,195,322,428,91,288
ENSG00000072042.13,RDH11,3702,1721,4882,3960,2677,2405,2829
ENSG00000072062.16,PRKACA,2329,2928,1635,2261,4311,2603,2920
ENSG00000072071.17,ADGRL1,1794,3429,1532,859,6690,1583,2105
ENSG00000072110.16,ACTN1,36974,16232,44479,42568,25858,30065,37196
ENSG00000072121.17,ZFYVE26,2181,1855,1355,1900,2151,1891,1772
ENSG00000072134.16,EPN2,914,1114,1151,1012,885,905,1145
ENSG00000072135.13,PTPN18,563,530,553,512,685,727,691
ENSG00000072163.20,LIMS2,2456,553,1534,2077,1318,1049,1365
ENSG00000072195.15,SPEG,2244,1517,3860,1159,1227,1870,1355
ENSG00000072201.14,LNX1,351,122,38,195,97,68,52
ENSG00000072210.19,ALDH3A2,681,755,1091,468,713,599,538
ENSG00000072274.14,TFRC,885,935,1840,1209,1136,1896,1133
ENSG00000072310.18,SREBF1,2109,2193,2478,2112,2822,1377,1787
ENSG00000072364.13,AFF4,8149,5633,4830,7237,7745,9201,8653
ENSG00000072401.15,UBE2D1,735,689,645,553,1023,704,713
ENSG00000072415.10,PALS1,2235,840,1578,1410,976,1680,1419
ENSG00000072422.17,RHOBTB1,2825,2653,1960,3178,3229,2761,3158
ENSG00000072501.19,SMC1A,2269,5278,3409,3416,3646,1928,2173
ENSG00000072506.14,HSD17B10,1748,1142,1458,1789,1609,1104,1197
ENSG00000072518.23,MARK2,1414,999,1052,1253,1741,1267,1394
ENSG00000072571.20,HMMR,193,912,498,538,605,112,174
ENSG00000072609.18,CHFR,1724,902,1252,1428,1358,1439,1150
ENSG00000072657.10,TRHDE,50,42,62,91,15,54,10
ENSG00000072682.20,P4HA2,3138,1738,2621,2460,1965,3253,1817
ENSG00000072736.19,NFATC3,1017,1051,605,893,1676,931,792
ENSG00000072756.18,TRNT1,722,588,713,689,713,639,519
ENSG00000072778.20,ACADVL,8391,5248,11579,6479,6566,4972,4496
ENSG00000072786.13,STK10,3093,1380,3674,2407,1994,3942,2646
ENSG00000072803.18,FBXW11,2597,1827,1863,2224,2812,2353,2281
ENSG00000072832.15,CRMP1,2973,2004,3983,3328,4983,3348,4846
ENSG00000072840.13,EVC,1560,1979,755,1103,2141,1370,959
ENSG00000072849.11,DERL2,1450,940,1766,1258,1365,1296,988
ENSG00000072864.16,NDE1,697,968,662,806,1034,613,772
ENSG00000072952.21,IRAG1,424,611,143,637,767,278,610
ENSG00000072954.7,TMEM38A,92,29,45,53,66,42,23
ENSG00000072958.9,AP1M1,3271,1996,2636,2943,2272,2632,1974
ENSG00000073008.16,PVR,3759,1052,5045,3952,1634,4278,2551
ENSG00000073050.12,XRCC1,874,1093,762,843,1293,569,611
ENSG00000073060.17,SCARB1,2391,1009,1774,1106,1585,1106,938
ENSG00000073111.14,MCM2,649,2670,771,1110,2104,426,514
ENSG00000073146.17,MOV10L1,15,10,43,20,26,42,26
ENSG00000073150.14,PANX2,74,48,65,71,183,174,149
ENSG00000073169.15,SELENOO,583,415,608,438,564,344,389
ENSG00000073331.18,ALPK1,86,314,42,49,292,30,27
ENSG00000073350.14,LLGL2,513,58,424,359,111,283,252
ENSG00000073417.15,PDE8A,406,427,305,393,277,549,227
ENSG00000073464.13,CLCN4,1024,749,432,621,738,536,943
ENSG00000073536.18,NLE1,573,513,610,613,615,540,547
ENSG00000073578.18,SDHA,492,347,571,424,404,384,377
ENSG00000073584.20,SMARCE1,282,422,265,301,422,231,250
ENSG00000073605.19,GSDMB,221,181,244,309,297,148,102
ENSG00000073614.13,KDM5A,2084,2295,1206,1853,2742,2092,1824
ENSG00000073670.14,ADAM11,35,112,20,25,104,17,14
ENSG00000073711.11,PPP2R3A,864,924,485,699,1607,906,737
ENSG00000073712.15,FERMT2,10000,5039,5496,9307,8815,6561,7471
ENSG00000073792.16,IGF2BP2,3292,4086,2833,3412,5683,3262,3578
ENSG00000073803.14,MAP3K13,685,502,448,468,761,456,523
ENSG00000073849.16,ST6GAL1,1547,1471,1359,999,1767,1326,1098
ENSG00000073910.23,FRY,193,35,65,92,125,225,223
ENSG00000073921.18,PICALM,7685,4155,5728,7869,6448,6483,6634
ENSG00000073969.19,NSF,1650,792,1144,1242,1179,1413,1199
ENSG00000074047.22,GLI2,1491,1569,1050,1818,2746,1490,1611
ENSG00000074054.21,CLASP1,2671,3008,1995,2659,4308,2624,2800
ENSG00000074181.9,NOTCH3,11581,10969,4865,13413,29546,4872,18229
ENSG00000074201.9,CLNS1A,1727,1576,1480,1689,1949,1377,1206
ENSG00000074219.14,TEAD2,2763,3907,2504,2827,5325,2183,3033
ENSG00000074266.23,EED,446,387,400,448,487,275,271
ENSG00000074319.13,TSG101,2466,1262,1439,1688,1816,1815,1600
ENSG00000074356.17,NCBP3,2012,2158,1452,1876,2798,1698,1422
ENSG00000074370.18,ATP2A3,100,58,34,51,150,114,41
ENSG00000074410.14,CA12,29,204,328,28,29,88,48
ENSG00000074416.16,MGLL,540,277,452,816,1373,454,343
ENSG00000074527.13,NTN4,3614,66,1929,2809,71,2959,672
ENSG00000074582.15,BCS1L,533,433,657,606,446,283,343
ENSG00000074590.14,NUAK1,5875,3574,2982,5884,5186,5073,6020
ENSG00000074603.19,DPP8,1513,1214,1090,1327,1529,1492,1243
ENSG00000074621.14,SLC24A1,347,416,254,315,484,293,230
ENSG00000074657.14,ZNF532,3287,4456,2293,3378,7802,4298,3807
ENSG00000074660.17,SCARF1,37,383,173,124,155,52,44
ENSG00000074695.6,LMAN1,7904,5503,5999,7215,5873,8484,5841
ENSG00000074696.13,HACD3,6951,7849,8253,5888,8355,5170,5311
ENSG00000074755.15,ZZEF1,2022,2003,1588,1710,2010,2144,1841
ENSG00000074800.16,ENO1,29731,15260,42189,38924,13156,22960,25245
ENSG00000074842.8,MYDGF,3590,1420,3527,2734,1865,2662,1798
ENSG00000074855.11,ANO8,792,735,914,605,1229,460,475
ENSG00000074935.14,TUBE1,166,263,165,207,296,185,138
ENSG00000074964.17,ARHGEF10L,805,627,897,1060,1207,914,1129
ENSG00000075035.10,WSCD2,0,895,0,4,34,0,0
ENSG00000075043.21,KCNQ2,14,49,23,23,311,52,64
ENSG00000075089.10,ACTR6,466,353,424,456,482,331,277
ENSG00000075131.10,TIPIN,148,151,140,187,152,78,99
ENSG00000075142.14,SRI,1774,1245,1635,1703,1920,1561,1399
ENSG00000075151.24,EIF4G3,6140,4228,4033,4298,5484,5878,4791
ENSG00000075188.9,NUP37,464,376,480,501,354,266,274
ENSG00000075213.11,SEMA3A,1969,11700,1686,1162,9076,1588,1361
ENSG00000075218.19,GTSE1,206,1352,509,807,1148,190,251
ENSG00000075223.14,SEMA3C,43144,16926,12439,19484,23761,46469,12692
ENSG00000075234.17,TTC38,610,750,828,537,670,452,714
ENSG00000075239.14,ACAT1,1279,873,966,1043,954,820,768
ENSG00000075240.17,GRAMD4,754,1180,462,534,1396,562,376
ENSG00000075275.18,CELSR1,10145,1670,8587,5484,4949,10779,6728
ENSG00000075292.19,ZNF638,3255,3356,2530,2850,4328,2532,2378
ENSG00000075303.13,SLC25A40,373,635,318,345,653,182,202
ENSG00000075336.12,TIMM21,426,341,522,407,553,400,319
ENSG00000075340.23,ADD2,44,66,49,77,415,40,152
ENSG00000075391.18,RASAL2,1733,1822,933,1682,2504,1791,1774
ENSG00000075399.14,VPS9D1,695,488,663,506,896,535,539
ENSG00000075407.19,ZNF37A,546,557,538,364,902,544,469
ENSG00000075413.19,MARK3,2679,2022,2299,2578,3201,2145,2249
ENSG00000075415.15,SLC25A3,16826,11169,12635,15790,11726,10069,10574
ENSG00000075420.13,FNDC3B,11454,5701,6180,8587,8175,13700,10370
ENSG00000075426.12,FOSL2,3094,3234,3161,2811,7480,3787,3045
ENSG00000075461.6,CACNG4,661,135,141,337,2700,702,452
ENSG00000075539.15,FRYL,1813,1452,1406,1563,1531,2303,1783
ENSG00000075568.17,TMEM131,2327,2102,1691,1770,2223,2813,2327
ENSG00000075618.18,FSCN1,15221,7936,17742,16521,13110,15874,22164
ENSG00000075624.17,ACTB,161932,124308,171741,205695,125243,125399,152918
ENSG00000075643.6,MOCOS,23,51,62,13,16,71,9
ENSG00000075651.17,PLD1,742,609,1134,451,337,870,668
ENSG00000075702.19,WDR62,280,713,525,736,593,182,311
ENSG00000075711.21,DLG1,2359,2043,2221,2092,2187,2777,1756
ENSG00000075785.14,RAB7A,9071,4331,6430,6367,6353,7090,7434
ENSG00000075826.17,SEC31B,294,459,537,379,458,160,207
ENSG00000075856.12,SART3,1506,1905,1258,1578,2091,1102,1157
ENSG00000075891.24,PAX2,178,0,62,114,30,581,89
ENSG00000075914.13,EXOSC7,638,496,665,623,523,462,401
ENSG00000075945.13,KIFAP3,1364,1914,761,1113,3495,1508,964
ENSG00000075975.17,MKRN2,1691,1132,1106,1378,1792,1366,1128
ENSG00000076003.5,MCM6,964,2409,909,1403,1979,594,696
ENSG00000076043.11,REXO2,2990,1070,2749,2399,1189,2483,1926
ENSG00000076053.12,RBM7,819,562,712,693,745,792,688
ENSG00000076067.14,RBMS2,2829,1815,2817,2875,2362,2494,2619
ENSG00000076108.12,BAZ2A,3778,3484,2714,3719,4010,3446,4201
ENSG00000076201.16,PTPN23,2688,2235,2186,2458,2730,2389,2614
ENSG00000076242.17,MLH1,1308,1323,1042,1183,1243,1042,804
ENSG00000076248.12,UNG,871,885,723,709,956,590,644
ENSG00000076258.10,FMO4,64,72,32,34,75,28,22
ENSG00000076321.11,KLHL20,1285,938,1098,916,1279,757,976
ENSG00000076344.16,RGS11,88,44,85,44,60,41,34
ENSG00000076351.13,SLC46A1,487,408,281,330,328,530,241
ENSG00000076356.7,PLXNA2,422,3900,1005,1248,5227,674,1705
ENSG00000076382.17,SPAG5,530,2237,921,1485,1480,263,367
ENSG00000076513.17,ANKRD13A,833,994,550,858,1065,589,588
ENSG00000076554.16,TPD52,245,8,193,133,101,124,114
ENSG00000076555.16,ACACB,210,338,84,152,360,207,145
ENSG00000076604.16,TRAF4,3312,2081,3149,2739,3116,2695,3435
ENSG00000076641.4,PAG1,1088,692,948,690,490,990,1777
ENSG00000076650.7,GPATCH1,238,251,198,218,330,167,188
ENSG00000076662.11,ICAM3,197,81,150,179,93,215,202
ENSG00000076685.19,NT5C2,3461,2679,2791,3323,3431,3094,2563
ENSG00000076706.17,MCAM,9884,1920,15802,8703,2548,8433,6741
ENSG00000076716.9,GPC4,11067,11049,8498,13210,12009,7738,7629
ENSG00000076770.16,MBNL3,19,244,36,37,271,30,31
ENSG00000076826.10,CAMSAP3,101,13,138,68,96,67,127
ENSG00000076864.21,RAP1GAP,92,365,72,52,323,122,80
ENSG00000076924.12,XAB2,1187,1202,1287,1153,1333,699,946
ENSG00000076928.20,ARHGEF1,1991,1887,2075,1988,2369,1594,1717
ENSG00000076944.18,STXBP2,110,2,181,52,18,34,54
ENSG00000076984.18,MAP2K7,954,849,833,814,1569,1010,1096
ENSG00000077044.11,DGKD,1248,1236,815,1160,1392,835,821
ENSG00000077063.11,CTTNBP2,416,162,48,159,525,602,483
ENSG00000077092.20,RARB,79,132,27,30,454,115,58
ENSG00000077097.17,TOP2B,4159,6210,3432,4947,8426,4778,4473
ENSG00000077147.16,TM9SF3,9134,6538,9450,7912,7689,9633,6836
ENSG00000077150.21,NFKB2,1257,856,2088,1295,866,1118,934
ENSG00000077152.12,UBE2T,292,385,430,440,446,163,232
ENSG00000077157.23,PPP1R12B,376,642,342,417,819,362,393
ENSG00000077232.19,DNAJC10,7741,5124,7521,7197,5374,7497,5417
ENSG00000077235.18,GTF3C1,4823,5194,4671,5276,6338,5540,5598
ENSG00000077238.14,IL4R,1565,933,901,1344,5724,1457,1797
ENSG00000077254.14,USP33,1905,2024,1202,1687,2391,1475,1498
ENSG00000077264.17,PAK3,910,609,386,610,2484,1959,1373
ENSG00000077274.9,CAPN6,1803,1405,308,625,14692,2660,1607
ENSG00000077279.21,DCX,33,157,4,4,3245,30,38
ENSG00000077312.9,SNRPA,1187,1722,1382,1487,1656,929,1082
ENSG00000077348.10,EXOSC5,254,121,268,217,190,159,199
ENSG00000077380.16,DYNC1I2,5882,4056,4676,5314,5350,4633,4232
ENSG00000077420.16,APBB1IP,24,0,35,57,1,38,53
ENSG00000077454.17,LRCH4,578,446,549,483,572,543,579
ENSG00000077458.13,FAM76B,386,345,362,396,599,288,273
ENSG00000077463.15,SIRT6,486,379,475,374,620,405,466
ENSG00000077514.9,POLD3,315,796,321,393,851,195,226
ENSG00000077522.15,ACTN2,9,12,12,40,32,36,23
ENSG00000077549.19,CAPZB,8946,3607,6791,7906,6157,7403,7079
ENSG00000077585.14,GPR137B,562,479,642,320,826,400,518
ENSG00000077616.11,NAALAD2,1553,949,954,313,927,2391,728
ENSG00000077684.16,JADE1,4879,1169,2766,5006,1386,3968,2676
ENSG00000077713.19,SLC25A43,385,340,363,377,452,551,390
ENSG00000077721.17,UBE2A,2989,1595,1996,2360,2444,2296,2367
ENSG00000077782.23,FGFR1,2663,4761,3391,3204,11240,2623,3090
ENSG00000077942.19,FBLN1,9179,11824,5693,5487,11734,5527,4662
ENSG00000077943.8,ITGA8,5,740,0,42,87,45,8
ENSG00000078018.22,MAP2,2499,1533,756,1825,3603,816,2237
ENSG00000078043.16,PIAS2,911,874,430,574,1091,526,480
ENSG00000078053.17,AMPH,316,595,123,227,970,232,256
ENSG00000078061.14,ARAF,1662,1111,1531,1259,1322,1229,1171
ENSG00000078070.14,MCCC1,621,372,475,512,532,405,342
ENSG00000078081.8,LAMP3,20,92,87,21,149,32,32
ENSG00000078098.15,FAP,72,2085,62,150,3693,75,225
ENSG00000078114.19,NEBL,616,414,141,401,523,336,423
ENSG00000078124.13,ACER3,615,604,803,618,932,750,634
ENSG00000078140.14,UBE2K,2879,1886,2014,2530,2697,2503,2429
ENSG00000078142.14,PIK3C3,1808,1767,1222,1331,1478,1439,1323
ENSG00000078177.15,N4BP2,1178,2166,582,1191,2532,1611,1316
ENSG00000078237.7,TIGAR,921,163,824,419,501,692,682
ENSG00000078246.17,TULP3,1274,1185,989,1191,1573,1099,1203
ENSG00000078269.15,SYNJ2,4194,999,3160,2657,514,2828,1643
ENSG00000078295.17,ADCY2,86,269,46,75,195,98,61
ENSG00000078304.20,PPP2R5C,3038,2635,1825,2255,3950,2703,2390
ENSG00000078328.23,RBFOX1,61,9,13,21,119,59,106
ENSG00000078369.19,GNB1,18547,10877,13431,16434,15481,15926,15202
ENSG00000078401.7,EDN1,2038,244,3029,3628,325,1505,1153
ENSG00000078403.17,MLLT10,1545,1114,1019,1303,1354,1111,1209
ENSG00000078487.18,ZCWPW1,66,28,42,44,74,34,44
ENSG00000078596.11,ITM2A,237,532,158,109,557,207,154
ENSG00000078618.23,NRDC,5712,4475,4865,6161,5935,4864,4161
ENSG00000078668.14,VDAC3,2633,1803,2459,2667,2351,1604,1470
ENSG00000078674.20,PCM1,3146,4000,2081,2708,4805,2735,2451
ENSG00000078687.18,TNRC6C,254,522,227,347,729,336,299
ENSG00000078699.22,CBFA2T2,1015,1043,595,746,1450,663,677
ENSG00000078725.13,BRINP1,1040,639,259,129,336,360,416
ENSG00000078747.17,ITCH,1070,602,737,799,942,992,678
ENSG00000078804.13,TP53INP2,2033,773,1600,1898,1917,1776,2263
ENSG00000078808.20,SDF4,6793,3862,7567,4943,6121,7018,4651
ENSG00000078902.16,TOLLIP,1729,1211,1234,1296,2114,1513,1445
ENSG00000078967.13,UBE2D4,500,209,283,295,539,383,327
ENSG00000079101.18,CLUL1,41,69,31,15,94,27,6
ENSG00000079102.17,RUNX1T1,374,1232,111,213,1231,460,231
ENSG00000079134.13,THOC1,581,739,642,631,831,386,372
ENSG00000079150.19,FKBP7,1456,1275,943,812,1612,1566,1023
ENSG00000079156.17,OSBPL6,131,240,255,205,229,214,200
ENSG00000079215.15,SLC1A3,176,498,29,126,695,87,114
ENSG00000079246.16,XRCC5,10210,9050,9235,10041,11274,8916,8147
ENSG00000079257.8,LXN,311,226,229,213,194,315,241
ENSG00000079263.19,SP140,25,7,162,31,15,77,97
ENSG00000079277.22,MKNK1,622,394,468,526,552,439,362
ENSG00000079308.21,TNS1,8221,4841,5980,12619,7273,10099,9526
ENSG00000079313.15,REXO1,1383,1092,1147,1207,2505,1681,1863
ENSG00000079332.16,SAR1A,6751,3499,3822,5004,4493,4960,4343
ENSG00000079335.20,CDC14A,189,89,114,94,157,166,130
ENSG00000079337.16,RAPGEF3,279,409,201,286,292,171,257
ENSG00000079385.23,CEACAM1,4,43,10,9,32,7,11
ENSG00000079387.15,SENP1,613,862,401,543,1101,458,428
ENSG00000079432.9,CIC,3617,4684,2983,3284,5624,4207,4171
ENSG00000079435.10,LIPE,87,148,106,79,190,99,112
ENSG00000079459.14,FDFT1,7339,6796,9360,11067,7532,4030,6550
ENSG00000079462.8,PAFAH1B3,977,1182,979,859,1260,671,754
ENSG00000079482.14,OPHN1,401,329,331,299,337,315,167
ENSG00000079616.14,KIF22,546,1725,1007,1118,1191,319,497
ENSG00000079691.19,CARMIL1,880,740,550,564,1493,862,656
ENSG00000079739.17,PGM1,1482,1467,707,883,1229,1349,714
ENSG00000079785.16,DDX1,4531,2906,3522,4514,3668,3911,3642
ENSG00000079805.19,DNM2,5678,3747,3496,4599,4955,4637,4824
ENSG00000079819.20,EPB41L2,2744,4163,3497,4884,2314,3733,2955
ENSG00000079841.20,RIMS1,93,186,93,62,57,220,126
ENSG00000079931.15,MOXD1,1677,1771,732,310,667,784,463
ENSG00000079950.14,STX7,2928,2032,1683,2004,2407,2024,1741
ENSG00000079974.19,RABL2B,671,446,603,527,715,448,488
ENSG00000079999.14,KEAP1,1832,1291,1280,1343,1626,1333,1317
ENSG00000080189.15,SLC35C2,1763,1087,1446,1303,1304,1317,1148
ENSG00000080200.10,CRYBG3,599,702,400,472,711,856,464
ENSG00000080224.18,EPHA6,5,26,4,9,473,17,9
ENSG00000080298.16,RFX3,372,529,266,370,777,306,418
ENSG00000080345.18,RIF1,1474,2214,1195,1842,2410,1589,1455
ENSG00000080371.6,RAB21,1724,840,1261,1325,1346,1619,1260
ENSG00000080493.19,SLC4A4,836,296,462,88,76,841,381
ENSG00000080503.25,SMARCA2,1825,1828,1028,1442,2451,2102,1601
ENSG00000080546.14,SESN1,837,377,636,429,710,826,684
ENSG00000080561.14,MID2,357,502,296,361,820,526,504
ENSG00000080573.7,COL5A3,31,120,39,147,129,183,218
ENSG00000080603.17,SRCAP,245,288,105,188,397,296,384
ENSG00000080608.10,PUM3,1067,716,1306,1259,988,986,917
ENSG00000080709.17,KCNN2,7,45,14,19,77,9,7
ENSG00000080802.21,CNOT4,694,610,555,657,1043,672,670
ENSG00000080815.20,PSEN1,3381,2233,3441,2544,3111,3016,2404
ENSG00000080819.9,CPOX,1122,703,934,905,770,839,594
ENSG00000080822.17,CLDND1,1979,1690,1804,1947,2030,1359,1388
ENSG00000080823.23,MOK,94,150,156,85,253,128,79
ENSG00000080824.19,HSP90AA1,21846,17989,24567,23906,19951,19794,14230
ENSG00000080839.12,RBL1,207,428,215,285,457,110,112
ENSG00000080845.19,DLGAP4,5131,3437,4280,5091,7458,5836,4920
ENSG00000080854.16,IGSF9B,712,87,375,367,295,632,564
ENSG00000080986.13,NDC80,240,971,442,633,690,93,179
ENSG00000081014.11,AP4E1,835,433,660,828,574,821,780
ENSG00000081019.14,RSBN1,372,428,348,403,787,382,424
ENSG00000081026.19,MAGI3,824,644,607,833,2147,1025,1051
ENSG00000081051.8,AFP,225,3,336,556,5,429,218
ENSG00000081052.14,COL4A4,511,1,18,91,24,440,31
ENSG00000081059.20,TCF7,152,97,122,99,469,211,161
ENSG00000081087.16,OSTM1,3198,918,2114,1686,1190,2061,1530
ENSG00000081138.14,CDH7,3,377,0,6,174,11,12
ENSG00000081148.12,IMPG2,24,29,20,27,20,19,10
ENSG00000081154.12,PCNP,2756,2314,2455,2643,3181,2782,2233
ENSG00000081177.19,EXD2,1060,938,940,898,1153,763,584
ENSG00000081181.8,ARG2,345,224,401,544,424,323,426
ENSG00000081189.17,MEF2C,886,465,187,406,774,595,703
ENSG00000081307.15,UBA5,1293,969,1134,1192,1322,1298,973
ENSG00000081320.11,STK17B,1105,1804,630,1034,1722,1584,1194
ENSG00000081377.17,CDC14B,1147,916,770,723,1055,968,774
ENSG00000081386.13,ZNF510,468,477,319,384,758,371,322
ENSG00000081479.15,LRP2,195,55,26,168,278,72,131
ENSG00000081665.14,ZNF506,530,361,321,363,619,341,239
ENSG00000081692.13,JMJD4,894,485,462,696,800,603,481
ENSG00000081721.12,DUSP12,466,395,500,518,538,416,439
ENSG00000081760.17,AACS,1306,857,1409,1403,1365,1205,860
ENSG00000081791.9,DELE1,1781,1255,1329,1429,1318,1243,1111
ENSG00000081803.17,CADPS2,309,196,216,268,503,375,442
ENSG00000081818.4,PCDHB4,41,34,40,25,39,28,25
ENSG00000081842.18,PCDHA6,542,218,226,309,192,5,315
ENSG00000081870.12,IFT25,566,457,418,579,524,430,347
ENSG00000081913.14,PHLPP1,391,441,238,313,485,356,351
ENSG00000081923.15,ATP8B1,565,111,840,794,58,393,181
ENSG00000082014.17,SMARCD3,1815,1857,1051,1261,2521,1232,1097
ENSG00000082068.9,WDR70,891,825,617,766,949,626,525
ENSG00000082126.18,MPP4,23,59,200,141,20,88,52
ENSG00000082146.13,STRADB,1088,668,829,594,784,1001,610
ENSG00000082153.18,BZW1,4404,3759,4140,4602,4869,4738,4211
ENSG00000082175.16,PGR,28,4,21,8,6,58,26
ENSG00000082196.21,C1QTNF3,24,27,29,5,1048,11,8
ENSG00000082212.13,ME2,1166,595,1018,1121,1168,885,730
ENSG00000082213.18,C5orf22,1048,861,754,813,1387,880,891
ENSG00000082258.13,CCNT2,1206,1351,1046,1296,1668,1028,1027
ENSG00000082269.17,FAM135A,271,392,199,250,445,241,278
ENSG00000082397.18,EPB41L3,3542,2395,976,3136,2977,5536,1513
ENSG00000082438.18,COBLL1,1152,676,529,910,930,1573,761
ENSG00000082458.12,DLG3,749,718,639,520,903,495,541
ENSG00000082482.14,KCNK2,3,81,1,4,194,5,10
ENSG00000082497.12,SERTAD4,602,4369,352,928,4580,389,288
ENSG00000082512.15,TRAF5,1318,1635,1134,1394,1892,712,747
ENSG00000082516.9,GEMIN5,754,882,781,803,1209,674,641
ENSG00000082641.16,NFE2L1,25164,12007,21143,17846,17812,20986,19063
ENSG00000082684.16,SEMA5B,19,16,16,35,32,6,15
ENSG00000082701.17,GSK3B,3701,3020,2338,3400,4857,4154,4345
ENSG00000082781.12,ITGB5,6016,4140,3882,3446,16774,8477,4214
ENSG00000082805.21,ERC1,3004,3148,2013,2586,3318,3287,2618
ENSG00000082898.19,XPO1,5249,7229,4094,5475,9173,4146,4873
ENSG00000082996.20,RNF13,1278,588,1422,924,959,1041,1221
ENSG00000083067.26,TRPM3,38,20,4,60,235,2,47
ENSG00000083093.11,PALB2,547,335,426,406,574,368,377
ENSG00000083097.15,DOP1A,586,694,446,451,796,476,381
ENSG00000083099.11,LYRM2,1520,902,1037,1100,1408,1153,948
ENSG00000083123.15,BCKDHB,986,359,401,470,479,696,434
ENSG00000083168.11,KAT6A,1344,2385,680,1359,2897,1346,1487
ENSG00000083223.18,TUT7,1056,693,669,897,1090,1211,890
ENSG00000083290.20,ULK2,1317,1828,731,933,2247,1001,927
ENSG00000083312.19,TNPO1,8522,6411,5600,7600,9333,9690,8154
ENSG00000083444.17,PLOD1,22391,11523,21778,15957,14379,20402,15638
ENSG00000083457.12,ITGAE,717,354,578,661,633,450,387
ENSG00000083520.15,DIS3,2068,1651,1454,1976,2265,2322,1757
ENSG00000083535.16,PIBF1,522,562,346,434,785,499,444
ENSG00000083544.16,TDRD3,352,431,193,218,621,287,216
ENSG00000083635.8,NUFIP1,336,298,250,315,430,284,297
ENSG00000083642.19,PDS5B,1377,1628,968,1239,2464,1331,1181
ENSG00000083720.13,OXCT1,3437,1111,1610,2042,2648,1882,1350
ENSG00000083750.13,RRAGB,648,606,420,413,883,481,447
ENSG00000083799.18,CYLD,1515,961,1069,1160,1308,1524,1061
ENSG00000083807.10,SLC27A5,112,82,101,113,59,53,55
ENSG00000083812.13,ZNF324,306,257,307,299,350,296,260
ENSG00000083814.13,ZNF671,257,236,250,265,318,161,128
ENSG00000083817.9,ZNF416,198,206,136,174,277,165,160
ENSG00000083828.16,ZNF586,165,221,174,203,240,121,114
ENSG00000083838.17,ZNF446,316,351,290,246,469,282,245
ENSG00000083844.11,ZNF264,482,505,484,418,704,487,492
ENSG00000083857.15,FAT1,17152,17399,24260,22606,20597,52351,34470
ENSG00000083896.13,YTHDC1,2495,1860,1581,2188,2688,2047,1552
ENSG00000083937.10,CHMP2B,1514,1098,1064,1057,1520,1458,1009
ENSG00000084070.12,SMAP2,775,536,552,672,818,615,548
ENSG00000084072.17,PPIE,934,692,833,795,959,644,593
ENSG00000084073.10,ZMPSTE24,2692,1209,2531,2257,2165,2196,1935
ENSG00000084090.14,STARD7,3671,2435,2459,3345,2902,2562,2192
ENSG00000084092.7,NOA1,733,586,535,595,835,610,549
ENSG00000084093.19,REST,2471,1953,1433,1994,3614,2121,2045
ENSG00000084112.15,SSH1,5480,4563,3452,4134,3858,5419,5346
ENSG00000084207.18,GSTP1,33075,8028,27732,26182,11862,23773,25828
ENSG00000084234.18,APLP2,64516,26817,49164,35783,25712,52601,50506
ENSG00000084444.14,FAM234B,227,356,237,194,259,165,130
ENSG00000084453.17,SLCO1A2,151,14,49,55,16,52,18
ENSG00000084463.8,WBP11,2593,2261,1909,2516,3043,2254,2659
ENSG00000084623.12,EIF3I,4763,2832,4364,4530,3206,3380,2919
ENSG00000084628.10,NKAIN1,155,154,100,130,1120,153,189
ENSG00000084636.18,COL16A1,5818,14064,1527,2888,7690,3463,2166
ENSG00000084652.16,TXLNA,3647,3586,2627,3006,3844,3040,2915
ENSG00000084674.15,APOB,6,26,3,7,36,12,8
ENSG00000084676.16,NCOA1,1094,1704,515,805,1611,960,928
ENSG00000084693.16,AGBL5,1202,1420,620,693,1802,782,855
ENSG00000084710.14,EFR3B,1881,675,1071,1381,2357,1852,2289
ENSG00000084731.15,KIF3C,4068,2137,2321,2978,4243,2862,2642
ENSG00000084733.11,RAB10,4914,3347,3511,3995,4440,4653,4083
ENSG00000084754.12,HADHA,5878,4835,4864,5283,4888,4813,4334
ENSG00000084764.12,MAPRE3,722,245,492,347,845,684,759
ENSG00000084774.14,CAD,3212,3979,4136,4184,3315,3011,2970
ENSG00000085063.18,CD59,7171,3013,9858,7166,2893,6438,5583
ENSG00000085117.12,CD82,1079,286,3537,367,622,1315,587
ENSG00000085185.16,BCORL1,890,1328,532,1032,1129,728,801
ENSG00000085224.23,ATRX,3918,4528,2542,3709,5638,4378,3891
ENSG00000085231.14,AK6,356,186,348,444,318,336,336
ENSG00000085274.16,MYNN,678,535,410,539,693,480,452
ENSG00000085276.19,MECOM,96,292,143,50,157,138,152
ENSG00000085365.18,SCAMP1,1855,1055,1446,1334,1666,1561,1284
ENSG00000085377.15,PREP,1727,1452,1430,1640,2105,1445,1392
ENSG00000085382.12,HACE1,648,1079,391,549,627,451,464
ENSG00000085415.16,SEH1L,754,583,602,759,686,596,569
ENSG00000085433.17,WDR47,1218,563,833,919,998,1079,820
ENSG00000085449.15,WDFY1,1484,1549,859,1185,2058,1225,1254
ENSG00000085465.13,OVGP1,45,34,48,43,39,25,39
ENSG00000085491.17,SLC25A24,3625,3187,2380,3288,3609,3025,2753
ENSG00000085511.20,MAP3K4,1101,931,803,961,1182,1142,748
ENSG00000085552.18,IGSF9,79,157,182,115,641,65,226
ENSG00000085563.15,ABCB1,66,0,969,58,283,253,130
ENSG00000085644.15,ZNF213,531,458,319,450,919,445,487
ENSG00000085662.14,AKR1B1,2720,1181,2908,2710,1596,1890,2160
ENSG00000085719.13,CPNE3,2692,1984,2221,2026,2494,2417,1815
ENSG00000085721.13,RRN3,1391,508,1353,1290,856,626,1322
ENSG00000085733.16,CTTN,13959,6141,13580,11458,5634,9871,8147
ENSG00000085741.14,WNT11,15,17,1,12,56,30,8
ENSG00000085760.15,MTIF2,831,508,733,811,732,600,513
ENSG00000085788.14,DDHD2,1743,1691,1130,1569,2708,1409,1164
ENSG00000085831.16,TTC39A,275,40,57,51,46,86,19
ENSG00000085832.18,EPS15,2307,2035,1146,1874,2080,1758,1493
ENSG00000085840.13,ORC1,85,307,173,297,294,59,96
ENSG00000085871.9,MGST2,413,270,558,443,255,452,291
ENSG00000085872.15,CHERP,1397,1560,1379,1414,2372,1605,1819
ENSG00000085978.22,ATG16L1,1147,640,829,972,766,756,671
ENSG00000085982.16,USP40,1163,1239,679,855,1407,976,709
ENSG00000085998.15,POMGNT1,2695,2282,3044,2131,2495,2166,1848
ENSG00000085999.13,RAD54L,105,415,276,308,351,47,91
ENSG00000086015.23,MAST2,2596,2385,1641,1856,2277,1812,1348
ENSG00000086061.16,DNAJA1,7008,5692,6364,7575,9192,5639,5473
ENSG00000086062.13,B4GALT1,4467,3228,4782,2656,4646,4270,3296
ENSG00000086065.14,CHMP5,2536,1326,1697,2023,2076,1790,1612
ENSG00000086102.19,NFX1,1368,1042,990,1281,1371,1054,1089
ENSG00000086189.11,DIMT1,706,471,704,721,643,608,651
ENSG00000086200.17,IPO11,718,593,578,732,731,665,613
ENSG00000086205.18,FOLH1,0,19,3,0,63,0,26
ENSG00000086232.13,EIF2AK1,4771,3110,3108,4428,4485,4333,3303
ENSG00000086289.13,EPDR1,1810,596,1488,967,487,1620,910
ENSG00000086300.17,SNX10,25,25,45,30,91,49,45
ENSG00000086475.15,SEPHS1,1782,2479,1650,1919,3091,1526,1620
ENSG00000086544.4,ITPKC,757,612,618,544,739,648,770
ENSG00000086570.13,FAT2,76,969,16,44,965,43,13
ENSG00000086589.12,RBM22,1302,1261,1085,1339,1848,1134,1307
ENSG00000086598.11,TMED2,9465,5134,8724,8336,7370,8516,6059
ENSG00000086619.15,ERO1B,284,335,227,249,534,322,131
ENSG00000086666.19,ZFAND6,1986,1323,1469,1345,1794,1285,1219
ENSG00000086696.11,HSD17B2,293,129,19,84,176,11,94
ENSG00000086712.13,TXLNG,598,807,869,547,1054,852,731
ENSG00000086758.17,HUWE1,9134,10696,7610,8845,8702,11817,10454
ENSG00000086827.9,ZW10,679,695,567,726,913,708,546
ENSG00000086848.15,ALG9,277,470,313,260,434,213,178
ENSG00000086991.13,NOX4,6470,222,2215,3364,2732,4154,3763
ENSG00000087008.16,ACOX3,1268,455,703,1304,1021,840,849
ENSG00000087053.20,MTMR2,2538,1157,1602,2409,1880,2092,1969
ENSG00000087074.9,PPP1R15A,1502,1036,1419,1315,1525,1504,1746
ENSG00000087076.9,HSD17B14,1001,391,321,401,548,333,383
ENSG00000087077.14,TRIP6,2045,1818,2441,2181,2123,1555,1598
ENSG00000087085.16,ACHE,646,122,745,476,189,505,459
ENSG00000087086.15,FTL,93058,24330,30081,42951,43300,53984,53059
ENSG00000087087.20,SRRT,3358,3375,4342,3925,3938,2348,2967
ENSG00000087088.21,BAX,3177,1738,2960,2448,2877,2361,2186
ENSG00000087095.13,NLK,1055,376,687,830,607,961,1003
ENSG00000087111.22,PIGS,3553,2068,3326,2314,1813,2631,2077
ENSG00000087116.17,ADAMTS2,55,4882,52,220,1543,343,556
ENSG00000087152.16,ATXN7L3,3996,3433,2814,3231,5137,3223,3157
ENSG00000087157.19,PGS1,690,971,594,603,1058,623,556
ENSG00000087191.14,PSMC5,3749,2303,3885,3682,3097,2872,2899
ENSG00000087206.17,UIMC1,636,546,624,644,726,464,421
ENSG00000087245.13,MMP2,74755,28003,23428,24444,60242,59397,44220
ENSG00000087253.13,LPCAT2,5775,586,2112,1673,1552,5217,1786
ENSG00000087258.16,GNAO1,148,21,15,34,104,104,57
ENSG00000087263.17,OGFOD1,2217,1228,1779,2170,1824,2219,1851
ENSG00000087266.17,SH3BP2,1307,1912,1391,1367,1879,1025,1253
ENSG00000087269.16,NOP14,1047,756,1119,1180,1050,1025,1054
ENSG00000087274.19,ADD1,9953,8851,7047,8173,9833,8240,8101
ENSG00000087299.12,L2HGDH,282,217,209,239,341,205,175
ENSG00000087301.9,TXNDC16,410,668,230,276,750,224,244
ENSG00000087302.9,RTRAF,3971,2646,2763,3280,3718,2944,2645
ENSG00000087303.19,NID2,90,3462,148,375,577,253,1562
ENSG00000087338.5,GMCL1,917,742,400,710,1024,793,638
ENSG00000087365.16,SF3B2,5817,5463,5616,6177,6982,5120,5303
ENSG00000087448.11,KLHL42,1560,1134,1394,1518,1658,1325,1333
ENSG00000087460.29,GNAS,55710,54128,36103,43717,67235,42603,51547
ENSG00000087470.21,DNM1L,2997,2172,2563,2773,2773,2540,2290
ENSG00000087494.16,PTHLH,837,10,626,383,132,1015,1064
ENSG00000087495.17,PHACTR3,0,228,4,2,1919,0,3
ENSG00000087502.19,ERGIC2,1917,1562,1593,1268,1581,1798,1136
ENSG00000087510.7,TFAP2C,64,27,78,205,102,107,83
ENSG00000087586.18,AURKA,537,1009,1109,1210,706,358,401
ENSG00000087589.17,CASS4,23,9,5,6,8,29,31
ENSG00000087842.11,PIR,275,302,119,184,462,142,159
ENSG00000087884.16,AAMDC,490,332,325,390,441,301,317
ENSG00000087903.13,RFX2,94,162,117,106,306,121,134
ENSG00000087995.16,METTL2A,612,456,624,492,551,448,427
ENSG00000088035.18,ALG6,356,288,359,281,422,265,210
ENSG00000088038.20,CNOT3,1818,1669,1416,1870,2519,1490,1719
ENSG00000088053.11,GP6,27,3,38,2,1,82,24
ENSG00000088179.9,PTPN4,705,404,412,455,975,699,482
ENSG00000088205.13,DDX18,2135,1467,2071,2578,2150,1976,2035
ENSG00000088247.19,KHSRP,5624,6642,4401,5987,8937,5524,7023
ENSG00000088256.9,GNA11,2541,2155,2160,2332,3377,2593,2570
ENSG00000088280.20,ASAP3,1189,1781,1011,1003,1681,734,793
ENSG00000088298.13,EDEM2,1974,511,2472,946,727,1489,890
ENSG00000088305.19,DNMT3B,304,782,369,667,528,236,341
ENSG00000088325.16,TPX2,1146,4184,2264,3154,2870,741,1131
ENSG00000088340.17,FER1L4,155,107,51,55,41,46,11
ENSG00000088356.6,PDRG1,627,356,627,556,661,468,559
ENSG00000088367.23,EPB41L1,1999,1533,1064,1187,2909,2459,2113
ENSG00000088387.22,DOCK9,1522,546,828,730,1203,1739,1034
ENSG00000088448.14,ANKRD10,1509,1608,1621,1448,1687,843,1227
ENSG00000088451.11,TGDS,342,211,230,312,240,259,204
ENSG00000088538.13,DOCK3,327,19,201,106,252,310,259
ENSG00000088543.15,C3orf18,226,302,209,185,380,189,141
ENSG00000088682.14,COQ9,1007,611,853,688,1087,747,578
ENSG00000088726.16,TMEM40,48,13,38,47,2,15,3
ENSG00000088727.14,KIF9,73,39,71,70,90,64,63
ENSG00000088756.13,ARHGAP28,1160,4463,210,963,3377,738,789
ENSG00000088766.12,CRLS1,130,42,116,67,288,292,234
ENSG00000088808.18,PPP1R13B,428,184,213,208,401,341,341
ENSG00000088812.18,ATRN,3440,2827,2630,2670,4119,4094,3067
ENSG00000088826.18,SMOX,912,521,966,774,1167,1364,1110
ENSG00000088832.18,FKBP1A,6466,3024,5448,6284,4573,7208,7076
ENSG00000088833.18,NSFL1C,2843,1602,2317,2423,2329,2445,1995
ENSG00000088836.14,SLC4A11,79,33,139,61,50,116,74
ENSG00000088854.13,DNAAF9,1485,1216,1091,1265,1269,1375,1132
ENSG00000088876.13,ZNF343,262,262,267,245,301,208,142
ENSG00000088881.22,EBF4,49,379,69,33,407,64,122
ENSG00000088882.8,CPXM1,2926,14600,4639,4201,9357,2449,4997
ENSG00000088888.18,MAVS,4801,3070,3273,4048,4295,4782,4222
ENSG00000088899.16,LZTS3,876,308,1000,605,551,900,515
ENSG00000088930.8,XRN2,3654,3462,2740,3401,4057,2947,2825
ENSG00000088970.16,KIZ,419,289,203,249,430,261,218
ENSG00000088986.11,DYNLL1,7597,4490,6270,6275,6536,5328,5758
ENSG00000089006.17,SNX5,2100,2237,1760,2115,1937,1412,1272
ENSG00000089022.15,MAPKAPK5,957,719,904,902,1097,801,794
ENSG00000089041.17,P2RX7,5,28,15,8,31,5,4
ENSG00000089048.15,ESF1,641,477,478,530,760,467,469
ENSG00000089050.16,RBBP9,991,795,592,712,972,734,769
ENSG00000089053.13,ANAPC5,4782,3490,3490,3910,4011,3480,2654
ENSG00000089057.15,SLC23A2,1920,1507,937,1057,1492,1052,1009
ENSG00000089060.12,SLC8B1,301,599,456,275,399,264,235
ENSG00000089063.15,TMEM230,3416,2077,2130,1975,3337,2931,2386
ENSG00000089091.17,DZANK1,106,78,110,89,133,94,59
ENSG00000089094.20,KDM2B,845,1154,683,850,1988,639,769
ENSG00000089123.16,TASP1,199,103,150,155,218,188,145
ENSG00000089127.15,OAS1,44,50,88,723,716,117,10
ENSG00000089154.11,GCN1,5113,5143,5876,5663,4781,5804,4661
ENSG00000089159.17,PXN,4849,3011,4178,4079,3293,4303,4448
ENSG00000089163.4,SIRT4,33,37,37,52,55,22,20
ENSG00000089177.20,KIF16B,585,431,320,526,434,525,380
ENSG00000089195.15,TRMT6,547,343,541,643,596,572,555
ENSG00000089199.10,CHGB,69,31,135,49,148,287,148
ENSG00000089220.5,PEBP1,9191,6151,6259,7990,7118,4999,4898
ENSG00000089234.16,BRAP,913,703,645,729,1132,826,778
ENSG00000089248.7,ERP29,4058,3342,4394,3788,2864,2157,1854
ENSG00000089280.19,FUS,7216,11116,7949,8588,9691,5207,6255
ENSG00000089289.16,IGBP1,1612,1140,988,960,1206,885,826
ENSG00000089327.15,FXYD5,2015,1276,2258,2050,1889,2152,1549
ENSG00000089335.22,ZNF302,785,1148,667,636,1341,585,574
ENSG00000089351.15,GRAMD1A,2674,2160,2153,1703,3205,2205,2291
ENSG00000089472.18,HEPH,2809,6388,1764,1888,7188,1669,2800
ENSG00000089486.17,CDIP1,1751,1025,1394,1280,1566,1654,1236
ENSG00000089505.18,CMTM1,66,92,34,38,142,110,65
ENSG00000089597.18,GANAB,20754,19963,19931,20057,16813,17499,14485
ENSG00000089639.11,GMIP,1081,630,794,913,1699,1067,1273
ENSG00000089682.17,RBM41,743,578,536,605,936,824,527
ENSG00000089685.15,BIRC5,475,1770,1030,1333,1302,237,421
ENSG00000089692.9,LAG3,24,43,49,53,92,28,60
ENSG00000089693.11,MLF2,6416,3644,5742,6064,5932,6438,7201
ENSG00000089723.10,OTUB2,127,113,105,69,128,79,47
ENSG00000089737.19,DDX24,3681,2961,3103,3654,3904,2838,2849
ENSG00000089775.12,ZBTB25,188,234,203,184,275,184,123
ENSG00000089818.18,NECAP1,917,506,707,880,708,762,551
ENSG00000089820.17,ARHGAP4,139,92,94,65,206,100,53
ENSG00000089876.12,DHX32,1378,588,977,889,982,1357,1049
ENSG00000089902.10,RCOR1,1164,1334,966,1317,1741,1202,1108
ENSG00000089916.18,GPATCH2L,1814,1794,1539,1679,2478,1753,1637
ENSG00000090006.18,LTBP4,1498,4981,877,2300,8060,1368,1084
ENSG00000090013.11,BLVRB,432,398,257,354,280,216,191
ENSG00000090020.11,SLC9A1,1708,1305,2122,1776,2141,1821,2013
ENSG00000090054.16,SPTLC1,2709,2332,2868,2157,3138,2544,1844
ENSG00000090060.19,PAPOLA,5587,4548,3818,4694,6861,4958,4816
ENSG00000090061.17,CCNK,1599,1167,1216,1655,2183,2301,2186
ENSG00000090097.22,PCBP4,1550,1501,2294,1700,1847,1348,1182
ENSG00000090104.12,RGS1,23,0,0,24,190,154,62
ENSG00000090238.12,YPEL3,503,559,241,239,1011,452,358
ENSG00000090266.13,NDUFB2,1953,864,1459,1497,1123,1493,1292
ENSG00000090273.14,NUDC,2414,1926,3000,2707,2644,2367,2241
ENSG00000090316.16,MAEA,2781,1648,2265,2463,2428,2088,1988
ENSG00000090339.9,ICAM1,1117,1914,4798,1100,374,480,614
ENSG00000090372.15,STRN4,3409,3032,2672,2959,4192,2786,3340
ENSG00000090432.7,MUL1,1212,956,933,706,1208,981,734
ENSG00000090447.12,TFAP4,59,163,81,93,173,52,66
ENSG00000090470.15,PDCD7,473,498,462,402,871,410,378
ENSG00000090487.11,SPG21,2047,1891,1281,1443,2700,1187,1223
ENSG00000090520.12,DNAJB11,1920,1207,2689,2183,2623,2308,1907
ENSG00000090530.10,P3H2,12578,11735,10245,7880,2856,6890,7592
ENSG00000090539.16,CHRD,207,274,72,94,106,154,223
ENSG00000090565.17,RAB11FIP3,1940,1945,1586,1491,2859,1564,1555
ENSG00000090581.11,GNPTG,1971,1048,1696,851,1277,1239,980
ENSG00000090612.22,ZNF268,774,662,588,479,889,587,689
ENSG00000090615.16,GOLGA3,6031,3899,3625,4815,4874,5267,3899
ENSG00000090621.15,PABPC4,3667,2956,3754,3861,3655,2993,3012
ENSG00000090661.12,CERS4,487,406,342,208,553,218,278
ENSG00000090674.16,MCOLN1,1315,422,1013,827,790,777,814
ENSG00000090686.16,USP48,2309,2404,1695,2193,2668,2160,1631
ENSG00000090776.6,EFNB1,470,2720,678,508,1439,625,723
ENSG00000090857.14,PDPR,2670,3866,1166,2399,3475,2199,1289
ENSG00000090861.17,AARS1,3416,2921,2830,3346,3261,2566,2468
ENSG00000090863.12,GLG1,9783,10805,8518,8577,11155,9174,7481
ENSG00000090889.12,KIF4A,303,1724,646,1031,1068,177,257
ENSG00000090905.19,TNRC6A,2466,2928,1763,2427,3925,2344,2057
ENSG00000090924.15,PLEKHG2,4602,5211,4300,5070,6248,3906,5202
ENSG00000090971.5,NAT14,2492,1168,2041,1286,2648,1097,1398
ENSG00000090975.14,PITPNM2,204,316,165,243,367,373,369
ENSG00000090989.18,EXOC1,1336,977,1063,1063,1255,1099,1066
ENSG00000091009.8,RBM27,385,356,406,429,534,373,342
ENSG00000091039.17,OSBPL8,4679,3278,2131,3773,5948,4415,3989
ENSG00000091073.20,DTX2,471,255,432,392,460,352,364
ENSG00000091127.14,PUS7,701,329,885,846,451,758,632
ENSG00000091129.22,NRCAM,98,93,198,172,155,118,313
ENSG00000091136.15,LAMB1,36212,31350,33152,32182,30275,33952,25057
ENSG00000091140.15,DLD,2257,1793,1845,1784,2060,1412,1315
ENSG00000091157.15,WDR7,965,739,585,673,904,837,763
ENSG00000091164.13,TXNL1,1599,1208,1397,1502,1954,1464,1289
ENSG00000091262.17,ABCC6,1011,85,179,215,150,282,153
ENSG00000091317.8,CMTM6,3350,2685,2914,2575,2791,2590,2184
ENSG00000091409.16,ITGA6,2579,1224,2575,1909,989,2104,867
ENSG00000091428.18,RAPGEF4,38,24,6,13,68,21,53
ENSG00000091436.17,MAP3K20,2720,2929,2776,2821,2497,2564,2054
ENSG00000091483.8,FH,1832,1565,1711,2116,1463,1203,1496
ENSG00000091490.11,SEL1L3,1449,551,1895,2389,1373,1500,1258
ENSG00000091527.17,CDV3,6730,5085,6897,7438,6474,6452,6068
ENSG00000091542.9,ALKBH5,2258,1326,1492,1629,2337,1825,1839
ENSG00000091592.17,NLRP1,44,19,55,103,82,64,35
ENSG00000091622.16,PITPNM3,140,27,75,135,2940,185,164
ENSG00000091640.8,SPAG7,1825,1089,1721,1422,1286,1369,1229
ENSG00000091651.9,ORC6,418,838,489,565,657,210,317
ENSG00000091656.19,ZFHX4,1087,8334,533,1334,6661,1182,1209
ENSG00000091732.17,ZC3HC1,724,566,636,721,697,446,580
ENSG00000091844.8,RGS17,177,82,196,200,120,233,200
ENSG00000091879.14,ANGPT2,17,30,11,44,23,8,96
ENSG00000091947.10,TMEM101,584,496,648,483,463,274,327
ENSG00000091972.18,CD200,2127,851,1418,2241,2011,1646,411
ENSG00000091986.16,CCDC80,15036,22956,9449,26657,22670,15317,15144
ENSG00000092010.15,PSME1,1065,1084,1178,842,641,318,327
ENSG00000092020.11,PPP2R3C,648,454,533,573,889,463,569
ENSG00000092036.19,HAUS4,139,380,118,156,284,107,91
ENSG00000092051.18,JPH4,213,456,63,301,600,53,141
ENSG00000092068.21,SLC7A8,744,295,565,750,1969,395,4870
ENSG00000092094.11,OSGEP,677,813,887,803,701,373,459
ENSG00000092096.19,SLC22A17,3192,2099,1506,1381,4559,2672,2423
ENSG00000092098.18,RNF31,55,43,73,59,82,23,34
ENSG00000092108.22,SCFD1,1827,1178,1147,1514,1696,1686,1364
ENSG00000092140.16,G2E3,656,1156,568,736,980,493,439
ENSG00000092148.14,HECTD1,4981,5904,3580,4697,5431,5023,4074
ENSG00000092199.19,HNRNPC,12506,11091,10033,12837,14945,9514,9004
ENSG00000092201.10,SUPT16H,4057,5488,3459,4665,5942,3079,3511
ENSG00000092203.15,TOX4,2653,1840,1748,2107,2462,2143,1931
ENSG00000092208.19,GEMIN2,231,209,213,257,271,123,143
ENSG00000092295.12,TGM1,20,12,60,56,24,25,29
ENSG00000092330.19,TINF2,1323,883,817,1056,1290,885,788
ENSG00000092421.17,SEMA6A,1675,1550,1103,583,7110,1928,2066
ENSG00000092439.16,TRPM7,1635,1527,1107,1531,1572,1178,1008
ENSG00000092445.12,TYRO3,1706,1621,2142,833,2818,1899,926
ENSG00000092470.12,WDR76,127,513,128,206,338,40,56
ENSG00000092531.10,SNAP23,3611,1631,2660,3089,2265,2742,2299
ENSG00000092607.15,TBX15,2,106,2,63,64,14,17
ENSG00000092621.13,PHGDH,2185,2035,1198,2579,2467,997,1215
ENSG00000092758.18,COL9A3,350,944,197,871,8765,884,268
ENSG00000092820.19,EZR,3814,1666,11257,3821,1927,2728,4664
ENSG00000092841.19,MYL6,42933,18105,36434,40455,27470,28339,29734
ENSG00000092847.14,AGO1,1781,1665,1040,1591,3158,1429,1580
ENSG00000092850.12,TEKT2,7,38,13,20,77,7,9
ENSG00000092853.14,CLSPN,262,919,352,624,663,105,142
ENSG00000092871.17,RFFL,368,282,467,196,325,350,222
ENSG00000092929.13,UNC13D,76,28,120,33,28,65,28
ENSG00000092931.12,MFSD11,756,451,510,451,660,511,324
ENSG00000092964.18,DPYSL2,2726,3334,4155,3608,3881,2133,2935
ENSG00000092969.12,TGFB2,14539,6487,14289,13462,10980,13115,14944
ENSG00000092978.11,GPATCH2,485,424,323,409,753,457,475
ENSG00000093000.19,NUP50,1423,1714,1345,1609,2065,1281,1198
ENSG00000093009.11,CDC45,108,410,214,355,279,55,71
ENSG00000093010.15,COMT,2131,131,2730,1411,442,1380,1589
ENSG00000093072.19,ADA2,1423,261,322,412,583,741,202
ENSG00000093144.19,ECHDC1,1357,837,1351,1374,1373,1223,1075
ENSG00000093167.18,LRRFIP2,1321,907,1086,1658,1282,1504,1295
ENSG00000093183.14,SEC22C,1565,1294,1337,1337,1559,1184,1016
ENSG00000093217.11,XYLB,87,148,52,97,112,67,34
ENSG00000094631.22,HDAC6,2144,2663,2142,2295,2381,1438,1362
ENSG00000094804.12,CDC6,382,823,508,964,1157,187,347
ENSG00000094841.14,UPRT,375,212,222,364,360,294,207
ENSG00000094880.11,CDC23,1621,1385,1221,1355,1647,1131,1128
ENSG00000094914.14,AAAS,1216,1150,1247,1156,1236,718,737
ENSG00000094916.16,CBX5,5936,10235,4564,6051,9317,5449,5252
ENSG00000094975.15,SUCO,6119,2360,3285,4256,4200,3522,12770
ENSG00000095002.15,MSH2,995,1515,693,1055,1659,728,738
ENSG00000095015.6,MAP3K1,476,535,375,499,811,486,451
ENSG00000095059.17,DHPS,69,101,109,88,73,32,52
ENSG00000095066.12,HOOK2,670,420,500,546,528,312,345
ENSG00000095139.15,ARCN1,12023,6971,6768,9816,8711,10353,8829
ENSG00000095203.15,EPB41L4B,32,79,39,53,145,86,47
ENSG00000095209.12,TMEM38B,244,288,249,206,333,174,229
ENSG00000095261.14,PSMD5,1778,1152,1083,1603,1581,1786,1441
ENSG00000095319.14,NUP188,2896,2931,2493,3454,2839,2193,2634
ENSG00000095321.18,CRAT,1132,1284,1108,700,1466,1066,833
ENSG00000095370.20,SH2D3C,115,767,407,384,884,160,457
ENSG00000095380.11,NANS,1139,834,802,1100,924,949,920
ENSG00000095383.20,TBC1D2,523,261,295,123,270,292,345
ENSG00000095397.17,WHRN,471,484,264,340,912,338,474
ENSG00000095485.18,CWF19L1,549,427,414,506,518,282,287
ENSG00000095539.16,SEMA4G,495,354,342,228,497,366,215
ENSG00000095564.15,BTAF1,1267,1543,1463,1353,1735,1233,1206
ENSG00000095574.12,IKZF5,355,324,236,361,453,330,300
ENSG00000095587.9,TLL2,68,429,282,195,222,146,146
ENSG00000095596.12,CYP26A1,104,2,0,4,191,6,2
ENSG00000095637.23,SORBS1,156,837,204,253,2647,150,449
ENSG00000095713.14,CRTAC1,6,6,4,10,85,41,49
ENSG00000095739.11,BAMBI,1847,1823,715,916,1857,1009,739
ENSG00000095752.7,IL11,8377,154,7318,5869,897,8556,4417
ENSG00000095787.26,WAC,4609,3501,2816,4053,5641,3953,3845
ENSG00000095794.21,CREM,548,362,409,484,495,561,533
ENSG00000095906.17,NUBP2,1271,910,966,912,1474,1005,941
ENSG00000095951.17,HIVEP1,1772,1453,982,1925,1343,1776,1702
ENSG00000096060.15,FKBP5,590,2045,590,734,642,364,309
ENSG00000096063.16,SRPK1,2529,1705,2114,2441,2100,1980,1822
ENSG00000096070.19,BRPF3,2363,1516,1162,1585,2314,2098,2066
ENSG00000096092.6,TMEM14A,526,335,444,399,403,353,269
ENSG00000096093.16,EFHC1,599,412,610,480,565,416,372
ENSG00000096384.20,HSP90AB1,28782,23022,35748,38839,22849,24591,25414
ENSG00000096401.8,CDC5L,1809,1947,1371,1810,2363,1469,1431
ENSG00000096433.11,ITPR3,875,251,276,209,658,494,150
ENSG00000096654.16,ZNF184,304,422,231,315,695,230,236
ENSG00000096696.16,DSP,7815,4499,10568,22490,8585,20938,27087
ENSG00000096717.12,SIRT1,669,820,451,673,1030,556,569
ENSG00000096746.18,HNRNPH3,3351,4691,3162,4166,5328,2473,2505
ENSG00000096872.17,IFT74,346,329,242,291,501,358,248
ENSG00000096968.14,JAK2,467,378,293,365,585,540,392
ENSG00000097007.20,ABL1,4412,7508,3690,4858,10096,4435,4801
ENSG00000097021.21,ACOT7,2345,900,3331,2572,1269,1696,1475
ENSG00000097033.15,SH3GLB1,5435,2858,3186,4026,3968,6356,4509
ENSG00000097046.13,CDC7,291,522,207,224,470,133,154
ENSG00000097096.10,SYDE2,322,417,106,245,435,284,187
ENSG00000099139.14,PCSK5,2582,1162,1386,1954,1793,1922,2562
ENSG00000099194.6,SCD,45059,30192,32760,56855,31882,18218,28638
ENSG00000099203.7,TMED1,1257,866,1333,841,851,852,662
ENSG00000099204.22,ABLIM1,7565,2392,3828,5043,3683,6346,5654
ENSG00000099219.15,ERMP1,1615,729,877,562,552,932,487
ENSG00000099246.18,RAB18,4319,2237,2962,3530,3727,4232,3117
ENSG00000099250.18,NRP1,2394,3984,3145,2042,2622,3681,2304
ENSG00000099256.19,PRTFDC1,332,278,287,379,560,277,254
ENSG00000099260.12,PALMD,196,1183,58,271,762,149,238
ENSG00000099282.10,TSPAN15,115,152,269,111,157,67,104
ENSG00000099284.15,MACROH2A2,3503,2469,2160,2926,3025,2849,2815
ENSG00000099290.17,WASHC2A,2097,1205,1412,1718,1677,1299,1412
ENSG00000099308.13,MAST3,415,246,219,281,587,341,267
ENSG00000099326.9,MZF1,741,439,575,515,643,463,426
ENSG00000099330.9,OCEL1,254,127,184,142,185,160,175
ENSG00000099331.14,MYO9B,5978,5027,4462,5202,7176,5763,5501
ENSG00000099337.5,KCNK6,1650,1050,1146,579,309,1736,506
ENSG00000099338.23,CATSPERG,60,7,34,22,41,40,17
ENSG00000099341.13,PSMD8,5052,2601,4126,4264,4028,4304,4380
ENSG00000099364.18,FBXL19,2139,1709,1874,1810,3429,2171,2566
ENSG00000099365.11,STX1B,107,424,188,133,541,144,152
ENSG00000099377.14,HSD3B7,326,363,243,221,257,247,211
ENSG00000099381.20,SETD1A,1096,1184,983,1045,1990,1317,1400
ENSG00000099385.12,BCL7C,1798,1100,1397,1297,1889,1791,1865
ENSG00000099617.4,EFNA2,284,465,107,202,863,214,205
ENSG00000099622.14,CIRBP,4650,5081,3419,3079,4469,1936,2147
ENSG00000099624.8,ATP5F1D,1575,869,1410,1101,1461,1197,1266
ENSG00000099625.14,CBARP,447,179,476,262,610,472,612
ENSG00000099725.14,PRKY,273,0,0,240,1,0,0
ENSG00000099783.13,HNRNPM,4989,6690,6084,6964,7947,4719,5059
ENSG00000099785.11,MARCHF2,1014,241,600,415,455,716,625
ENSG00000099795.7,NDUFB7,1919,1075,1307,1227,1416,1270,1312
ENSG00000099797.15,TECR,1969,1710,1734,1824,2219,1342,1581
ENSG00000099800.8,TIMM13,1696,961,1528,1518,1421,1212,1439
ENSG00000099804.9,CDC34,3942,1525,2617,2862,2898,2890,2922
ENSG00000099810.21,MTAP,1198,1002,1319,1301,1327,1149,997
ENSG00000099812.9,MISP,87,8,15,53,32,34,19
ENSG00000099814.17,CEP170B,2291,826,2985,2599,2941,4051,2991
ENSG00000099817.12,POLR2E,3521,2360,2710,3142,3802,2908,3245
ENSG00000099821.14,POLRMT,1281,808,1591,1108,1291,1090,1197
ENSG00000099822.3,HCN2,104,32,47,33,108,123,92
ENSG00000099840.14,IZUMO4,101,47,95,91,79,64,57
ENSG00000099849.15,RASSF7,1204,125,960,620,231,894,443
ENSG00000099860.9,GADD45B,2481,1629,1511,2642,6328,1878,2188
ENSG00000099864.18,PALM,5913,2389,1543,1883,5364,2627,2435
ENSG00000099875.16,MKNK2,2764,1658,2098,2188,2861,2215,2520
ENSG00000099889.14,ARVCF,668,435,1375,693,836,555,501
ENSG00000099899.16,TRMT2A,1450,739,1185,1063,1286,895,963
ENSG00000099901.18,RANBP1,2008,2013,2176,2505,3087,1813,1888
ENSG00000099904.16,ZDHHC8,1978,1639,2355,1809,2763,1664,1633
ENSG00000099910.17,KLHL22,833,1035,509,511,1314,558,477
ENSG00000099917.17,MED15,3148,2239,2974,2971,2676,2763,2970
ENSG00000099940.12,SNAP29,1340,987,859,965,1387,1144,1103
ENSG00000099942.13,CRKL,1850,2283,1510,1670,2811,1509,1420
ENSG00000099949.22,LZTR1,973,764,1450,862,1175,653,837
ENSG00000099953.10,MMP11,4837,1842,1073,771,4445,829,990
ENSG00000099954.19,CECR2,508,457,314,577,524,369,568
ENSG00000099956.20,SMARCB1,3101,2969,2089,2701,4136,2097,2276
ENSG00000099957.17,P2RX6,36,50,21,14,11,18,13
ENSG00000099958.15,DERL3,49,53,25,58,149,40,50
ENSG00000099968.18,BCL2L13,3527,1212,1967,2570,1735,2510,2591
ENSG00000099977.16,DDT,573,214,344,349,257,202,228
ENSG00000099991.18,CABIN1,2556,3511,1437,2117,3980,2280,2239
ENSG00000099992.16,TBC1D10A,981,213,731,616,603,759,737
ENSG00000099994.11,SUSD2,82,45,9,36,93,43,63
ENSG00000099995.19,SF3A1,2671,2879,2444,2960,3567,2559,2617
ENSG00000099998.19,GGT5,138,210,75,131,187,48,143
ENSG00000099999.15,RNF215,1091,637,1087,777,988,565,573
ENSG00000100003.18,SEC14L2,206,222,289,235,217,196,286
ENSG00000100014.20,SPECC1L,1249,1124,1128,1029,1598,1097,1010
ENSG00000100023.20,PPIL2,1816,1389,1536,1525,1835,1511,1221
ENSG00000100027.17,YPEL1,170,257,52,51,611,60,74
ENSG00000100028.12,SNRPD3,1212,1064,938,992,1299,875,907
ENSG00000100029.18,PES1,1856,1376,2049,1934,1829,1713,1766
ENSG00000100030.15,MAPK1,4989,3447,3362,4204,4771,4186,4188
ENSG00000100031.19,GGT1,86,0,61,25,1,40,25
ENSG00000100034.14,PPM1F,1891,1687,1505,1563,2138,1538,1340
ENSG00000100036.13,SLC35E4,118,187,427,105,185,184,117
ENSG00000100038.20,TOP3B,684,661,757,816,884,440,574
ENSG00000100056.12,ESS2,675,532,585,672,888,520,596
ENSG00000100060.18,MFNG,52,0,65,37,16,10,13
ENSG00000100065.15,CARD10,1653,535,1930,1771,202,999,677
ENSG00000100075.10,SLC25A1,3939,2165,3954,3900,3104,2474,2998
ENSG00000100077.16,GRK3,323,158,205,242,291,302,237
ENSG00000100078.4,PLA2G3,142,289,131,351,744,26,58
ENSG00000100083.19,GGA1,1383,987,1597,1259,1435,957,1057
ENSG00000100084.14,HIRA,443,362,425,387,437,379,318
ENSG00000100092.24,SH3BP1,285,60,130,151,180,290,366
ENSG00000100095.19,SEZ6L,4,9,15,15,144,59,56
ENSG00000100097.12,LGALS1,3094,8679,4639,3378,4120,4849,2895
ENSG00000100099.22,HPS4,1141,1101,1078,1255,1518,916,958
ENSG00000100100.13,PIK3IP1,3026,580,2236,1020,1470,1921,1954
ENSG00000100104.13,SRRD,1203,702,799,1013,1329,990,867
ENSG00000100105.18,PATZ1,1061,1258,952,953,1810,737,1058
ENSG00000100106.22,TRIOBP,5988,2677,3354,2716,3203,3922,3467
ENSG00000100109.17,TFIP11,1247,1001,1113,1181,1254,1067,1039
ENSG00000100116.17,GCAT,410,233,449,523,332,368,393
ENSG00000100121.14,GGTLC2,20,3,13,41,7,29,38
ENSG00000100124.15,ANKRD54,841,430,614,637,885,493,619
ENSG00000100129.18,EIF3L,4795,4856,2758,3509,5046,3145,3171
ENSG00000100138.15,SNU13,2559,1718,2257,2124,2002,1669,1715
ENSG00000100139.14,MICALL1,4603,2000,3288,4154,2900,4113,4358
ENSG00000100142.16,POLR2F,993,636,824,858,1208,783,843
ENSG00000100147.14,CCDC134,582,482,649,517,552,537,429
ENSG00000100150.20,DEPDC5,277,296,239,215,339,174,205
ENSG00000100151.16,PICK1,1139,600,1111,714,611,688,546
ENSG00000100154.15,TTC28,1397,3083,661,1139,3555,1687,1588
ENSG00000100162.15,CENPM,65,206,158,154,114,41,58
ENSG00000100167.21,SEPTIN3,69,197,56,52,741,83,100
ENSG00000100196.11,KDELR3,4463,1485,2559,3044,2194,5292,2924
ENSG00000100201.23,DDX17,11986,18470,10197,12676,19624,8466,8434
ENSG00000100206.11,DMC1,4,79,17,15,44,4,3
ENSG00000100207.21,TCF20,1150,1466,793,1154,2258,1118,1114
ENSG00000100209.11,HSCB,174,160,163,164,218,159,177
ENSG00000100211.12,CBY1,583,585,460,478,618,359,327
ENSG00000100216.6,TOMM22,1558,984,1208,1216,1247,1033,1081
ENSG00000100219.17,XBP1,3451,1651,3651,3298,2902,3194,2644
ENSG00000100220.12,RTCB,3623,2228,3078,3394,2629,2722,2525
ENSG00000100221.11,JOSD1,3126,2303,2295,2342,2920,2313,1650
ENSG00000100225.18,FBXO7,3069,2059,2112,2470,2907,2422,2497
ENSG00000100226.16,GTPBP1,2031,1742,1263,1957,2260,1702,1634
ENSG00000100228.14,RAB36,239,220,240,220,591,371,269
ENSG00000100234.12,TIMP3,5930,6450,4248,3801,9959,4619,6523
ENSG00000100239.16,PPP6R2,2489,1856,2139,1857,3053,1753,1729
ENSG00000100241.22,SBF1,4520,4171,3315,3685,5367,3580,3269
ENSG00000100242.16,SUN2,2840,4491,2950,3053,4508,2185,1925
ENSG00000100243.22,CYB5R3,7922,3958,5610,5542,5405,6685,6015
ENSG00000100246.13,DNAL4,425,400,262,303,582,272,321
ENSG00000100258.18,LMF2,3853,2787,3837,3308,3045,3733,3121
ENSG00000100263.14,RHBDD3,963,756,853,657,868,472,590
ENSG00000100266.19,PACSIN2,3826,1903,3259,2483,2022,3050,2571
ENSG00000100271.17,TTLL1,533,433,288,317,675,331,306
ENSG00000100280.17,AP1B1,4129,2622,3386,3518,3064,3279,3085
ENSG00000100281.14,HMGXB4,878,1251,633,961,1481,778,713
ENSG00000100284.22,TOM1,2106,1055,956,1077,1453,1202,1229
ENSG00000100285.10,NEFH,89,132,69,95,580,161,81
ENSG00000100288.20,CHKB,70,72,98,64,116,35,49
ENSG00000100292.18,HMOX1,177,251,80,150,353,150,249
ENSG00000100294.13,MCAT,289,197,234,219,388,264,248
ENSG00000100296.14,THOC5,1431,846,1558,1294,1001,1113,991
ENSG00000100297.16,MCM5,683,2034,707,1114,1421,437,422
ENSG00000100299.18,ARSA,1797,868,1585,1234,1509,1276,820
ENSG00000100300.18,TSPO,2732,1338,2127,1337,1474,2293,1458
ENSG00000100302.7,RASD2,7,65,6,3,200,9,2
ENSG00000100304.13,TTLL12,1086,1086,938,1011,1675,905,885
ENSG00000100307.13,CBX7,98,48,80,62,73,36,29
ENSG00000100311.17,PDGFB,2210,282,2074,2774,198,1852,815
ENSG00000100319.13,ZMAT5,411,232,348,266,491,272,337
ENSG00000100320.24,RBFOX2,7638,11018,5326,7368,10821,7137,6478
ENSG00000100321.15,SYNGR1,467,841,505,336,939,507,444
ENSG00000100324.14,TAB1,836,889,640,686,1181,608,720
ENSG00000100325.15,ASCC2,1922,1149,1699,1766,1503,1628,1481
ENSG00000100330.16,MTMR3,2296,1628,1645,1821,2241,2006,1787
ENSG00000100335.15,MIEF1,1831,1268,1300,1526,1863,1539,1547
ENSG00000100336.18,APOL4,0,61,1,1,80,0,0
ENSG00000100344.11,PNPLA3,580,368,351,506,763,393,496
ENSG00000100345.23,MYH9,112281,44185,109617,133376,50349,122887,93460
ENSG00000100347.15,SAMM50,1408,1114,1355,1322,1258,1185,1031
ENSG00000100348.10,TXN2,1777,1463,1409,1408,1568,1297,1108
ENSG00000100350.16,FOXRED2,514,1415,318,431,1315,301,382
ENSG00000100353.18,EIF3D,4683,3486,4577,4324,3526,2816,3139
ENSG00000100354.21,TNRC6B,1137,1128,848,970,1650,1190,1511
ENSG00000100359.21,SGSM3,122,106,134,140,149,40,57
ENSG00000100360.15,IFT27,628,879,479,587,1048,483,498
ENSG00000100362.13,PVALB,38,226,3,9,22,9,5
ENSG00000100364.19,KIAA0930,5188,1347,3989,3827,3825,4633,5973
ENSG00000100368.15,CSF2RB,19,31,20,29,37,13,9
ENSG00000100372.15,SLC25A17,964,672,694,704,756,580,548
ENSG00000100376.12,FAM118A,461,420,475,585,544,349,384
ENSG00000100379.18,KCTD17,780,778,663,751,1405,796,676
ENSG00000100380.15,ST13,8896,7735,5595,6758,8901,5617,5861
ENSG00000100385.15,IL2RB,49,471,104,96,218,156,168
ENSG00000100387.9,RBX1,1541,969,1222,1281,1095,961,855
ENSG00000100393.15,EP300,3335,4352,2150,2978,4704,3860,3698
ENSG00000100395.15,L3MBTL2,1207,1059,887,872,1327,961,821
ENSG00000100401.21,RANGAP1,3809,2787,6159,4123,2809,3238,2478
ENSG00000100403.12,ZC3H7B,5591,6420,4803,5550,7150,4890,4784
ENSG00000100410.8,PHF5A,632,549,529,633,757,409,422
ENSG00000100412.17,ACO2,3177,2680,2910,2535,2832,2511,2237
ENSG00000100413.17,POLR3H,1950,1157,1296,1498,1957,1456,1318
ENSG00000100416.15,TRMU,591,816,923,837,925,371,519
ENSG00000100417.12,PMM1,1011,583,786,810,549,659,475
ENSG00000100418.8,DESI1,2078,857,1843,1783,1155,1707,1515
ENSG00000100422.14,CERK,1488,2515,1145,1585,2904,1148,1494
ENSG00000100425.19,BRD1,977,1310,839,1043,2068,873,1028
ENSG00000100426.7,ZBED4,1657,1611,1207,1500,2774,1478,1521
ENSG00000100427.16,MLC1,2,31,3,0,272,6,2
ENSG00000100429.18,HDAC10,96,81,220,90,124,115,169
ENSG00000100439.11,ABHD4,3773,1346,1273,2603,2168,2352,2848
ENSG00000100441.10,KHNYN,3276,3755,1975,2815,4166,2853,2038
ENSG00000100442.11,FKBP3,2815,1736,2014,2263,2860,1943,1758
ENSG00000100445.18,SDR39U1,827,618,949,702,905,488,587
ENSG00000100461.18,RBM23,1801,1772,1364,1745,2154,1492,1493
ENSG00000100462.16,PRMT5,2168,1597,2171,2566,2071,1716,1719
ENSG00000100473.18,COCH,98,176,138,165,318,53,25
ENSG00000100478.16,AP4S1,215,164,170,193,190,179,143
ENSG00000100479.14,POLE2,50,176,87,134,116,43,32
ENSG00000100483.14,VCPKMT,208,182,205,212,216,180,174
ENSG00000100485.12,SOS2,1626,1055,776,1096,1471,1256,1103
ENSG00000100490.10,CDKL1,100,73,55,124,137,63,54
ENSG00000100503.27,NIN,2942,2682,2467,2580,2733,2596,2410
ENSG00000100504.17,PYGL,4882,933,1874,1834,1737,3132,1945
ENSG00000100505.14,TRIM9,328,36,111,244,251,306,366
ENSG00000100519.12,PSMC6,2093,1432,1802,2202,1853,1628,1388
ENSG00000100522.10,GNPNAT1,1185,931,1029,1194,1197,1316,1058
ENSG00000100523.17,DDHD1,818,601,606,554,965,785,547
ENSG00000100526.21,CDKN3,86,343,153,202,285,52,64
ENSG00000100528.12,CNIH1,3196,2243,2702,2091,2418,2698,2017
ENSG00000100532.13,CGRRF1,274,209,265,224,308,188,198
ENSG00000100554.12,ATP6V1D,2760,1146,2287,2321,1725,2206,2032
ENSG00000100557.10,CCDC198,408,5,843,423,36,574,297
ENSG00000100558.9,PLEK2,51,6,48,49,17,89,21
ENSG00000100564.9,PIGH,329,168,406,318,280,268,248
ENSG00000100567.13,PSMA3,2065,1279,1886,2173,2027,1522,1459
ENSG00000100568.11,VTI1B,2213,1365,1519,1495,2036,1997,1593
ENSG00000100575.14,TIMM9,436,318,406,367,454,329,270
ENSG00000100577.19,GSTZ1,401,273,334,334,408,297,317
ENSG00000100578.18,KIAA0586,686,833,563,845,859,522,519
ENSG00000100580.8,TMED8,998,798,673,732,1219,1033,827
ENSG00000100583.5,SAMD15,84,44,45,44,178,69,90
ENSG00000100591.8,AHSA1,2872,1576,2701,2980,2311,2247,2158
ENSG00000100592.16,DAAM1,988,876,660,824,1194,990,1118
ENSG00000100596.8,SPTLC2,2984,1572,2460,2169,1890,3012,2061
ENSG00000100599.16,RIN3,660,709,581,1005,746,712,737
ENSG00000100600.15,LGMN,5473,2010,5109,4286,3421,5068,4659
ENSG00000100601.10,ALKBH1,387,271,301,325,426,308,328
ENSG00000100603.14,SNW1,1440,1300,1329,1385,1779,1179,1242
ENSG00000100605.17,ITPK1,418,459,389,476,950,464,430
ENSG00000100612.14,DHRS7,1285,951,1493,1119,1553,1172,712
ENSG00000100614.18,PPM1A,1488,959,1074,1138,1653,1381,1117
ENSG00000100625.9,SIX4,248,1339,141,295,1281,251,221
ENSG00000100626.17,GALNT16,724,265,568,525,1235,737,601
ENSG00000100629.17,CEP128,129,270,200,293,255,77,124
ENSG00000100632.11,ERH,2854,2075,2132,2371,2037,1348,1519
ENSG00000100644.17,HIF1A,18685,8587,7270,14171,11055,10414,21748
ENSG00000100647.8,SUSD6,972,1012,777,807,2029,1050,1352
ENSG00000100650.16,SRSF5,3867,3350,3233,3062,3821,3084,2470
ENSG00000100664.11,EIF5,5804,3905,4917,6169,5227,5517,4872
ENSG00000100678.20,SLC8A3,37,5,19,7,77,67,26
ENSG00000100697.17,DICER1,5568,5119,3298,5356,5617,6599,4189
ENSG00000100711.14,ZFYVE21,1444,563,1224,1367,909,1005,869
ENSG00000100714.18,MTHFD1,2145,2213,2231,2633,1578,1642,1398
ENSG00000100722.20,ZC3H14,2379,1881,1831,2152,2240,1782,1601
ENSG00000100726.15,TELO2,840,1104,1085,1042,1284,712,681
ENSG00000100731.16,PCNX1,6638,3580,3143,5438,5779,7834,6057
ENSG00000100744.15,GSKIP,931,402,773,630,647,719,584
ENSG00000100749.9,VRK1,414,555,396,521,531,223,280
ENSG00000100764.14,PSMC1,2036,1290,1752,2147,1734,1507,1245
ENSG00000100767.17,PAPLN,289,313,440,149,78,153,96
ENSG00000100796.18,PPP4R3A,2012,1567,1722,2015,2646,1964,1762
ENSG00000100802.15,C14orf93,168,250,94,123,234,79,100
ENSG00000100804.19,PSMB5,5887,3027,5215,5129,3861,3699,3682
ENSG00000100811.15,YY1,3973,3197,2890,3365,4225,3719,3478
ENSG00000100813.15,ACIN1,5543,5903,6038,5986,7877,4262,5106
ENSG00000100814.19,CCNB1IP1,1060,782,864,1124,1064,744,790
ENSG00000100815.12,TRIP11,2197,1405,1468,2363,1970,2045,1448
ENSG00000100823.12,APEX1,5627,4367,4905,4294,5704,3790,4466
ENSG00000100836.11,PABPN1,1017,1301,1129,1068,1983,824,1016
ENSG00000100842.13,EFS,1363,2124,973,1285,3588,982,1322
ENSG00000100852.14,ARHGAP5,2952,2487,1784,2491,3642,3460,2926
ENSG00000100865.15,CINP,717,469,517,542,673,555,535
ENSG00000100867.15,DHRS2,29,22,25,33,88,51,122
ENSG00000100883.13,SRP54,2577,1557,1771,2121,2227,2556,2133
ENSG00000100888.15,CHD8,4340,4068,3020,3867,4818,4218,3974
ENSG00000100889.12,PCK2,681,399,671,673,490,443,357
ENSG00000100890.16,PRORP,261,180,287,284,257,176,162
ENSG00000100897.18,DCAF11,1563,1042,1055,1228,1568,1082,1033
ENSG00000100902.11,PSMA6,402,253,326,388,273,286,241
ENSG00000100906.12,NFKBIA,415,742,788,471,606,427,470
ENSG00000100908.14,EMC9,240,278,276,252,318,140,142
ENSG00000100911.16,PSME2,1228,958,1628,1294,931,768,603
ENSG00000100916.14,BRMS1L,614,442,426,462,630,480,450
ENSG00000100918.14,REC8,997,494,2504,699,745,557,755
ENSG00000100926.15,TM9SF1,398,281,364,332,431,428,338
ENSG00000100934.15,SEC23A,10538,7306,5332,9177,6610,8830,7168
ENSG00000100938.19,GMPR2,1495,1039,1147,1203,1311,990,1005
ENSG00000100941.9,PNN,2509,2695,2800,3002,3454,1816,1691
ENSG00000100949.15,RABGGTA,853,337,672,571,516,613,549
ENSG00000100968.14,NFATC4,2157,3128,1509,1553,6582,1151,1373
ENSG00000100979.15,PLTP,2939,2156,3292,1826,3474,2067,2579
ENSG00000100982.12,PCIF1,656,785,439,464,910,439,476
ENSG00000100983.12,GSS,1669,820,1646,1143,1407,1364,1250
ENSG00000100985.7,MMP9,34,288,182,115,236,77,117
ENSG00000100991.12,TRPC4AP,5459,3619,3953,4451,4332,4323,3350
ENSG00000100994.12,PYGB,11849,3986,5460,15790,5642,6538,5796
ENSG00000100997.20,ABHD12,3634,1098,2736,1776,1363,2076,1803
ENSG00000101000.6,PROCR,1218,94,1689,572,184,989,290
ENSG00000101003.12,GINS1,255,661,289,458,543,175,171
ENSG00000101004.16,NINL,980,1037,771,665,1803,659,660
ENSG00000101017.15,CD40,87,31,163,69,76,49,50
ENSG00000101019.22,UQCC1,1550,889,1293,1278,1105,1183,885
ENSG00000101040.20,ZMYND8,1547,2689,2132,1524,1753,1767,2265
ENSG00000101049.18,SGK2,48,16,52,42,6,47,35
ENSG00000101052.13,IFT52,1034,891,562,789,1399,729,737
ENSG00000101057.16,MYBL2,520,1868,816,1258,1789,227,299
ENSG00000101074.5,R3HDML,144,13,0,19,725,23,33
ENSG00000101079.21,NDRG3,1692,1117,1120,1377,1513,1117,1029
ENSG00000101084.19,RAB5IF,374,124,318,263,656,561,480
ENSG00000101096.20,NFATC2,72,140,143,145,154,163,329
ENSG00000101098.13,RIMS4,17,98,15,10,592,15,23
ENSG00000101104.13,PABPC1L,926,316,1343,746,419,356,317
ENSG00000101109.13,STK4,1181,961,959,1155,1463,1208,1056
ENSG00000101115.13,SALL4,136,140,133,329,272,112,378
ENSG00000101126.18,ADNP,3732,4461,2797,3355,6052,2763,3035
ENSG00000101132.10,PFDN4,507,338,357,467,463,406,353
ENSG00000101134.12,DOK5,62,122,28,31,296,54,55
ENSG00000101138.12,CSTF1,866,730,648,750,935,573,657
ENSG00000101144.13,BMP7,1649,362,865,965,3471,680,1147
ENSG00000101146.13,RAE1,935,836,1013,962,1077,763,865
ENSG00000101150.18,TPD52L2,4668,2237,4150,3802,3123,3685,3659
ENSG00000101152.12,DNAJC5,4422,2382,2837,3331,3704,3598,3047
ENSG00000101158.15,NELFCD,1798,1832,1687,2017,2093,1144,1542
ENSG00000101160.15,CTSZ,9102,2988,8306,6025,4878,7383,5376
ENSG00000101161.8,PRPF6,2777,2464,2375,2411,2618,1819,1806
ENSG00000101166.16,PRELID3B,1092,811,939,1139,1218,1220,957
ENSG00000101181.18,MTG2,837,490,659,460,700,488,506
ENSG00000101182.15,PSMA7,4847,3241,4348,4953,4023,2998,2890
ENSG00000101187.16,SLCO4A1,20,2,46,12,61,15,10
ENSG00000101189.7,MRGBP,692,575,597,678,1200,574,640
ENSG00000101190.13,TCFL5,472,336,264,345,727,339,314
ENSG00000101191.17,DIDO1,2374,2721,1999,2151,3323,2320,2269
ENSG00000101193.8,GID8,2017,1541,1292,1694,2231,1443,1463
ENSG00000101194.18,SLC17A9,1738,73,1184,1263,414,1721,895
ENSG00000101197.13,BIRC7,378,24,59,209,70,114,86
ENSG00000101198.15,NKAIN4,10155,211,3381,5708,1824,6634,4856
ENSG00000101199.13,ARFGAP1,8226,3613,7348,7753,5553,5833,5221
ENSG00000101210.14,EEF1A2,2632,36,2228,430,157,1922,375
ENSG00000101216.11,GMEB2,811,697,530,637,789,523,558
ENSG00000101220.18,ADISSP,538,405,564,516,589,448,518
ENSG00000101224.18,CDC25B,568,1342,742,861,1314,615,639
ENSG00000101230.6,ISM1,17,12,4,8,66,33,96
ENSG00000101236.17,RNF24,501,668,419,556,1790,686,563
ENSG00000101246.20,ARFRP1,1048,691,1086,935,883,840,758
ENSG00000101247.18,NDUFAF5,310,220,246,293,355,176,180
ENSG00000101255.12,TRIB3,166,179,311,389,371,325,211
ENSG00000101265.16,RASSF2,479,222,485,588,568,372,300
ENSG00000101266.19,CSNK2A1,4825,3100,3792,4039,4421,4402,4037
ENSG00000101280.8,ANGPT4,18,46,3,2,72,22,27
ENSG00000101282.9,RSPO4,14,31,27,7,112,81,33
ENSG00000101290.14,CDS2,2968,1421,2763,2310,1886,2399,2664
ENSG00000101294.19,HM13,6437,2917,6736,4969,4342,6115,5584
ENSG00000101298.15,SNPH,510,341,469,321,680,640,407
ENSG00000101306.11,MYLK2,55,117,24,253,163,39,94
ENSG00000101307.16,SIRPB1,60,5,66,2,30,74,133
ENSG00000101310.17,SEC23B,1990,1115,1633,1956,1470,1657,1468
ENSG00000101311.17,FERMT1,372,11,198,122,83,816,269
ENSG00000101333.19,PLCB4,3002,518,1789,3426,886,1753,1166
ENSG00000101335.10,MYL9,39638,10203,28075,29633,25966,28351,36828
ENSG00000101337.16,TM9SF4,4312,3557,3783,3293,3724,3230,3015
ENSG00000101343.15,CRNKL1,979,907,740,827,1254,724,684
ENSG00000101346.15,POFUT1,4346,3540,3953,3901,4013,3853,3148
ENSG00000101347.11,SAMHD1,484,356,433,840,732,360,224
ENSG00000101350.8,KIF3B,2502,1733,1666,2027,2610,2421,2255
ENSG00000101353.16,MROH8,58,67,20,42,116,36,28
ENSG00000101361.17,NOP56,2796,2133,4086,3311,2161,2088,2326
ENSG00000101363.13,MANBAL,1257,827,1528,1151,983,888,1018
ENSG00000101365.21,IDH3B,1508,1303,1390,1502,1560,1126,1249
ENSG00000101367.9,MAPRE1,4636,2922,4773,5006,3928,3868,4237
ENSG00000101384.12,JAG1,2847,2020,5230,8715,3925,3624,13294
ENSG00000101391.21,CDK5RAP1,620,441,615,644,524,407,386
ENSG00000101400.6,SNTA1,332,320,125,201,556,355,282
ENSG00000101407.13,TTI1,760,934,657,722,1155,595,626
ENSG00000101412.13,E2F1,334,832,357,540,791,136,187
ENSG00000101413.12,RPRD1B,1290,1013,761,949,1658,947,1150
ENSG00000101417.12,PXMP4,282,306,169,194,250,154,103
ENSG00000101421.4,CHMP4B,3299,1953,2712,2574,3318,3265,2807
ENSG00000101439.9,CST3,11168,2028,10832,5501,3344,11617,5006
ENSG00000101442.10,ACTR5,170,211,199,188,272,113,127
ENSG00000101443.18,WFDC2,4,49,20,11,48,4,17
ENSG00000101444.13,AHCY,5567,3206,4759,4927,3711,4071,3055
ENSG00000101447.15,FAM83D,172,847,486,557,544,110,206
ENSG00000101452.15,DHX35,318,400,247,324,435,225,238
ENSG00000101457.13,DNTTIP1,605,423,598,567,756,544,565
ENSG00000101460.13,MAP1LC3A,981,605,629,577,1402,715,658
ENSG00000101463.6,SYNDIG1,635,545,69,236,466,385,342
ENSG00000101464.11,PIGU,765,698,1071,693,645,663,544
ENSG00000101473.17,ACOT8,535,270,397,417,331,377,394
ENSG00000101474.12,APMAP,6887,2829,6755,4423,3191,5889,3523
ENSG00000101493.11,ZNF516,1346,1663,863,1343,2469,1290,1448
ENSG00000101542.10,CDH20,67,4,7,56,52,20,140
ENSG00000101544.9,ADNP2,985,1069,773,942,1313,761,896
ENSG00000101546.13,RBFA,466,305,544,429,342,352,302
ENSG00000101557.15,USP14,3871,2635,3649,3780,3597,4070,3346
ENSG00000101558.14,VAPA,2954,1729,2185,2165,2383,2220,2305
ENSG00000101574.15,METTL4,355,316,356,343,338,239,239
ENSG00000101577.11,LPIN2,1904,2018,911,1286,2547,1566,1267
ENSG00000101596.17,SMCHD1,2129,2930,1342,1976,3092,2120,1523
ENSG00000101605.14,MYOM1,49,67,12,62,78,23,32
ENSG00000101608.13,MYL12A,12684,7259,11862,14051,7612,9651,8427
ENSG00000101624.11,CEP76,265,247,221,260,322,212,195
ENSG00000101639.19,CEP192,973,1630,699,1000,1365,768,609
ENSG00000101654.18,RNMT,2095,1473,1278,1563,2435,1756,1446
ENSG00000101665.10,SMAD7,2952,661,1169,1671,1695,2097,1595
ENSG00000101670.12,LIPG,566,129,1132,765,249,629,885
ENSG00000101680.16,LAMA1,2547,13390,1430,4475,10371,3805,6133
ENSG00000101695.9,RNF125,75,17,40,48,37,93,45
ENSG00000101745.17,ANKRD12,1001,838,542,731,1116,791,677
ENSG00000101746.16,NOL4,19,3,28,17,6,20,32
ENSG00000101751.11,POLI,698,562,543,459,800,407,450
ENSG00000101752.13,MIB1,3497,4142,1932,2931,5500,3815,2975
ENSG00000101773.19,RBBP8,572,487,458,514,728,541,510
ENSG00000101782.15,RIOK3,2202,907,1798,1690,1117,2109,1765
ENSG00000101811.15,CSTF2,518,494,661,665,632,429,467
ENSG00000101825.8,MXRA5,6437,27583,900,1244,49191,12965,9526
ENSG00000101843.19,PSMD10,1249,918,924,912,1056,1682,746
ENSG00000101844.18,ATG4A,518,201,349,370,478,936,357
ENSG00000101846.9,STS,491,520,655,378,710,1164,937
ENSG00000101849.18,TBL1X,1427,1534,1051,1102,2000,1557,1725
ENSG00000101850.13,GPR143,645,48,246,130,129,270,379
ENSG00000101856.10,PGRMC1,8720,5392,6945,6293,8715,6001,6690
ENSG00000101868.13,POLA1,300,802,316,461,744,507,307
ENSG00000101871.18,MID1,2112,3697,1323,1728,5545,1431,1020
ENSG00000101882.10,NKAP,598,446,457,499,775,526,389
ENSG00000101888.12,NXT2,204,235,113,168,403,230,132
ENSG00000101901.13,ALG13,619,823,620,557,885,1162,801
ENSG00000101911.13,PRPS2,753,531,622,473,559,399,450
ENSG00000101928.13,MOSPD1,874,218,654,541,426,985,836
ENSG00000101935.13,AMMECR1,618,421,458,653,559,1234,682
ENSG00000101938.15,CHRDL1,540,814,3563,306,515,623,2782
ENSG00000101940.18,WDR13,1654,1369,1275,1271,1563,1136,1142
ENSG00000101945.17,SUV39H1,180,300,266,305,220,145,193
ENSG00000101955.15,SRPX,708,1539,931,702,939,929,754
ENSG00000101966.14,XIAP,1627,1162,1064,1505,1852,1845,1460
ENSG00000101972.20,STAG2,2348,2745,1282,2261,3427,2040,2223
ENSG00000101974.15,ATP11C,794,1349,1143,875,1355,1045,1059
ENSG00000101986.12,ABCD1,2802,990,806,1811,2203,1740,2236
ENSG00000101997.13,CCDC22,463,317,443,365,395,302,342
ENSG00000102007.11,PLP2,3129,369,2783,1437,738,2880,1097
ENSG00000102024.19,PLS3,10104,24503,10402,9942,22358,20298,14087
ENSG00000102030.16,NAA10,1205,632,1066,1051,751,706,696
ENSG00000102032.13,RENBP,197,59,50,84,183,42,61
ENSG00000102034.18,ELF4,1635,1027,1309,1305,876,1978,1213
ENSG00000102038.16,SMARCA1,7556,6092,4040,5800,6022,6209,5458
ENSG00000102043.16,MTMR8,35,16,18,33,38,33,30
ENSG00000102053.13,ZC3H12B,190,152,82,123,373,187,160
ENSG00000102054.18,RBBP7,2596,4274,2703,2460,3809,3233,2455
ENSG00000102057.10,KCND1,286,224,272,219,319,226,205
ENSG00000102078.16,SLC25A14,361,178,338,292,327,287,215
ENSG00000102081.16,FMR1,1396,1819,1094,1418,1759,957,950
ENSG00000102096.10,PIM2,275,158,296,257,163,186,243
ENSG00000102098.19,SCML2,33,400,30,88,196,36,32
ENSG00000102100.16,SLC35A2,1571,1003,1647,1350,1088,1216,1269
ENSG00000102103.18,PQBP1,1393,933,1469,1411,1147,1063,1100
ENSG00000102109.9,PCSK1N,1145,22,450,37,287,485,1214
ENSG00000102119.12,EMD,1568,1085,1245,1636,1642,1228,1302
ENSG00000102125.17,TAFAZZIN,447,427,499,409,438,207,251
ENSG00000102144.15,PGK1,9740,4576,9313,10482,4881,7353,6826
ENSG00000102158.22,MAGT1,3726,3064,3552,3417,3651,3451,2902
ENSG00000102172.16,SMS,4190,2319,3968,4748,1721,2911,2335
ENSG00000102178.13,UBL4A,1379,743,1041,1017,1162,1265,775
ENSG00000102181.22,CD99L2,2908,2636,2667,1832,2779,2277,2087
ENSG00000102189.17,EEA1,1509,1191,1154,1380,1488,1807,1376
ENSG00000102218.6,RP2,1112,622,722,996,882,977,955
ENSG00000102221.14,JADE3,466,451,314,454,680,386,487
ENSG00000102225.17,CDK16,4216,4504,4239,3490,5836,5889,5804
ENSG00000102226.10,USP11,3148,4629,2494,2741,4983,4247,4038
ENSG00000102230.14,PCYT1B,146,556,53,119,1094,114,105
ENSG00000102241.12,HTATSF1,2327,2892,1880,2158,2974,1881,1813
ENSG00000102265.12,TIMP1,4642,3407,4990,3321,5587,6055,10049
ENSG00000102271.14,KLHL4,767,1500,469,358,1014,2223,463
ENSG00000102287.19,GABRE,30,133,16,28,84,16,26
ENSG00000102290.23,PCDH11X,19,6,22,13,29,44,38
ENSG00000102302.8,FGD1,1223,2431,939,1031,3262,1082,1336
ENSG00000102309.15,PIN4,640,515,377,341,550,410,322
ENSG00000102312.24,PORCN,381,204,437,289,283,326,281
ENSG00000102316.17,MAGED2,22763,20405,15523,19660,25304,17537,17105
ENSG00000102317.18,RBM3,9568,5034,6110,6974,5663,6059,5446
ENSG00000102349.18,KLF8,250,206,53,150,629,249,99
ENSG00000102359.9,SRPX2,627,548,863,577,1068,1177,909
ENSG00000102362.16,SYTL4,382,295,424,199,149,255,94
ENSG00000102383.14,ZDHHC15,196,96,97,79,126,98,70
ENSG00000102384.14,CENPI,299,663,583,886,488,152,239
ENSG00000102385.13,DRP2,219,115,228,190,362,430,267
ENSG00000102390.11,PBDC1,631,436,629,653,454,574,456
ENSG00000102393.15,GLA,1239,521,1291,1109,631,945,730
ENSG00000102401.20,ARMCX3,6302,3310,4139,4213,4527,4457,4236
ENSG00000102409.10,BEX4,1847,1278,1081,1202,2002,1582,1348
ENSG00000102445.20,RUBCNL,20,94,33,44,89,17,37
ENSG00000102452.18,NALCN,304,540,67,84,427,220,299
ENSG00000102471.16,NDFIP2,2205,644,2152,1474,950,2367,1601
ENSG00000102531.16,FNDC3A,4511,3902,3303,3738,4630,4476,3737
ENSG00000102543.14,CDADC1,168,162,119,133,199,121,91
ENSG00000102547.19,CAB39L,528,261,468,644,468,658,742
ENSG00000102554.14,KLF5,381,89,262,357,183,357,487
ENSG00000102572.15,STK24,2453,1844,1730,2145,3007,2210,2124
ENSG00000102575.14,ACP5,58,38,19,12,9,11,12
ENSG00000102580.15,DNAJC3,2887,1983,2390,2896,3691,3328,2313
ENSG00000102595.22,UGGT2,2440,1290,1251,1528,1314,2807,1330
ENSG00000102606.20,ARHGEF7,1773,2076,1772,1831,2730,1901,2123
ENSG00000102678.7,FGF9,27,11,30,20,108,12,13
ENSG00000102683.8,SGCG,64,8,28,39,39,47,66
ENSG00000102699.6,PARP4,2717,2677,2110,2269,2276,2442,2203
ENSG00000102710.21,SUPT20H,2381,1824,1603,1885,2421,1439,1590
ENSG00000102743.16,SLC25A15,553,438,417,445,512,423,387
ENSG00000102753.10,KPNA3,2893,2247,2488,2800,3500,2882,2542
ENSG00000102755.13,FLT1,13,152,57,208,72,65,217
ENSG00000102760.13,RGCC,0,159,4,3,524,13,9
ENSG00000102763.18,VWA8,610,667,469,563,572,635,389
ENSG00000102780.17,DGKH,579,754,595,699,649,744,729
ENSG00000102781.14,KATNAL1,2441,1605,1161,1586,2308,1970,1660
ENSG00000102786.15,INTS6,1526,940,879,1265,1423,1111,1031
ENSG00000102796.12,DHRS12,65,65,35,35,66,60,43
ENSG00000102802.10,MEDAG,1096,89,594,372,174,1190,1012
ENSG00000102804.16,TSC22D1,9229,3423,3059,5196,10680,6104,7925
ENSG00000102805.16,CLN5,1485,837,1240,768,913,1273,847
ENSG00000102858.13,MGRN1,2423,1641,1790,2384,2791,2460,2453
ENSG00000102870.6,ZNF629,1553,1870,1260,1476,2545,1339,1589
ENSG00000102871.16,TRADD,253,116,280,164,157,224,163
ENSG00000102878.18,HSF4,35,17,53,14,18,18,23
ENSG00000102879.17,CORO1A,64,242,206,115,160,90,71
ENSG00000102882.12,MAPK3,1610,1099,910,1047,1430,1081,1141
ENSG00000102886.15,GDPD3,34,48,54,39,62,10,22
ENSG00000102890.16,ELMO3,30,37,76,44,46,23,28
ENSG00000102893.18,PHKB,2589,1788,1711,1906,1909,1999,1417
ENSG00000102897.10,LYRM1,345,244,350,379,322,343,342
ENSG00000102898.13,NUTF2,4763,2954,3783,4143,3799,3667,4472
ENSG00000102900.13,NUP93,2151,1819,1925,3113,1736,1495,1801
ENSG00000102901.13,CENPT,1836,1196,3047,1888,1390,1371,1419
ENSG00000102904.15,TSNAXIP1,62,76,94,44,135,36,37
ENSG00000102908.23,NFAT5,2405,1983,1417,2205,2355,3531,3248
ENSG00000102910.14,LONP2,2305,2022,1989,2044,2774,2235,2040
ENSG00000102921.8,N4BP1,1677,1331,877,1337,2422,1391,1166
ENSG00000102924.13,CBLN1,34,210,5,67,395,7,57
ENSG00000102931.8,ARL2BP,3380,1892,1829,2340,2921,2971,2409
ENSG00000102934.10,PLLP,74,6,41,22,25,54,27
ENSG00000102935.12,ZNF423,606,1905,208,532,2021,490,514
ENSG00000102967.12,DHODH,138,121,178,164,159,117,107
ENSG00000102974.16,CTCF,1366,1920,1088,1500,2378,1088,1270
ENSG00000102977.18,ACD,302,388,323,287,498,195,218
ENSG00000102978.13,POLR2C,2120,1321,1473,1763,1799,1462,1518
ENSG00000102984.15,ZNF821,380,377,236,331,586,269,330
ENSG00000102996.5,MMP15,1794,623,4115,907,1147,2230,1237
ENSG00000103005.13,USB1,3281,1389,2809,2563,2006,2678,2498
ENSG00000103018.18,CYB5B,2773,1832,2650,3321,2605,2168,2288
ENSG00000103021.10,CCDC113,133,77,93,69,209,105,78
ENSG00000103024.8,NME3,948,390,731,512,449,486,339
ENSG00000103034.15,NDRG4,1688,583,1078,1602,1010,1616,2098
ENSG00000103035.11,PSMD7,3326,2232,2956,3349,2864,2533,2114
ENSG00000103037.12,SETD6,418,267,322,353,385,161,194
ENSG00000103042.9,SLC38A7,2485,1228,2128,1387,1733,1537,1842
ENSG00000103043.15,VAC14,1524,1328,796,1085,1813,1091,1156
ENSG00000103044.11,HAS3,165,27,151,65,49,89,37
ENSG00000103047.8,TANGO6,581,456,676,548,406,530,390
ENSG00000103051.21,COG4,1837,1830,2209,1555,1696,1047,1377
ENSG00000103061.13,SLC7A6OS,635,506,501,614,615,463,414
ENSG00000103064.15,SLC7A6,3795,1986,3035,3597,2598,2742,3313
ENSG00000103066.13,PLA2G15,2255,934,2321,1413,1311,1737,1219
ENSG00000103067.14,ESRP2,58,7,33,24,5,33,5
ENSG00000103091.15,WDR59,1090,979,946,1040,1148,789,782
ENSG00000103111.15,MON1B,1723,854,1205,1355,1544,1295,1315
ENSG00000103121.9,CMC2,525,320,384,431,443,341,347
ENSG00000103126.15,AXIN1,892,1004,898,1009,1562,774,824
ENSG00000103145.11,HCFC1R1,2013,2386,617,710,2747,673,1045
ENSG00000103148.17,NPRL3,969,918,679,712,1312,773,696
ENSG00000103150.7,MLYCD,116,73,109,82,120,143,113
ENSG00000103152.12,MPG,1526,766,1216,890,929,1170,1000
ENSG00000103154.10,NECAB2,7,57,12,21,138,15,23
ENSG00000103160.12,HSDL1,1885,1069,1148,1269,1538,1058,1242
ENSG00000103168.17,TAF1C,1271,1361,1366,1329,1987,733,941
ENSG00000103174.13,NAGPA,646,216,527,359,301,371,345
ENSG00000103175.11,WFDC1,152,175,53,210,414,276,314
ENSG00000103187.8,COTL1,11756,2772,15654,9241,3963,10017,12387
ENSG00000103194.16,USP10,1794,1454,1734,1764,1767,1688,1714
ENSG00000103196.12,CRISPLD2,157,903,71,106,1663,49,125
ENSG00000103197.19,TSC2,3108,3465,2415,2716,3878,2350,2326
ENSG00000103199.14,ZNF500,406,325,303,317,415,234,252
ENSG00000103202.13,NME4,6195,4937,4188,4290,5906,4230,3728
ENSG00000103222.20,ABCC1,2369,1816,2578,1774,2557,1957,1575
ENSG00000103226.19,NOMO3,993,142,258,374,186,430,223
ENSG00000103227.19,LMF1,520,642,609,337,835,533,539
ENSG00000103245.14,CIAO3,743,508,591,581,758,446,464
ENSG00000103248.19,MTHFSD,330,289,216,268,422,203,234
ENSG00000103249.19,CLCN7,4453,2833,3498,2761,4533,2598,3016
ENSG00000103253.19,HAGHL,280,98,261,173,127,184,151
ENSG00000103254.10,ANTKMT,387,150,275,189,272,311,248
ENSG00000103257.9,SLC7A5,20991,3693,10801,17641,6681,9118,9374
ENSG00000103260.9,METRN,767,392,484,497,565,629,637
ENSG00000103264.18,FBXO31,885,665,654,776,1035,774,641
ENSG00000103266.11,STUB1,3103,1450,2700,2258,2558,2491,2511
ENSG00000103269.14,RHBDL1,67,61,104,73,149,51,62
ENSG00000103274.11,NUBP1,442,408,386,383,477,378,327
ENSG00000103275.21,UBE2I,3033,2582,2611,2751,3456,2519,2672
ENSG00000103319.12,EEF2K,830,851,618,797,776,747,612
ENSG00000103326.12,CAPN15,829,893,1008,972,1472,848,1034
ENSG00000103335.22,PIEZO1,12746,4637,15924,9705,3376,11392,7401
ENSG00000103342.13,GSPT1,4480,3375,4734,4969,4167,4569,4695
ENSG00000103343.13,ZNF174,323,217,239,264,419,268,241
ENSG00000103351.13,CLUAP1,212,454,239,305,512,211,171
ENSG00000103353.16,UBFD1,6010,3559,3066,4740,5119,5578,4443
ENSG00000103356.18,EARS2,1021,629,876,879,769,785,721
ENSG00000103363.16,ELOB,4135,2045,2684,2773,3013,2904,2744
ENSG00000103365.15,GGA2,7278,3408,4211,4504,2733,4303,4138
ENSG00000103381.12,CPPED1,901,424,1099,1037,654,983,1171
ENSG00000103404.15,USP31,268,220,247,298,305,252,234
ENSG00000103415.12,HMOX2,1341,712,1077,1107,1163,1192,839
ENSG00000103423.14,DNAJA3,1244,741,1112,1065,1127,980,1001
ENSG00000103429.11,BFAR,3082,1866,2853,2694,2434,2351,2137
ENSG00000103449.13,SALL1,752,158,430,615,346,771,983
ENSG00000103460.17,TOX3,69,181,107,110,731,70,62
ENSG00000103479.17,RBL2,1719,2005,1262,1484,2405,1409,1189
ENSG00000103485.19,QPRT,12486,6415,4165,7628,10748,7693,7421
ENSG00000103489.12,XYLT1,1986,909,638,2327,4833,3113,2331
ENSG00000103490.14,PYCARD,63,70,82,47,29,60,22
ENSG00000103494.16,RPGRIP1L,636,550,475,529,804,773,576
ENSG00000103495.15,MAZ,6832,7869,4788,5901,12293,5413,6808
ENSG00000103496.15,STX4,1065,694,1207,882,989,915,917
ENSG00000103502.14,CDIPT,2867,1545,2410,2035,2216,1942,1865
ENSG00000103507.14,BCKDK,1502,1094,1073,1270,1440,1002,1061
ENSG00000103510.20,KAT8,678,641,501,559,799,461,538
ENSG00000103512.16,NOMO1,5044,1680,4676,3689,2508,4947,3125
ENSG00000103522.17,IL21R,172,10,9,44,967,82,37
ENSG00000103528.17,SYT17,221,29,67,60,110,231,172
ENSG00000103540.17,CCP110,505,750,452,584,974,365,382
ENSG00000103544.17,VPS35L,2028,1517,1151,1469,1684,1584,1097
ENSG00000103549.22,RNF40,3688,2848,2864,3223,4486,3016,3446
ENSG00000103550.14,KNOP1,1034,887,855,959,1173,788,740
ENSG00000103591.13,AAGAB,1500,1214,1372,1471,1476,1211,1030
ENSG00000103599.20,IQCH,37,41,20,20,56,22,23
ENSG00000103642.12,LACTB,1456,489,857,1084,667,1381,754
ENSG00000103647.13,CORO2B,726,747,1313,991,1325,1064,1048
ENSG00000103653.17,CSK,1161,1206,1393,1329,2213,1155,1273
ENSG00000103657.14,HERC1,1900,3404,1351,1707,2199,2457,1825
ENSG00000103671.10,TRIP4,884,604,722,787,731,582,641
ENSG00000103707.10,MTFMT,234,235,249,235,350,213,208
ENSG00000103710.11,RASL12,19,627,39,92,572,32,84
ENSG00000103723.17,AP3B2,25,12,15,16,56,31,14
ENSG00000103742.12,IGDCC4,3440,6890,2370,2487,3831,2858,2194
ENSG00000103769.10,RAB11A,4987,3476,3753,3629,4061,3821,3311
ENSG00000103811.18,CTSH,332,107,540,431,214,157,569
ENSG00000103852.13,TTC23,905,731,568,654,1020,719,609
ENSG00000103855.18,CD276,8580,5169,8532,6115,7611,8677,10486
ENSG00000103876.14,FAH,650,551,607,564,440,453,394
ENSG00000103888.17,CEMIP,53,8874,19,173,3807,111,35
ENSG00000103932.12,RPAP1,1045,1091,893,1108,1398,770,839
ENSG00000103942.13,HOMER2,300,147,231,330,315,257,255
ENSG00000103966.11,EHD4,6775,2317,4852,6142,1936,5133,3960
ENSG00000103978.17,TMEM87A,1701,1138,1526,1270,1177,1359,1196
ENSG00000103994.18,ZNF106,5790,5675,2637,4661,6618,4225,3971
ENSG00000103995.14,CEP152,230,374,225,341,409,159,125
ENSG00000104044.16,OCA2,282,636,54,270,246,154,117
ENSG00000104047.15,DTWD1,303,356,225,259,665,210,270
ENSG00000104059.5,ENTREP2,130,38,228,195,108,259,126
ENSG00000104064.18,GABPB1,554,680,397,557,1006,466,498
ENSG00000104067.17,TJP1,3788,5146,2665,3739,4415,4614,4201
ENSG00000104081.14,BMF,2954,4314,634,2408,6895,1385,2150
ENSG00000104093.14,DMXL2,1006,1339,708,891,1346,956,849
ENSG00000104129.10,DNAJC17,331,330,370,334,353,215,216
ENSG00000104131.13,EIF3J,2639,1560,2315,2839,2464,2283,1973
ENSG00000104133.16,SPG11,1869,1812,1088,1225,1980,1472,1153
ENSG00000104142.11,VPS18,2294,1155,2220,1663,1824,1943,2043
ENSG00000104147.9,OIP5,63,171,93,157,196,31,52
ENSG00000104154.7,SLC30A4,690,295,452,437,345,761,393
ENSG00000104164.12,BLOC1S6,2902,1333,2348,2519,2115,2953,2255
ENSG00000104177.20,MYEF2,1775,888,2024,1477,1570,1045,827
ENSG00000104205.16,SGK3,137,82,115,71,74,101,73
ENSG00000104213.13,PDGFRL,127,644,132,39,127,309,188
ENSG00000104218.16,CSPP1,725,435,591,707,416,584,559
ENSG00000104219.13,ZDHHC2,1104,353,1157,725,681,1393,591
ENSG00000104221.13,BRF2,552,307,530,495,452,512,464
ENSG00000104228.13,TRIM35,655,416,586,530,583,590,572
ENSG00000104231.11,ZFAND1,475,441,408,452,466,355,268
ENSG00000104267.10,CA2,159,58,38,125,102,25,765
ENSG00000104290.11,FZD3,786,653,729,893,1460,606,725
ENSG00000104299.15,INTS9,504,431,480,456,602,363,416
ENSG00000104312.8,RIPK2,616,260,746,685,745,753,472
ENSG00000104313.20,EYA1,58,518,15,50,819,62,52
ENSG00000104320.15,NBN,1615,1707,1282,1634,2185,1638,1242
ENSG00000104324.16,CPQ,1572,1420,1707,961,1242,1208,1113
ENSG00000104325.7,DECR1,1410,1312,1089,1210,1303,810,683
ENSG00000104331.9,BPNT2,3693,4348,3608,3423,6566,4034,3178
ENSG00000104332.12,SFRP1,9352,18323,17024,2168,3358,6205,10614
ENSG00000104341.17,LAPTM4B,5552,4581,8013,5111,5090,5383,7155
ENSG00000104343.21,UBE2W,935,375,585,676,714,852,697
ENSG00000104356.11,POP1,421,306,493,815,368,422,370
ENSG00000104361.10,NIPAL2,449,328,539,254,281,501,384
ENSG00000104365.16,IKBKB,1095,788,1355,890,900,752,673
ENSG00000104368.19,PLAT,1737,2029,3202,3190,6187,1937,2850
ENSG00000104369.5,JPH1,295,30,227,196,81,222,148
ENSG00000104375.17,STK3,466,549,410,519,653,344,342
ENSG00000104381.14,GDAP1,349,213,432,306,271,297,233
ENSG00000104388.15,RAB2A,5796,2480,3427,3700,5038,5099,4758
ENSG00000104408.11,EIF3E,6487,5773,3907,5012,6044,4028,3273
ENSG00000104412.8,EMC2,835,449,617,710,719,521,518
ENSG00000104415.14,CCN4,19,801,7,29,458,45,96
ENSG00000104419.17,NDRG1,434,554,301,526,966,655,655
ENSG00000104427.13,ZC2HC1A,500,415,315,350,433,411,355
ENSG00000104435.14,STMN2,481,59,185,700,334,229,363
ENSG00000104442.10,ARMC1,1432,1111,1035,1183,1564,1188,974
ENSG00000104447.13,TRPS1,623,1244,303,549,4206,1146,579
ENSG00000104450.13,SPAG1,99,56,214,106,98,191,79
ENSG00000104472.10,CHRAC1,440,504,301,386,701,427,367
ENSG00000104490.18,NCALD,741,543,351,784,4306,354,1780
ENSG00000104497.15,SNX16,282,387,228,254,488,294,223
ENSG00000104517.13,UBR5,3105,3723,2345,3125,3539,2893,2924
ENSG00000104518.11,GSDMD,340,440,311,377,370,109,63
ENSG00000104522.16,GFUS,2361,1126,2410,1946,1384,1674,1465
ENSG00000104524.14,PYCR3,471,291,298,423,415,445,378
ENSG00000104529.19,EEF1D,6811,5378,6209,6409,5565,4519,4021
ENSG00000104537.17,ANXA13,59,0,9,9,2,33,1
ENSG00000104549.12,SQLE,4353,3830,5568,6264,5391,4070,4758
ENSG00000104611.12,SH2D4A,536,466,426,368,293,445,452
ENSG00000104613.12,INTS10,1297,1071,821,1144,1304,1174,980
ENSG00000104626.15,ERI1,547,699,557,641,787,583,484
ENSG00000104635.15,SLC39A14,7488,1550,5090,3862,3245,7477,4739
ENSG00000104643.10,MTMR9,1453,999,1035,1287,1293,1223,1181
ENSG00000104660.19,LEPROTL1,2177,754,2223,1386,1335,1686,1498
ENSG00000104671.8,DCTN6,682,386,578,518,693,647,578
ENSG00000104679.12,R3HCC1,1067,860,641,860,1262,757,693
ENSG00000104687.14,GSR,2363,1151,1538,1620,1385,1655,1611
ENSG00000104689.10,TNFRSF10A,372,37,864,306,34,509,325
ENSG00000104691.16,UBXN8,345,181,363,240,192,265,219
ENSG00000104695.13,PPP2CB,3399,1632,3067,3033,2595,3154,3200
ENSG00000104714.14,ERICH1,344,282,407,386,350,353,373
ENSG00000104722.14,NEFM,237,1267,106,92,941,137,99
ENSG00000104723.21,TUSC3,3967,3408,4129,2984,3420,3169,2320
ENSG00000104728.16,ARHGEF10,67,55,39,59,41,43,28
ENSG00000104731.14,KLHDC4,559,447,699,699,537,436,397
ENSG00000104738.19,MCM4,1446,3802,1491,2415,2494,955,1209
ENSG00000104756.17,KCTD9,1140,601,834,1130,670,865,749
ENSG00000104763.20,ASAH1,8172,2071,5675,3702,3507,4515,4671
ENSG00000104765.16,BNIP3L,3284,2948,2012,2450,3673,3034,2428
ENSG00000104774.13,MAN2B1,2439,2271,2334,1787,2972,2620,1855
ENSG00000104805.17,NUCB1,7896,6790,4061,5411,7328,6719,3317
ENSG00000104812.15,GYS1,1931,1246,1864,3083,1580,1759,1626
ENSG00000104823.9,ECH1,869,802,565,646,957,497,460
ENSG00000104824.18,HNRNPL,4293,4120,4354,4840,5374,3721,4271
ENSG00000104825.17,NFKBIB,487,309,602,505,502,457,507
ENSG00000104827.12,CGB3,62,0,14,95,1,37,10
ENSG00000104833.12,TUBB4A,175,10,387,51,310,105,71
ENSG00000104835.15,SARS2,158,91,117,120,103,57,67
ENSG00000104852.15,SNRNP70,6150,5872,7654,5477,7901,3782,4671
ENSG00000104853.16,CLPTM1,4906,3048,4575,3883,5183,5380,4522
ENSG00000104856.15,RELB,195,171,540,209,145,256,204
ENSG00000104859.15,CLASRP,775,771,964,844,1200,538,713
ENSG00000104863.12,LIN7B,179,93,103,119,133,117,90
ENSG00000104866.11,PPP1R37,1517,903,1170,905,1541,1102,1140
ENSG00000104870.13,FCGRT,1689,2068,1271,732,1922,1093,631
ENSG00000104872.11,PIH1D1,1206,884,977,950,1077,639,717
ENSG00000104879.5,CKM,1,1,49,54,1,9,2
ENSG00000104880.19,ARHGEF18,2433,1395,2406,1809,1958,1947,1943
ENSG00000104881.16,PPP1R13L,774,203,575,755,742,927,856
ENSG00000104883.8,PEX11G,43,22,28,20,31,23,19
ENSG00000104884.17,ERCC2,1535,1388,1515,1696,1589,1064,1127
ENSG00000104885.19,DOT1L,1839,1658,1614,2331,2251,2329,2267
ENSG00000104886.12,PLEKHJ1,1783,1312,2073,1621,1378,1237,1309
ENSG00000104897.10,SF3A2,1591,1811,1467,1621,2924,1511,2026
ENSG00000104899.8,AMH,78,86,15,179,208,19,14
ENSG00000104901.7,DKKL1,6,40,6,7,67,8,12
ENSG00000104904.12,OAZ1,7482,3772,5567,6435,5681,4958,4613
ENSG00000104907.13,TRMT1,855,729,1421,1028,825,590,584
ENSG00000104915.15,STX10,894,823,678,823,1051,526,509
ENSG00000104936.20,DMPK,3742,1618,2151,2783,2629,1870,2243
ENSG00000104946.14,TBC1D17,1165,630,913,903,1082,776,876
ENSG00000104957.14,YJU2B,679,518,749,600,755,364,444
ENSG00000104960.15,PTOV1,5054,6204,4277,4054,7933,2814,3789
ENSG00000104964.15,TLE5,4563,3803,3672,2764,6942,4439,3723
ENSG00000104967.8,NOVA2,467,42,193,206,755,761,645
ENSG00000104969.11,SGTA,2636,2038,2364,2506,3187,2455,2518
ENSG00000104973.19,MED25,1714,1160,1344,1458,1868,1260,1606
ENSG00000104976.13,SNAPC2,419,351,354,395,447,373,431
ENSG00000104979.9,C19orf53,1960,1054,1357,1207,1516,1238,1551
ENSG00000104980.8,TIMM44,935,724,847,1057,1029,762,783
ENSG00000104983.8,CCDC61,121,122,119,108,98,50,42
ENSG00000104998.4,IL27RA,283,587,682,494,715,450,460
ENSG00000105011.9,ASF1B,112,482,306,347,342,53,121
ENSG00000105048.18,TNNT1,39,19,40,28,24,11,7
ENSG00000105053.11,VRK3,662,418,505,547,588,383,482
ENSG00000105058.12,FAM32A,3100,1974,2242,2510,3281,2696,2732
ENSG00000105063.19,PPP6R1,3603,2324,3055,3037,3816,3710,3475
ENSG00000105072.9,C19orf44,162,178,216,180,256,134,130
ENSG00000105085.11,MED26,193,163,178,183,214,172,184
ENSG00000105088.9,OLFM2,2078,1449,1877,1022,4547,2866,1738
ENSG00000105127.10,AKAP8,1028,807,1100,1007,999,922,1012
ENSG00000105131.8,EPHX3,44,20,18,43,41,28,14
ENSG00000105135.16,ILVBL,1575,1380,1591,1319,1172,962,908
ENSG00000105136.22,ZNF419,308,235,251,301,287,150,147
ENSG00000105137.13,SYDE1,2136,1612,2284,2177,2412,2167,2305
ENSG00000105171.10,POP4,556,439,580,547,647,543,473
ENSG00000105173.14,CCNE1,291,219,269,296,300,214,207
ENSG00000105176.18,URI1,2159,1221,1286,1585,1809,1933,1388
ENSG00000105185.12,PDCD5,1392,699,1399,1348,1014,1112,1092
ENSG00000105186.16,ANKRD27,612,480,558,595,624,425,417
ENSG00000105197.11,TIMM50,1593,997,1437,1507,1315,1215,1209
ENSG00000105202.9,FBL,1523,2345,1744,2015,1826,924,973
ENSG00000105204.14,DYRK1B,1279,715,843,929,1494,1139,1321
ENSG00000105220.17,GPI,3584,2566,3098,4030,2960,2733,2391
ENSG00000105221.18,AKT2,3781,3380,2692,3313,4090,2739,2762
ENSG00000105223.21,PLD3,44142,27303,19655,18173,48111,27897,26238
ENSG00000105227.16,PRX,177,625,86,224,578,161,211
ENSG00000105229.7,PIAS4,922,810,627,753,1486,847,921
ENSG00000105245.9,NUMBL,2867,1696,1466,2089,3321,2619,2928
ENSG00000105246.6,EBI3,98,15,191,106,20,141,74
ENSG00000105248.16,YJU2,394,294,366,349,350,314,324
ENSG00000105254.12,TBCB,3131,1430,2740,3014,2255,2494,2672
ENSG00000105255.11,FSD1,396,371,511,389,515,203,255
ENSG00000105258.9,POLR2I,623,319,440,534,573,437,500
ENSG00000105270.15,CLIP3,3249,2419,1625,2156,4180,2038,2459
ENSG00000105278.12,ZFR2,12,44,15,21,74,18,44
ENSG00000105281.12,SLC1A5,3567,2281,5341,4704,2749,4269,4394
ENSG00000105287.13,PRKD2,704,907,1164,876,870,574,797
ENSG00000105290.13,APLP1,4972,1140,8153,1704,4610,7369,4734
ENSG00000105298.14,CACTIN,1042,932,953,912,1495,886,932
ENSG00000105321.14,CCDC9,702,605,538,740,860,745,704
ENSG00000105323.18,HNRNPUL1,8610,8374,6399,8210,11149,7915,8290
ENSG00000105325.15,FZR1,2306,1874,2025,1976,2526,2074,1698
ENSG00000105327.18,BBC3,908,276,1236,535,770,1096,1172
ENSG00000105329.11,TGFB1,9445,3486,5686,6439,7406,8931,11749
ENSG00000105339.11,DENND3,926,266,1718,1231,368,779,932
ENSG00000105341.19,DMAC2,1707,1088,1859,1502,1221,1148,2020
ENSG00000105355.9,PLIN3,5984,4082,4805,6352,4143,4776,4991
ENSG00000105357.20,MYH14,391,148,44,454,724,0,872
ENSG00000105373.19,NOP53,2820,3331,1885,1653,4277,1599,1935
ENSG00000105379.10,ETFB,617,366,354,365,450,354,305
ENSG00000105393.16,BABAM1,1036,545,703,835,661,661,586
ENSG00000105397.15,TYK2,2710,2357,2519,2392,3450,1854,1707
ENSG00000105401.9,CDC37,5400,3180,6481,5248,4906,5807,5652
ENSG00000105402.8,NAPA,1661,863,998,1414,1298,992,1178
ENSG00000105404.11,RABAC1,1195,533,953,721,1023,1286,967
ENSG00000105419.18,MEIS3,2708,1456,1194,1393,3524,1838,2084
ENSG00000105426.19,PTPRS,2856,5495,2894,2964,9175,3665,3292
ENSG00000105429.13,MEGF8,6407,6582,5822,4853,9268,6672,6414
ENSG00000105438.9,KDELR1,11681,6091,10028,8220,9524,9955,9279
ENSG00000105443.17,CYTH2,3446,2770,3353,3581,3907,1934,2653
ENSG00000105447.13,GRWD1,1104,805,1136,1202,1098,964,956
ENSG00000105464.4,GRIN2D,737,286,111,270,1072,717,399
ENSG00000105472.14,CLEC11A,208,1366,256,302,1326,522,506
ENSG00000105479.16,ODAD1,16,35,8,11,58,11,1
ENSG00000105483.18,CARD8,912,1037,849,742,1029,541,521
ENSG00000105486.15,LIG1,998,1798,1082,1222,1185,716,557
ENSG00000105497.8,ZNF175,327,253,259,250,406,767,383
ENSG00000105499.14,PLA2G4C,226,16,1061,64,21,137,237
ENSG00000105509.11,HAS1,21,1,99,14,3,4,48
ENSG00000105514.8,RAB3D,39,92,61,131,101,61,114
ENSG00000105516.11,DBP,57,50,12,12,78,20,18
ENSG00000105518.14,TMEM205,464,339,723,370,391,364,345
ENSG00000105519.18,CAPS,186,100,135,124,148,76,59
ENSG00000105520.11,PLPPR2,1030,848,1037,699,1690,1514,1537
ENSG00000105552.15,BCAT2,1625,467,1119,1220,742,754,585
ENSG00000105556.12,MIER2,1621,918,922,1235,1589,1436,1316
ENSG00000105559.13,PLEKHA4,549,1665,505,599,1990,396,564
ENSG00000105568.19,PPP2R1A,9927,6555,9438,8183,7926,7732,8971
ENSG00000105576.16,TNPO2,3799,3969,3724,3630,4689,2835,3285
ENSG00000105605.8,CACNG7,6,32,19,16,209,98,75
ENSG00000105607.13,GCDH,428,335,434,427,468,307,291
ENSG00000105612.10,DNASE2,1093,619,808,497,1305,695,549
ENSG00000105613.10,MAST1,264,20,132,75,153,63,105
ENSG00000105617.4,LENG1,190,149,170,166,237,156,148
ENSG00000105618.14,PRPF31,1843,1594,1794,1869,2165,1542,1402
ENSG00000105619.14,TFPT,292,197,410,225,440,419,469
ENSG00000105639.21,JAK3,103,408,59,105,559,141,111
ENSG00000105643.11,ARRDC2,80,39,165,84,136,121,95
ENSG00000105649.10,RAB3A,163,54,66,109,126,104,93
ENSG00000105655.19,ISYNA1,5583,6220,3456,3392,6389,2828,3765
ENSG00000105656.13,ELL,426,293,303,451,488,427,372
ENSG00000105662.16,CRTC1,591,600,301,411,1478,605,689
ENSG00000105664.11,COMP,8,7,21,17,578,54,88
ENSG00000105669.14,COPE,3505,2005,2463,2387,3081,2753,3012
ENSG00000105671.12,DDX49,1449,862,1252,1336,1222,1101,1134
ENSG00000105676.14,ARMC6,1473,822,1416,1417,986,1100,1154
ENSG00000105677.12,TMEM147,1574,945,1868,1073,1609,1163,1227
ENSG00000105696.9,TMEM59L,327,26,216,130,243,470,465
ENSG00000105698.16,USF2,2113,1643,1465,1666,3344,1900,2175
ENSG00000105699.17,LSR,142,5,509,57,40,59,125
ENSG00000105700.11,KXD1,2013,1292,1693,1655,1904,1545,1596
ENSG00000105701.16,FKBP8,7229,5497,4453,4976,7234,5263,5351
ENSG00000105705.16,SUGP1,1028,838,952,834,1279,676,903
ENSG00000105707.15,HPN,133,6,20,2,3,31,6
ENSG00000105708.9,ZNF14,97,127,77,100,191,114,108
ENSG00000105711.14,SCN1B,475,127,296,146,119,330,171
ENSG00000105717.14,PBX4,29,38,24,35,43,20,30
ENSG00000105722.10,ERF,2450,1976,1945,2287,4387,2502,3326
ENSG00000105723.13,GSK3A,1426,978,1302,1273,2132,1418,1684
ENSG00000105726.17,ATP13A1,2186,1555,2594,1983,2170,2009,1946
ENSG00000105732.13,ZNF574,573,613,575,554,693,477,610
ENSG00000105737.10,GRIK5,902,268,660,189,655,172,179
ENSG00000105738.11,SIPA1L3,1484,644,1063,962,1063,1515,1321
ENSG00000105750.15,ZNF85,188,223,115,299,367,119,166
ENSG00000105755.8,ETHE1,497,247,857,544,220,543,665
ENSG00000105767.3,CADM4,4473,2408,6808,2857,3969,2828,2759
ENSG00000105771.14,SMG9,1045,920,1119,1056,1315,922,1021
ENSG00000105778.20,AVL9,1406,847,1131,1275,1086,1118,1114
ENSG00000105792.19,CFAP69,24,26,16,15,33,14,6
ENSG00000105793.16,GTPBP10,335,273,227,308,364,209,181
ENSG00000105808.19,RASA4,6,35,20,27,32,14,21
ENSG00000105810.10,CDK6,5641,2711,5369,6816,6273,9059,7695
ENSG00000105819.15,PMPCB,1697,1264,1185,1407,1561,1117,885
ENSG00000105821.15,DNAJC2,838,502,887,862,836,754,641
ENSG00000105825.14,TFPI2,2358,57,1118,1292,895,1447,2295
ENSG00000105829.13,BET1,986,460,602,694,929,816,675
ENSG00000105835.13,NAMPT,953,870,855,979,916,809,800
ENSG00000105849.6,POLR1F,654,707,966,689,650,601,738
ENSG00000105854.13,PON2,14606,2238,16574,9870,5541,18566,7002
ENSG00000105855.10,ITGB8,491,361,884,429,310,412,834
ENSG00000105856.14,HBP1,2786,2023,1369,1800,2755,1907,1825
ENSG00000105865.11,DUS4L,56,75,82,68,103,60,67
ENSG00000105866.15,SP4,231,224,135,185,396,186,203
ENSG00000105875.15,WDR91,463,479,388,533,925,312,285
ENSG00000105877.19,DNAH11,11,42,4,4,38,20,11
ENSG00000105879.13,CBLL1,685,643,665,774,983,667,716
ENSG00000105880.7,DLX5,291,1,19,4,186,111,15
ENSG00000105887.11,MTPN,6732,3783,4550,5523,5900,5938,5567
ENSG00000105894.13,PTN,166,1445,322,429,1032,192,89
ENSG00000105926.16,PALS2,727,787,444,559,1143,569,560
ENSG00000105928.16,GSDME,625,433,872,498,296,612,338
ENSG00000105939.14,ZC3HAV1,775,942,1229,1711,666,598,304
ENSG00000105948.13,TTC26,261,336,198,213,373,181,139
ENSG00000105953.16,OGDH,4894,3896,4453,4461,3527,4098,3764
ENSG00000105963.15,ADAP1,46,22,20,43,41,31,21
ENSG00000105967.16,TFEC,85,7,39,310,9,40,25
ENSG00000105968.19,H2AZ2,3895,5232,2855,3811,5749,3265,3176
ENSG00000105971.15,CAV2,5792,766,4250,4508,869,6201,3366
ENSG00000105974.13,CAV1,9278,4428,12923,13761,1463,8304,6006
ENSG00000105976.16,MET,2716,833,3563,2651,1140,1964,1210
ENSG00000105983.23,LMBR1,1237,1081,1250,1096,1371,1246,1035
ENSG00000105989.10,WNT2,50,0,215,88,8,170,34
ENSG00000105993.15,DNAJB6,4614,2381,4603,4178,3895,3976,3355
ENSG00000106003.14,LFNG,2513,392,3700,3011,1377,1985,1659
ENSG00000106009.16,BRAT1,1262,1379,1110,1107,1751,782,996
ENSG00000106012.19,IQCE,917,1234,512,650,2224,883,726
ENSG00000106025.9,TSPAN12,639,568,657,721,507,519,939
ENSG00000106028.11,SSBP1,2033,1158,1826,1846,1649,1385,1317
ENSG00000106034.18,CPED1,9,2522,129,268,510,95,20
ENSG00000106049.9,HIBADH,900,935,556,557,779,554,392
ENSG00000106052.14,TAX1BP1,4676,2860,2745,3790,4638,3918,3740
ENSG00000106066.15,CPVL,710,729,592,493,1325,627,624
ENSG00000106069.26,CHN2,325,70,25,152,488,232,198
ENSG00000106070.20,GRB10,3169,2235,3620,2432,2367,3221,3326
ENSG00000106077.19,ABHD11,274,204,249,263,221,150,148
ENSG00000106078.19,COBL,54,4,60,17,19,54,79
ENSG00000106080.11,FKBP14,4488,2638,3199,3455,3415,4835,3316
ENSG00000106086.21,PLEKHA8,1281,1736,946,1571,2588,1352,1409
ENSG00000106089.12,STX1A,208,124,257,225,284,308,259
ENSG00000106100.11,NOD1,179,343,167,245,384,187,259
ENSG00000106105.15,GARS1,7818,2464,6229,9731,4559,8240,6750
ENSG00000106123.12,EPHB6,158,211,87,104,468,252,180
ENSG00000106144.20,CASP2,1247,1352,956,1287,1802,982,1067
ENSG00000106153.13,CHCHD2,2348,2827,3472,1980,3274,1747,3276
ENSG00000106211.10,HSPB1,9270,3165,5648,7389,7980,8898,10066
ENSG00000106236.4,NPTX2,26,88,50,56,143,163,184
ENSG00000106244.13,PDAP1,3203,2343,2787,3140,3517,2426,2414
ENSG00000106245.11,BUD31,1542,716,1277,1425,1517,1515,1311
ENSG00000106246.18,PTCD1,131,112,134,132,202,101,139
ENSG00000106261.17,ZKSCAN1,2980,3920,1999,2514,4869,2754,2493
ENSG00000106263.19,EIF3B,5277,3406,5411,6032,4619,5388,4546
ENSG00000106266.11,SNX8,1199,1040,870,945,908,740,883
ENSG00000106268.16,NUDT1,177,253,177,248,319,132,141
ENSG00000106278.12,PTPRZ1,23,93,39,126,67,26,31
ENSG00000106290.16,TAF6,1710,1689,1525,1666,2105,1225,1386
ENSG00000106299.8,WASL,1794,1547,1210,1456,1878,1627,1764
ENSG00000106305.10,AIMP2,636,366,622,656,526,522,606
ENSG00000106330.12,MOSPD3,457,416,294,397,776,441,519
ENSG00000106333.13,PCOLCE,361,19196,394,844,6012,1322,1087
ENSG00000106344.8,RBM28,1019,997,846,1147,1248,804,854
ENSG00000106346.12,USP42,652,641,474,584,1312,578,645
ENSG00000106348.19,IMPDH1,1086,1181,976,1452,1233,1293,1112
ENSG00000106351.13,AGFG2,206,180,176,209,140,185,197
ENSG00000106355.10,LSM5,542,548,401,574,888,394,368
ENSG00000106366.9,SERPINE1,20963,676,86167,39231,1849,39553,14881
ENSG00000106367.15,AP1S1,2611,978,2333,1580,1957,3216,2734
ENSG00000106392.11,C1GALT1,1131,451,1419,704,731,1420,811
ENSG00000106397.12,PLOD3,5028,3035,5772,4949,3762,4514,3690
ENSG00000106399.11,RPA3,245,245,187,214,258,149,157
ENSG00000106400.12,ZNHIT1,1946,1015,1393,1449,1597,1419,1474
ENSG00000106404.14,CLDN15,183,236,165,130,270,205,132
ENSG00000106415.13,GLCCI1,789,190,469,584,328,635,1222
ENSG00000106443.17,PHF14,1260,1982,1033,1272,2001,971,902
ENSG00000106459.15,NRF1,369,472,352,338,566,244,211
ENSG00000106460.20,TMEM106B,2476,2187,1918,1320,2820,2284,1630
ENSG00000106462.12,EZH2,621,1180,667,805,1521,359,520
ENSG00000106477.20,CEP41,457,643,515,418,719,344,348
ENSG00000106479.11,ZNF862,415,627,346,288,718,261,292
ENSG00000106483.12,SFRP4,971,121,70,78,18,257,33
ENSG00000106484.16,MEST,11474,26162,6822,3798,13586,9261,6092
ENSG00000106524.9,ANKMY2,893,586,795,638,706,837,614
ENSG00000106536.21,POU6F2,27,51,14,15,71,29,17
ENSG00000106537.8,TSPAN13,2814,516,1705,1477,1375,3355,1382
ENSG00000106538.10,RARRES2,754,958,197,150,273,334,464
ENSG00000106546.14,AHR,1272,921,1194,734,985,1567,1075
ENSG00000106554.13,CHCHD3,1162,878,1256,1147,1209,916,971
ENSG00000106565.19,TMEM176B,24,75,0,2,1002,9,2
ENSG00000106571.15,GLI3,790,2183,398,846,3286,793,1034
ENSG00000106588.12,PSMA2,29,42,37,44,27,13,22
ENSG00000106603.20,COA1,1054,895,724,855,1195,683,628
ENSG00000106605.11,BLVRA,568,405,581,342,625,501,313
ENSG00000106608.17,URGCP,745,734,717,592,971,600,506
ENSG00000106609.16,TMEM248,4352,3549,4104,3277,4163,3543,2911
ENSG00000106615.10,RHEB,2574,1440,2071,2179,2333,2209,2179
ENSG00000106617.16,PRKAG2,1608,720,1768,1722,732,1075,1159
ENSG00000106624.11,AEBP1,15835,33116,10646,9934,26502,8664,9724
ENSG00000106628.13,POLD2,1646,1802,1727,1806,1886,1325,1448
ENSG00000106631.8,MYL7,586,24,45,295,31,152,198
ENSG00000106633.18,GCK,39,78,5,23,50,32,24
ENSG00000106635.8,BCL7B,882,570,716,692,876,679,692
ENSG00000106636.9,YKT6,8388,3976,4669,5783,6537,8100,7067
ENSG00000106638.18,TBL2,1650,1269,1739,1555,1458,1413,1234
ENSG00000106665.16,CLIP2,1624,2792,1672,1355,3497,1603,2688
ENSG00000106682.16,EIF4H,7733,5360,6414,7769,6385,6074,5650
ENSG00000106683.15,LIMK1,4139,2099,2788,2615,3381,3882,2912
ENSG00000106686.18,SPATA6L,48,9,35,23,11,20,13
ENSG00000106688.12,SLC1A1,1268,89,987,674,101,1460,808
ENSG00000106689.11,LHX2,115,13,134,58,4,38,97
ENSG00000106692.15,FKTN,1243,1253,943,1066,1307,1166,888
ENSG00000106701.13,FSD1L,180,198,188,204,210,136,130
ENSG00000106714.18,CNTNAP3,89,296,106,97,198,128,52
ENSG00000106723.17,SPIN1,4125,3919,2735,3556,6024,3258,3087
ENSG00000106733.21,NMRK1,324,337,281,292,319,235,212
ENSG00000106771.13,TMEM245,8060,2230,5207,5030,3536,5743,4116
ENSG00000106772.19,PRUNE2,608,297,405,415,698,286,196
ENSG00000106780.9,MEGF9,4798,814,2598,2146,1927,2290,3992
ENSG00000106785.15,TRIM14,50,50,178,423,286,64,54
ENSG00000106789.13,CORO2A,1115,562,407,675,1588,705,943
ENSG00000106799.14,TGFBR1,7543,6231,6617,7547,10682,6794,5275
ENSG00000106803.10,SEC61B,3093,1496,2041,2705,2423,2295,2076
ENSG00000106804.10,C5,143,248,66,74,173,96,88
ENSG00000106809.11,OGN,0,16,0,0,148,18,41
ENSG00000106829.21,TLE4,3077,2461,1873,3292,3418,2303,2326
ENSG00000106853.20,PTGR1,2252,1209,1489,823,2103,1722,1142
ENSG00000106868.17,SUSD1,1730,580,1942,1239,690,2294,1158
ENSG00000106948.17,AKNA,762,1097,678,753,1897,906,808
ENSG00000106976.22,DNM1,3750,2652,4529,3795,4073,4355,2998
ENSG00000106991.14,ENG,159,6711,528,1281,2113,309,430
ENSG00000106992.19,AK1,296,260,213,241,389,317,313
ENSG00000106993.12,CDC37L1,577,243,423,467,434,471,333
ENSG00000107020.10,PLGRKT,273,158,231,187,259,179,153
ENSG00000107021.16,TBC1D13,1845,1630,1158,1567,2347,1414,1256
ENSG00000107036.12,RIC1,3255,2671,1831,3017,3726,2499,2206
ENSG00000107077.19,KDM4C,381,322,274,330,374,420,293
ENSG00000107099.18,DOCK8,54,66,101,57,99,142,249
ENSG00000107104.21,KANK1,1742,969,1572,1237,1300,1383,1230
ENSG00000107105.15,ELAVL2,959,346,213,603,2221,855,555
ENSG00000107130.10,NCS1,4998,2948,4010,4364,3922,5151,4309
ENSG00000107140.17,TESK1,1296,927,871,961,1767,1103,1073
ENSG00000107164.17,FUBP3,2374,2083,1612,2079,2855,2330,2206
ENSG00000107175.12,CREB3,2411,1105,2330,2136,1713,2559,2047
ENSG00000107185.10,RGP1,2637,2049,1417,2028,2673,2024,1936
ENSG00000107186.17,MPDZ,2456,3934,1643,2140,3771,2308,2043
ENSG00000107201.11,RIGI,33,24,30,97,24,23,8
ENSG00000107223.13,EDF1,4622,2500,3785,3587,3607,3226,2951
ENSG00000107242.20,PIP5K1B,53,4,16,49,39,24,74
ENSG00000107249.24,GLIS3,2115,1152,1965,2123,1270,2456,1820
ENSG00000107262.26,BAG1,1081,723,868,938,1120,902,894
ENSG00000107263.19,RAPGEF1,3834,2732,1836,3759,4934,3541,3845
ENSG00000107281.10,NPDC1,795,1023,1969,638,1310,1245,681
ENSG00000107282.9,APBA1,158,189,145,204,237,183,178
ENSG00000107290.14,SETX,2882,2901,2036,2879,3392,3193,2449
ENSG00000107317.13,PTGDS,124,42,81,14,88,10,8
ENSG00000107331.18,ABCA2,1451,2060,1277,996,1644,1358,1092
ENSG00000107338.10,SHB,1850,361,1259,1088,502,1563,988
ENSG00000107341.5,UBE2R2,3337,2854,2387,2642,4688,3009,2785
ENSG00000107362.14,ABHD17B,577,408,357,419,712,497,482
ENSG00000107371.14,EXOSC3,339,282,333,328,457,264,252
ENSG00000107372.13,ZFAND5,6433,4476,5044,4605,7240,5664,5931
ENSG00000107404.21,DVL1,1861,1139,1468,1437,1746,1383,1184
ENSG00000107438.9,PDLIM1,7183,3714,6196,5927,1952,5130,5980
ENSG00000107443.16,CCNJ,935,752,813,997,1188,868,892
ENSG00000107485.18,GATA3,1012,244,573,460,72,754,1059
ENSG00000107518.18,ATRNL1,1496,686,543,522,1766,1193,708
ENSG00000107521.21,HPS1,686,388,662,398,474,434,545
ENSG00000107537.14,PHYH,281,369,241,204,380,249,240
ENSG00000107551.21,RASSF4,3672,915,2262,3552,1769,1211,1776
ENSG00000107554.17,DNMBP,1202,838,1072,875,772,2833,2016
ENSG00000107560.12,RAB11FIP2,587,555,414,521,1014,638,546
ENSG00000107562.18,CXCL12,1379,2102,207,371,3739,989,638
ENSG00000107566.14,ERLIN1,1547,1748,1705,1419,1296,1043,847
ENSG00000107581.14,EIF3A,11252,9085,9025,11443,10992,11234,9029
ENSG00000107611.16,CUBN,453,84,99,334,296,477,530
ENSG00000107614.22,TRDMT1,200,174,170,201,231,163,183
ENSG00000107625.14,DDX50,1385,1346,1095,1334,1472,1121,823
ENSG00000107643.17,MAPK8,998,1024,719,1008,1501,856,834
ENSG00000107651.15,SEC23IP,2402,1920,1772,2229,2405,2682,1910
ENSG00000107669.19,ATE1,968,728,630,816,1232,817,762
ENSG00000107672.15,NSMCE4A,334,437,388,418,611,184,275
ENSG00000107679.15,PLEKHA1,3266,1741,1252,1759,2339,2299,1586
ENSG00000107719.10,PALD1,89,317,99,139,331,121,117
ENSG00000107731.12,UNC5B,294,780,338,236,4503,755,1173
ENSG00000107736.22,CDH23,3,60,5,15,123,15,21
ENSG00000107742.14,SPOCK2,34,26,21,11,54,11,14
ENSG00000107745.20,MICU1,1887,1263,1002,1333,1728,1078,1261
ENSG00000107758.16,PPP3CB,1836,1827,1318,1769,2439,1361,1426
ENSG00000107771.17,CCSER2,2462,1203,1213,1801,2174,2441,2080
ENSG00000107779.15,BMPR1A,1806,1751,1499,1427,2370,1350,1020
ENSG00000107789.16,MINPP1,1441,1072,1369,889,1384,1005,971
ENSG00000107796.13,ACTA2,36423,3706,8886,33272,25329,13663,27143
ENSG00000107798.18,LIPA,3339,2971,3031,2885,3414,2864,2491
ENSG00000107815.10,TWNK,382,315,385,468,435,404,376
ENSG00000107816.17,LZTS2,3463,2313,2661,2848,3461,2535,2907
ENSG00000107819.15,SFXN3,4218,1628,3034,1905,2637,3028,3452
ENSG00000107821.15,KAZALD1,221,194,52,134,246,160,130
ENSG00000107829.15,FBXW4,1035,596,586,527,736,568,464
ENSG00000107833.11,NPM3,538,382,650,496,407,442,427
ENSG00000107854.7,TNKS2,4200,3574,2411,3408,4381,3537,3316
ENSG00000107859.11,PITX3,21,4,77,29,12,27,439
ENSG00000107862.7,GBF1,5199,3934,4930,4819,4038,5954,6959
ENSG00000107863.20,ARHGAP21,3964,4420,2737,3611,4441,4106,3523
ENSG00000107864.15,CPEB3,58,51,19,28,84,42,42
ENSG00000107872.14,FBXL15,380,185,356,227,367,267,259
ENSG00000107874.11,CUEDC2,1419,1344,1159,1053,1778,1043,1032
ENSG00000107882.12,SUFU,1415,1667,1013,1200,2252,1204,1530
ENSG00000107890.17,ANKRD26,826,647,421,565,873,563,404
ENSG00000107897.20,ACBD5,1194,675,890,1105,1116,1091,879
ENSG00000107902.14,LHPP,223,236,62,88,221,139,94
ENSG00000107929.16,LARP4B,2076,1231,1917,1946,1748,1988,1915
ENSG00000107937.19,GTPBP4,2698,1514,2923,2916,2082,2647,2179
ENSG00000107938.18,EDRF1,601,642,517,566,795,482,442
ENSG00000107949.17,BCCIP,1230,967,1048,1279,1385,1009,957
ENSG00000107951.15,MTPAP,438,386,391,425,573,443,364
ENSG00000107954.11,NEURL1,17,48,9,17,100,16,36
ENSG00000107957.17,SH3PXD2A,20848,6704,2320,7376,14456,19308,17240
ENSG00000107959.17,PITRM1,2886,2290,3101,3473,3012,2812,2827
ENSG00000107960.12,STN1,167,169,73,98,168,170,123
ENSG00000107968.10,MAP3K8,120,66,99,113,98,38,57
ENSG00000107984.10,DKK1,126,118,80,363,218,190,151
ENSG00000108001.16,EBF3,38,89,37,73,10,25,22
ENSG00000108010.12,GLRX3,2173,1219,1886,2313,1747,1822,1944
ENSG00000108018.17,SORCS1,9,145,27,17,155,27,46
ENSG00000108021.22,TASOR2,2519,2145,1575,2479,3322,2838,2235
ENSG00000108039.18,XPNPEP1,2827,2549,2245,2739,2696,2424,2407
ENSG00000108055.11,SMC3,1563,2726,1293,1810,2916,1113,1388
ENSG00000108061.13,SHOC2,3056,1003,1349,2360,1810,2441,1964
ENSG00000108064.11,TFAM,751,770,617,708,799,575,572
ENSG00000108091.11,CCDC6,2085,1571,1512,2033,2459,2251,2037
ENSG00000108094.17,CUL2,1762,1180,1353,1474,1747,1684,1568
ENSG00000108100.18,CCNY,2830,2087,1778,1987,3259,2653,2172
ENSG00000108106.14,UBE2S,1694,1167,1868,1918,2813,1987,2232
ENSG00000108175.19,ZMIZ1,4315,3938,2036,4083,7570,3810,3915
ENSG00000108176.15,DNAJC12,115,60,24,38,91,36,40
ENSG00000108179.14,PPIF,911,835,1143,1143,725,647,740
ENSG00000108187.16,PBLD,403,152,217,218,218,261,245
ENSG00000108219.16,TSPAN14,11305,2666,13481,8480,3904,13099,8183
ENSG00000108231.14,LGI1,59,8,152,60,63,16,332
ENSG00000108239.9,TBC1D12,548,395,305,327,734,417,290
ENSG00000108256.9,NUFIP2,3435,2589,2700,3362,3510,4236,3431
ENSG00000108262.16,GIT1,2093,2126,2029,1974,2329,1678,1719
ENSG00000108306.13,FBXL20,693,527,446,529,760,556,407
ENSG00000108309.14,RUNDC3A,27,21,39,7,59,29,18
ENSG00000108312.16,UBTF,3309,3500,2355,3004,5504,2877,2864
ENSG00000108344.15,PSMD3,4154,3310,4551,4653,4558,3971,4055
ENSG00000108349.17,CASC3,2264,2954,1925,2676,4623,2206,2703
ENSG00000108352.13,RAPGEFL1,410,517,326,360,664,252,205
ENSG00000108370.17,RGS9,521,203,283,478,1005,257,501
ENSG00000108379.11,WNT3,146,153,157,107,280,138,150
ENSG00000108384.16,RAD51C,233,157,171,255,221,222,112
ENSG00000108387.16,SEPTIN4,21,344,22,16,203,18,38
ENSG00000108389.10,MTMR4,1076,1451,958,1097,1842,716,724
ENSG00000108395.14,TRIM37,1926,957,1248,1445,1247,1448,1522
ENSG00000108406.10,DHX40,1568,1389,855,1101,2184,1264,1101
ENSG00000108423.15,TUBD1,263,277,164,348,445,176,214
ENSG00000108424.11,KPNB1,12666,10307,12430,13914,10248,13654,12110
ENSG00000108433.17,GOSR2,2291,1262,1451,1536,2069,1953,1529
ENSG00000108439.11,PNPO,360,82,205,213,129,266,116
ENSG00000108465.15,CDK5RAP3,443,527,593,436,650,199,216
ENSG00000108468.15,CBX1,3251,4609,3022,3431,5855,2409,2505
ENSG00000108469.15,RECQL5,652,590,780,535,750,352,455
ENSG00000108474.17,PIGL,285,207,304,264,262,215,194
ENSG00000108479.13,GALK1,460,482,359,324,541,422,284
ENSG00000108506.14,INTS2,506,643,511,491,661,412,373
ENSG00000108509.21,CAMTA2,1313,659,1514,1133,857,1052,1043
ENSG00000108510.10,MED13,2594,2555,1325,2264,3241,2593,2237
ENSG00000108515.18,ENO3,672,187,418,477,133,167,214
ENSG00000108518.8,PFN1,29922,11096,30397,28218,13176,23081,24675
ENSG00000108523.16,RNF167,2406,1228,2705,1787,1847,1860,1834
ENSG00000108528.14,SLC25A11,1757,1267,1160,1261,1717,1068,1202
ENSG00000108557.20,RAI1,2190,2620,1512,1918,4012,2200,2885
ENSG00000108559.13,NUP88,1075,900,859,1226,1185,855,770
ENSG00000108561.8,C1QBP,2199,1226,2465,2350,1922,1618,1575
ENSG00000108578.15,BLMH,1920,2530,1228,1998,2998,1221,1157
ENSG00000108582.12,CPD,5830,5220,4782,4744,6150,6733,4200
ENSG00000108587.16,GOSR1,1612,1209,1047,1370,1702,1443,1270
ENSG00000108588.15,CCDC47,2809,1826,3184,2859,2630,2726,2336
ENSG00000108590.11,MED31,243,153,181,203,220,169,149
ENSG00000108591.10,DRG2,1053,821,975,855,1010,693,746
ENSG00000108592.17,FTSJ3,2135,1813,2889,2716,2490,2042,1959
ENSG00000108599.15,AKAP10,1093,642,759,816,898,840,662
ENSG00000108604.18,SMARCD2,929,1297,955,1140,1428,744,752
ENSG00000108639.8,SYNGR2,2600,356,2691,1436,958,2250,895
ENSG00000108641.20,B9D1,279,295,209,220,322,171,210
ENSG00000108651.10,UTP6,1472,1060,1264,1480,1203,1076,880
ENSG00000108654.16,DDX5,19024,17575,18771,18125,22483,13266,12782
ENSG00000108666.11,C17orf75,481,486,408,438,620,289,259
ENSG00000108669.18,CYTH1,1548,852,659,1361,3040,1034,801
ENSG00000108671.11,PSMD11,3126,2098,2663,3432,3470,2752,2791
ENSG00000108679.13,LGALS3BP,8067,4443,8581,5562,4447,3070,2461
ENSG00000108691.10,CCL2,572,283,203,439,2505,73,1381
ENSG00000108733.11,PEX12,170,132,151,127,203,131,104
ENSG00000108773.11,KAT2A,878,902,1479,860,1199,543,608
ENSG00000108774.15,RAB5C,1982,1110,1974,1623,1665,1770,2191
ENSG00000108784.10,NAGLU,1571,787,1188,816,800,1108,840
ENSG00000108786.11,HSD17B1,112,15,33,41,21,38,24
ENSG00000108788.12,MLX,1238,711,1046,995,860,742,672
ENSG00000108797.12,CNTNAP1,695,2519,1501,1408,513,611,460
ENSG00000108798.9,ABI3,20,90,48,81,78,27,101
ENSG00000108799.13,EZH1,712,656,506,582,693,369,401
ENSG00000108819.11,PPP1R9B,3335,3299,2534,3007,5720,3275,3214
ENSG00000108821.14,COL1A1,1148145,793232,516987,680170,615483,1166653,824405
ENSG00000108828.16,VAT1,15830,7435,10289,13188,10117,8635,10464
ENSG00000108829.10,LRRC59,6847,3625,5757,6776,4244,6362,5434
ENSG00000108830.11,RND2,204,264,189,184,492,91,120
ENSG00000108840.16,HDAC5,1555,2006,700,1777,3456,1394,1658
ENSG00000108848.16,LUC7L3,2639,3064,2661,2910,4209,1688,1634
ENSG00000108852.16,MPP2,349,432,299,333,501,288,268
ENSG00000108854.16,SMURF2,1864,1371,3187,2285,2908,3015,2269
ENSG00000108861.9,DUSP3,5690,1664,4108,3891,2550,4868,4322
ENSG00000108883.13,EFTUD2,3882,3478,3917,4162,3826,3301,3216
ENSG00000108946.17,PRKAR1A,7782,7648,6336,5927,8394,6882,6354
ENSG00000108947.5,EFNB3,396,1362,244,391,1768,352,561
ENSG00000108953.17,YWHAE,14903,10682,11709,13882,14847,11831,12415
ENSG00000108960.9,MMD,1331,830,561,506,1131,1291,909
ENSG00000108961.14,RANGRF,551,461,514,491,486,404,435
ENSG00000108963.19,DPH1,630,406,502,503,695,456,436
ENSG00000108984.16,MAP2K6,537,1379,358,509,845,508,440
ENSG00000109016.18,DHRS7B,534,273,533,337,325,395,375
ENSG00000109046.15,WSB1,5813,7403,5056,5360,4653,2361,2231
ENSG00000109062.12,NHERF1,2634,649,1334,2590,2391,1867,2797
ENSG00000109063.15,MYH3,13,22,33,34,20,7,11
ENSG00000109065.12,NAT9,1372,752,1166,1038,1054,818,768
ENSG00000109066.14,TMEM104,2585,1210,1731,1969,2303,2312,2015
ENSG00000109072.14,VTN,126,31,171,85,44,160,179
ENSG00000109079.10,TNFAIP1,3923,2165,3876,3505,2753,4158,4788
ENSG00000109083.14,IFT20,899,727,581,607,958,879,809
ENSG00000109084.14,TMEM97,463,2388,1605,1336,1204,273,758
ENSG00000109089.7,CDR2L,3644,882,2803,2802,1648,4328,3443
ENSG00000109099.16,PMP22,1634,2260,737,1822,2292,1308,1981
ENSG00000109103.12,UNC119,577,944,561,598,1671,455,667
ENSG00000109107.14,ALDOC,216,264,118,270,219,155,111
ENSG00000109111.15,SUPT6H,6036,4996,4478,5434,6218,6216,5853
ENSG00000109113.20,RAB34,3165,2821,3953,3336,3747,2898,3238
ENSG00000109118.14,PHF12,1675,1608,1020,1551,2197,1421,1435
ENSG00000109133.14,TMEM33,1272,960,1569,1267,1625,1476,1275
ENSG00000109171.15,SLAIN2,2039,1419,1417,1710,2118,1930,1845
ENSG00000109180.15,OCIAD1,3897,2766,4085,3178,3434,3231,2340
ENSG00000109184.15,DCUN1D4,1130,863,1101,940,1231,962,942
ENSG00000109189.13,USP46,1587,1465,1071,1630,3363,1527,1810
ENSG00000109220.11,CHIC2,797,315,475,563,568,766,640
ENSG00000109265.15,CRACD,887,1393,709,883,3166,660,1088
ENSG00000109270.13,LAMTOR3,1757,699,1061,1098,1308,1321,1332
ENSG00000109320.14,NFKB1,810,812,840,842,811,846,715
ENSG00000109323.11,MANBA,10637,1629,3119,3583,3750,5617,4463
ENSG00000109332.20,UBE2D3,12117,5566,6008,8804,9034,8624,8678
ENSG00000109339.24,MAPK10,199,144,162,142,258,144,139
ENSG00000109381.21,ELF2,815,998,460,719,1045,619,563
ENSG00000109390.13,NDUFC1,817,505,612,624,734,499,497
ENSG00000109436.8,TBC1D9,2082,1947,2000,1482,1928,1883,1540
ENSG00000109445.11,ZNF330,725,507,1258,701,519,461,494
ENSG00000109452.13,INPP4B,505,1688,134,484,1271,460,249
ENSG00000109458.10,GAB1,755,868,338,509,1229,489,636
ENSG00000109466.14,KLHL2,1171,342,1161,744,441,1169,567
ENSG00000109472.14,CPE,24089,18983,18478,11324,17596,30961,25960
ENSG00000109501.15,WFS1,2656,1769,2895,2174,2076,2750,2040
ENSG00000109519.14,GRPEL1,880,413,873,866,478,593,605
ENSG00000109534.17,GAR1,610,380,573,592,509,408,415
ENSG00000109536.12,FRG1,586,478,447,471,612,440,389
ENSG00000109572.16,CLCN3,3385,1712,2363,2164,2162,2363,2045
ENSG00000109576.14,AADAT,476,520,548,409,671,430,512
ENSG00000109586.12,GALNT7,4834,980,3297,2885,1494,5542,2413
ENSG00000109606.13,DHX15,4252,4174,4294,4930,4756,3428,3708
ENSG00000109610.6,SOD3,51,204,78,83,175,98,272
ENSG00000109618.13,SEPSECS,214,198,169,148,305,117,138
ENSG00000109625.19,CPZ,44,145,8,90,71,48,72
ENSG00000109654.16,TRIM2,1568,1540,1046,1289,1791,1135,1336
ENSG00000109667.12,SLC2A9,8,47,14,30,27,20,18
ENSG00000109670.17,FBXW7,621,498,436,492,1522,552,537
ENSG00000109674.4,NEIL3,74,179,99,112,122,19,34
ENSG00000109680.11,TBC1D19,577,168,240,421,359,688,322
ENSG00000109685.19,NSD2,1981,4746,2534,2705,4572,1028,1157
ENSG00000109686.20,SH3D19,2345,2019,1656,1779,2451,2380,2038
ENSG00000109689.20,STIM2,691,536,623,515,1482,644,585
ENSG00000109705.8,NKX3-2,5,5,6,22,177,33,66
ENSG00000109736.15,MFSD10,2624,1044,3892,1998,1626,1673,1796
ENSG00000109738.11,GLRB,656,761,332,243,632,382,182
ENSG00000109743.11,BST1,1399,303,1215,1655,399,1702,799
ENSG00000109756.10,RAPGEF2,1752,2119,1099,1615,2367,2074,1839
ENSG00000109758.9,HGFAC,4,14,31,7,89,7,11
ENSG00000109762.17,SNX25,1232,610,759,991,659,1158,878
ENSG00000109775.11,UFSP2,811,515,575,682,609,593,548
ENSG00000109787.13,KLF3,1456,1950,1240,1425,2271,1707,1803
ENSG00000109790.18,KLHL5,3122,3347,2942,2400,1977,4017,2865
ENSG00000109794.14,FAM149A,81,395,42,142,224,164,39
ENSG00000109805.10,NCAPG,417,1695,849,1170,1100,206,338
ENSG00000109814.12,UGDH,1965,2223,1304,2037,2056,1931,1690
ENSG00000109819.9,PPARGC1A,23,56,6,13,113,23,27
ENSG00000109832.14,DDX25,5,14,7,24,48,12,25
ENSG00000109846.9,CRYAB,422,214,165,287,575,152,2960
ENSG00000109854.14,HTATIP2,1074,126,836,692,227,558,501
ENSG00000109861.17,CTSC,4112,5921,7519,3966,1650,1345,6053
ENSG00000109881.17,CCDC34,392,455,229,340,591,245,280
ENSG00000109911.19,ELP4,377,274,275,292,407,395,385
ENSG00000109917.11,ZPR1,1355,570,1342,1261,1121,1205,1232
ENSG00000109919.10,MTCH2,2939,1899,2241,2685,2279,1977,1718
ENSG00000109920.13,FNBP4,1616,1887,1545,1691,1833,1171,1184
ENSG00000109927.11,TECTA,36,74,30,42,123,39,31
ENSG00000109929.10,SC5D,11052,3938,4586,8255,7001,4492,5561
ENSG00000109944.11,JHY,135,196,66,107,345,144,114
ENSG00000109956.13,B3GAT1,150,102,353,112,210,267,265
ENSG00000109971.14,HSPA8,44714,29080,43225,41349,32276,26723,26083
ENSG00000110002.16,VWA5A,388,798,275,182,595,317,259
ENSG00000110011.14,DNAJC4,591,557,450,330,768,470,427
ENSG00000110013.13,SIAE,598,751,763,327,641,530,526
ENSG00000110031.13,LPXN,88,66,72,65,59,56,37
ENSG00000110042.8,DTX4,408,394,598,648,747,367,1003
ENSG00000110046.14,ATG2A,960,813,823,869,1097,878,945
ENSG00000110047.18,EHD1,5426,2288,5722,4783,2934,4988,4783
ENSG00000110048.12,OSBP,2912,2140,1828,2377,2769,3065,2388
ENSG00000110057.9,UNC93B1,354,258,495,637,272,424,366
ENSG00000110060.9,PUS3,329,217,273,279,379,262,272
ENSG00000110063.10,DCPS,359,323,315,357,514,276,307
ENSG00000110066.16,KMT5B,1301,1303,892,1140,1817,1173,1044
ENSG00000110074.12,FOXRED1,753,694,578,640,663,412,349
ENSG00000110075.15,PPP6R3,3271,2901,2280,2825,3985,3063,2826
ENSG00000110076.21,NRXN2,14,87,5,6,227,9,8
ENSG00000110077.15,MS4A6A,0,215,5,11,284,2,2
ENSG00000110080.20,ST3GAL4,482,427,385,324,1132,372,371
ENSG00000110090.13,CPT1A,248,351,78,44,440,127,35
ENSG00000110092.4,CCND1,6748,1124,6925,7520,5305,10161,9005
ENSG00000110104.13,CCDC86,752,520,1136,964,753,867,961
ENSG00000110107.9,PRPF19,1955,2628,2099,2421,2597,1602,1759
ENSG00000110108.10,TMEM109,2257,2193,3316,2451,2330,1881,1978
ENSG00000110148.10,CCKBR,510,53,30,77,65,100,185
ENSG00000110169.12,HPX,26,31,40,30,25,10,15
ENSG00000110171.21,TRIM3,801,625,778,735,800,452,515
ENSG00000110172.12,CHORDC1,1332,803,1165,1344,1139,891,829
ENSG00000110195.14,FOLR1,140,2,22,41,27,92,34
ENSG00000110200.9,ANAPC15,733,513,561,643,606,608,611
ENSG00000110218.9,PANX1,1088,1202,1226,1035,1565,1407,943
ENSG00000110237.5,ARHGEF17,4646,5640,3403,4374,5605,3310,4520
ENSG00000110274.16,CEP164,1054,1107,1002,1017,1378,874,826
ENSG00000110315.7,RNF141,1291,794,828,1113,1016,1079,1247
ENSG00000110318.15,CEP126,171,131,101,95,179,202,116
ENSG00000110321.19,EIF4G2,37055,34037,29344,37014,49648,37145,37964
ENSG00000110328.6,GALNT18,144,49,275,70,64,150,59
ENSG00000110330.10,BIRC2,2799,2286,2767,2842,2959,2588,2400
ENSG00000110344.10,UBE4A,2265,1987,1861,1818,2612,2093,1640
ENSG00000110367.14,DDX6,5903,5242,3930,5452,8713,5775,5603
ENSG00000110395.8,CBL,2860,1968,1568,2453,2572,2179,2673
ENSG00000110400.11,NECTIN1,1639,1037,1228,1130,3484,2638,2917
ENSG00000110422.12,HIPK3,2361,1060,1888,2193,1354,2311,2510
ENSG00000110427.17,KIAA1549L,106,402,451,428,921,714,408
ENSG00000110429.14,FBXO3,888,788,821,936,1169,990,703
ENSG00000110435.13,PDHX,864,530,754,758,750,765,811
ENSG00000110442.12,COMMD9,1403,667,923,971,1089,1211,1028
ENSG00000110446.12,SLC15A3,9,36,24,87,86,10,4
ENSG00000110455.14,ACCS,674,412,266,325,363,240,148
ENSG00000110492.17,MDK,7770,13711,5450,3749,21762,3066,7498
ENSG00000110497.15,AMBRA1,1138,1259,852,1071,1647,1016,1037
ENSG00000110514.20,MADD,1587,1544,1147,1136,1569,1233,1139
ENSG00000110536.14,PTPMT1,364,229,376,362,334,293,266
ENSG00000110583.13,NAA40,1206,1352,1050,1145,1337,800,816
ENSG00000110619.18,CARS1,1976,786,2441,1944,1406,1683,1774
ENSG00000110628.16,SLC22A18,337,86,305,160,191,239,169
ENSG00000110651.13,CD81,13577,6623,16956,10537,6871,8797,7028
ENSG00000110660.15,SLC35F2,1433,541,2199,980,389,1664,976
ENSG00000110693.19,SOX6,851,443,252,430,888,825,388
ENSG00000110696.10,C11orf58,5010,3121,3614,4183,4812,3746,3512
ENSG00000110697.13,PITPNM1,7402,1908,5733,6187,3340,7083,7156
ENSG00000110711.11,AIP,1200,851,776,875,881,667,625
ENSG00000110713.18,NUP98,2955,3099,2385,3087,3089,2681,2494
ENSG00000110717.13,NDUFS8,1905,1188,1560,1603,1505,1410,1380
ENSG00000110719.11,TCIRG1,815,1053,1737,1146,786,446,486
ENSG00000110721.12,CHKA,1135,918,939,1060,1073,681,938
ENSG00000110723.12,EXPH5,160,55,57,38,31,102,98
ENSG00000110756.18,HPS5,1360,1064,858,1431,1462,1088,997
ENSG00000110768.12,GTF2H1,1660,900,1129,1428,1497,1229,1172
ENSG00000110801.14,PSMD9,478,238,292,402,417,350,363
ENSG00000110811.20,P3H3,5924,5576,5932,4182,4382,4460,3367
ENSG00000110841.14,PPFIBP1,2455,1985,1765,2165,3077,2841,3074
ENSG00000110844.14,PRPF40B,341,487,302,331,341,248,137
ENSG00000110851.12,PRDM4,1341,1106,1076,1299,3334,1286,1246
ENSG00000110871.15,COQ5,602,582,429,591,554,384,298
ENSG00000110876.10,SELPLG,202,184,486,175,182,198,220
ENSG00000110880.11,CORO1C,11950,8315,11303,12057,7737,9627,8872
ENSG00000110881.12,ASIC1,324,1388,244,262,892,255,261
ENSG00000110888.19,CAPRIN2,869,1348,1116,1029,889,617,770
ENSG00000110900.16,TSPAN11,390,1106,282,219,855,478,593
ENSG00000110906.13,KCTD10,4376,2700,3601,4671,4390,4019,4356
ENSG00000110911.17,SLC11A2,1370,1306,1423,1173,1200,991,960
ENSG00000110917.8,MLEC,12112,10432,8333,8511,12201,9227,7657
ENSG00000110921.14,MVK,744,726,873,1109,1391,441,634
ENSG00000110925.7,CSRNP2,2703,1901,2059,2129,3713,2083,2312
ENSG00000110931.19,CAMKK2,1229,1036,920,1085,1288,1162,931
ENSG00000110955.9,ATP5F1B,17203,9746,13882,16766,11136,11975,10563
ENSG00000110958.16,PTGES3,5080,4396,5205,5912,5721,3888,4233
ENSG00000110975.8,SYT10,8,1,3,3,37,33,5
ENSG00000110987.9,BCL7A,679,645,533,573,1281,462,584
ENSG00000111011.18,RSRC2,1647,1437,1530,1540,2002,1138,1173
ENSG00000111052.8,LIN7A,117,115,116,96,253,227,140
ENSG00000111057.11,KRT18,27118,4796,34942,21681,2233,20271,39788
ENSG00000111058.8,ACSS3,502,501,229,328,694,269,385
ENSG00000111077.18,TNS2,663,1691,432,531,1386,229,655
ENSG00000111087.10,GLI1,173,186,97,204,1198,89,133
ENSG00000111110.12,PPM1H,1155,1517,1244,1249,2217,1129,953
ENSG00000111142.14,METAP2,3306,2364,2208,2980,3117,2573,2318
ENSG00000111144.10,LTA4H,2441,1870,1976,1868,1914,1594,1326
ENSG00000111145.8,ELK3,3917,4319,3495,3893,6793,4988,4915
ENSG00000111186.13,WNT5B,1862,629,3462,1982,579,3387,1072
ENSG00000111196.10,MAGOHB,411,475,305,556,492,374,247
ENSG00000111199.12,TRPV4,77,115,27,44,144,75,60
ENSG00000111203.13,ITFG2,593,533,572,421,433,401,355
ENSG00000111206.13,FOXM1,507,2762,1018,1681,2361,322,498
ENSG00000111224.14,PARP11,359,398,215,273,574,311,325
ENSG00000111229.16,ARPC3,5279,2190,4367,4533,2966,4257,3220
ENSG00000111231.9,GPN3,501,328,458,515,448,408,314
ENSG00000111237.19,VPS29,1779,1001,1500,1691,1350,1172,1035
ENSG00000111247.15,RAD51AP1,122,457,214,272,355,73,89
ENSG00000111249.14,CUX2,18,11,5,13,380,7,29
ENSG00000111252.11,SH2B3,2368,1023,1931,2882,1439,1951,1529
ENSG00000111254.8,AKAP3,53,29,8,7,56,23,16
ENSG00000111261.14,MANSC1,135,92,189,87,35,108,56
ENSG00000111262.6,KCNA1,0,48,1,13,61,7,32
ENSG00000111266.9,DUSP16,988,464,839,904,714,879,721
ENSG00000111269.3,CREBL2,1350,459,939,859,869,1049,1002
ENSG00000111271.15,ACAD10,768,681,487,462,574,341,312
ENSG00000111275.13,ALDH2,1333,982,789,988,956,1110,906
ENSG00000111276.12,CDKN1B,874,1763,608,739,1180,531,567
ENSG00000111300.10,NAA25,859,659,1022,984,857,842,824
ENSG00000111321.11,LTBR,133,782,509,653,460,549,426
ENSG00000111325.16,OGFOD2,52,30,51,43,57,40,41
ENSG00000111328.7,CDK2AP1,6632,4116,4385,5796,5969,4934,4524
ENSG00000111331.14,OAS3,53,126,372,723,416,159,41
ENSG00000111335.14,OAS2,12,18,53,531,403,45,2
ENSG00000111341.10,MGP,46,71,1,4,87,12,3
ENSG00000111344.12,RASAL1,30,0,1,17,10,29,160
ENSG00000111348.9,ARHGDIB,340,1176,507,803,319,202,974
ENSG00000111358.14,GTF2H3,819,750,712,759,783,617,581
ENSG00000111361.13,EIF2B1,1429,1002,1184,1329,1350,1165,1047
ENSG00000111364.16,DDX55,624,437,673,622,566,378,359
ENSG00000111371.16,SLC38A1,5626,4242,5973,6369,4782,5827,5911
ENSG00000111412.6,SPRING1,2949,1701,1683,2115,3170,2087,2116
ENSG00000111424.12,VDR,153,12,57,47,78,234,147
ENSG00000111432.5,FZD10,6,81,14,110,1007,7,17
ENSG00000111445.14,RFC5,257,518,288,371,522,212,197
ENSG00000111450.15,STX2,1369,1177,999,1327,1698,1304,950
ENSG00000111452.13,ADGRD1,101,271,8,28,149,44,73
ENSG00000111481.10,COPZ1,3778,3055,3049,3242,3005,2877,2876
ENSG00000111530.13,CAND1,6399,6818,4128,5661,8141,5451,4738
ENSG00000111540.16,RAB5B,5974,3974,4563,4975,6357,4842,5540
ENSG00000111554.15,MDM1,204,266,187,233,397,131,184
ENSG00000111581.10,NUP107,1021,1701,1172,1389,1678,757,879
ENSG00000111596.14,CNOT2,1720,1611,1376,1397,2112,1440,1357
ENSG00000111602.12,TIMELESS,806,2262,1126,1418,1799,605,646
ENSG00000111605.18,CPSF6,2252,2756,2259,2535,3291,1978,1925
ENSG00000111615.14,KRR1,1082,896,808,821,1096,932,807
ENSG00000111640.15,GAPDH,80160,41259,80898,80864,46655,55715,57399
ENSG00000111641.13,NOP2,73,29,93,71,38,29,47
ENSG00000111642.16,CHD4,1177,1088,1546,939,1211,883,1018
ENSG00000111647.13,BLTP3B,757,447,387,573,705,808,630
ENSG00000111652.10,COPS7A,1865,856,1481,1328,1097,1330,1300
ENSG00000111653.20,ING4,1030,1013,695,633,1048,589,648
ENSG00000111664.11,GNB3,234,217,295,395,245,113,193
ENSG00000111665.12,CDCA3,160,607,503,529,392,88,111
ENSG00000111666.11,CHPT1,916,366,597,402,669,605,427
ENSG00000111667.14,USP5,3815,2767,3582,3433,3554,3260,3222
ENSG00000111669.15,TPI1,12718,7426,11301,12397,7331,7658,6885
ENSG00000111670.16,GNPTAB,3152,1459,2445,1718,1962,2848,1861
ENSG00000111671.10,SPSB2,303,101,308,295,169,193,325
ENSG00000111674.9,ENO2,1117,294,989,687,612,476,466
ENSG00000111676.15,ATN1,6955,7111,5090,6204,11476,6878,7360
ENSG00000111678.11,C12orf57,1797,1620,1162,1348,1556,1154,1035
ENSG00000111679.17,PTPN6,218,58,221,145,60,162,104
ENSG00000111684.11,LPCAT3,1605,1006,1447,1228,1123,1138,880
ENSG00000111696.12,NT5DC3,355,333,358,334,179,320,239
ENSG00000111707.12,SUDS3,1727,1751,1195,1440,2180,1231,1248
ENSG00000111711.10,GOLT1B,3483,1877,3262,3125,2118,2991,2215
ENSG00000111716.14,LDHB,1296,624,1321,1154,721,666,561
ENSG00000111725.11,PRKAB1,890,592,881,716,863,737,712
ENSG00000111726.13,CMAS,1324,584,1084,971,940,1175,959
ENSG00000111727.12,HCFC2,485,484,315,416,511,301,243
ENSG00000111728.11,ST8SIA1,254,65,74,74,228,385,92
ENSG00000111731.13,C2CD5,861,1283,546,688,1324,555,484
ENSG00000111737.12,RAB35,1659,1325,1479,1800,1863,1546,1747
ENSG00000111752.11,PHC1,948,1205,798,871,1383,741,741
ENSG00000111775.3,COX6A1,1418,707,1125,1021,1167,1090,1057
ENSG00000111783.13,RFX4,0,9,0,51,50,0,4
ENSG00000111785.21,RIC8B,607,604,742,894,771,526,707
ENSG00000111786.10,SRSF9,3256,2677,3101,3252,3182,2405,2520
ENSG00000111790.14,FGFR1OP2,843,774,633,770,980,612,499
ENSG00000111799.22,COL12A1,39826,131267,9204,27722,156107,34329,32601
ENSG00000111801.16,BTN3A3,95,163,121,83,65,30,16
ENSG00000111802.14,TDP2,1054,624,882,862,983,981,865
ENSG00000111816.8,FRK,293,37,248,380,279,568,225
ENSG00000111817.19,DSE,1850,1752,1878,2121,2571,2347,1814
ENSG00000111832.13,RWDD1,1530,973,950,1132,1677,1268,1042
ENSG00000111843.14,TMEM14C,2568,1397,2089,1523,1536,1812,1584
ENSG00000111845.5,PAK1IP1,558,372,504,520,593,541,420
ENSG00000111846.20,GCNT2,1273,43,1477,410,51,1045,667
ENSG00000111850.11,SMIM8,128,121,99,115,259,91,103
ENSG00000111859.17,NEDD9,2306,1464,1385,3077,5902,1968,3057
ENSG00000111860.14,CEP85L,215,346,185,167,291,223,166
ENSG00000111875.8,ASF1A,1091,649,744,804,1013,1356,779
ENSG00000111877.18,MCM9,378,325,257,257,413,334,224
ENSG00000111879.20,FAM184A,35,16,35,29,59,39,30
ENSG00000111880.16,RNGTT,1025,627,732,869,856,821,791
ENSG00000111885.7,MAN1A1,598,1350,496,451,1437,600,616
ENSG00000111886.11,GABRR2,23,14,60,25,20,10,33
ENSG00000111897.7,SERINC1,14440,6644,10469,8865,10061,11430,9461
ENSG00000111906.18,HDDC2,842,668,768,910,999,699,735
ENSG00000111907.21,TPD52L1,567,94,559,485,399,356,513
ENSG00000111911.7,HINT3,751,500,554,584,811,753,550
ENSG00000111912.20,NCOA7,569,257,466,462,687,655,470
ENSG00000111913.20,RIPOR2,170,59,40,40,70,91,152
ENSG00000111961.19,SASH1,642,1269,501,805,2882,846,930
ENSG00000111962.8,UST,1506,633,733,1074,2016,1225,1308
ENSG00000111981.5,ULBP1,19,12,258,137,65,175,236
ENSG00000112029.10,FBXO5,241,616,288,400,592,185,214
ENSG00000112031.16,MTRF1L,447,173,485,598,341,440,531
ENSG00000112033.14,PPARD,823,1165,517,774,1806,673,724
ENSG00000112039.6,FANCE,132,411,123,244,338,88,114
ENSG00000112062.12,MAPK14,1945,1260,1352,1666,1492,1369,1275
ENSG00000112078.14,KCTD20,4365,4172,2705,4407,4789,3373,3199
ENSG00000112079.9,STK38,3412,2099,2809,3346,2787,2974,2677
ENSG00000112081.17,SRSF3,5462,6848,5772,6118,6580,3381,3713
ENSG00000112118.20,MCM3,1512,3000,1714,2184,2254,857,1132
ENSG00000112130.17,RNF8,648,595,532,726,789,553,487
ENSG00000112137.19,PHACTR1,71,50,161,60,156,151,114
ENSG00000112139.17,MDGA1,388,2793,196,490,887,310,488
ENSG00000112144.16,CILK1,722,1161,514,729,1381,743,817
ENSG00000112146.17,FBXO9,1660,842,1496,1313,1207,1386,1254
ENSG00000112149.10,CD83,67,153,145,50,282,74,53
ENSG00000112159.13,MDN1,1319,2044,1504,1722,1348,1783,1347
ENSG00000112167.11,SAYSD1,357,348,238,267,508,283,213
ENSG00000112175.8,BMP5,475,2169,291,1648,2084,294,198
ENSG00000112182.16,BACH2,458,641,171,383,1358,327,691
ENSG00000112183.15,RBM24,1329,465,1325,1181,857,1262,1566
ENSG00000112186.13,CAP2,3994,2684,3591,3366,3992,3809,3841
ENSG00000112200.17,ZNF451,1009,820,847,850,1142,906,765
ENSG00000112208.11,BAG2,654,271,683,625,391,515,608
ENSG00000112210.12,RAB23,1461,699,1035,1240,1370,1483,1182
ENSG00000112218.9,GPR63,120,122,107,95,157,92,88
ENSG00000112234.9,FBXL4,746,591,536,467,600,635,505
ENSG00000112237.13,CCNC,1335,825,1065,1158,1283,1249,1005
ENSG00000112242.16,E2F3,1278,751,973,1173,1801,1329,1194
ENSG00000112249.14,ASCC3,5544,2309,4055,4920,2767,7652,5038
ENSG00000112276.14,BVES,469,302,605,323,383,504,453
ENSG00000112280.18,COL9A1,4,105,6,29,748,12,52
ENSG00000112282.18,MED23,1391,1422,1032,1186,1619,1310,1135
ENSG00000112290.13,WASF1,949,1243,626,833,1271,712,1129
ENSG00000112293.15,GPLD1,110,69,133,159,118,93,77
ENSG00000112294.14,ALDH5A1,415,453,572,458,677,465,452
ENSG00000112297.18,CRYBG1,26,0,12,23,24,45,26
ENSG00000112304.11,ACOT13,1009,422,498,620,693,577,609
ENSG00000112305.15,SMAP1,1137,990,879,891,1415,1143,965
ENSG00000112308.14,C6orf62,4518,2039,3032,4037,3417,3208,3215
ENSG00000112312.10,GMNN,446,696,636,753,638,299,348
ENSG00000112319.21,EYA4,17,1273,35,15,420,38,28
ENSG00000112320.12,SOBP,121,819,35,118,1444,186,195
ENSG00000112335.15,SNX3,4046,2176,2524,2965,3241,3309,3383
ENSG00000112339.15,HBS1L,1787,1244,1149,1478,1637,1474,1168
ENSG00000112343.11,TRIM38,126,379,253,275,488,301,257
ENSG00000112357.14,PEX7,177,69,130,115,141,116,108
ENSG00000112365.6,ZBTB24,888,286,650,778,477,697,678
ENSG00000112367.12,FIG4,1375,574,662,816,729,853,661
ENSG00000112378.12,PERP,5929,731,5744,3575,1607,4442,2314
ENSG00000112379.9,ARFGEF3,151,10,298,72,64,241,82
ENSG00000112406.5,HECA,743,977,497,592,1219,625,645
ENSG00000112414.15,ADGRG6,5894,515,5001,4441,3954,4717,3451
ENSG00000112419.15,PHACTR2,1566,1013,628,1240,1352,1205,1425
ENSG00000112425.16,EPM2A,183,135,142,113,239,167,146
ENSG00000112473.19,SLC39A7,13258,7421,12927,11111,9347,10367,8561
ENSG00000112511.18,PHF1,1284,826,1303,1049,1174,819,983
ENSG00000112514.18,CUTA,4177,2544,3852,2873,2430,2313,2477
ENSG00000112531.17,QKI,5403,7097,3187,5843,9090,5332,6122
ENSG00000112541.19,PDE10A,589,579,536,725,1153,732,537
ENSG00000112559.15,MDFI,3489,4215,2084,2902,9152,4545,4227
ENSG00000112561.19,TFEB,292,152,262,204,375,470,183
ENSG00000112562.20,SMOC2,154,7035,115,836,5164,146,128
ENSG00000112576.13,CCND3,2214,739,1422,1689,1053,2271,2220
ENSG00000112578.10,BYSL,736,372,931,778,629,572,680
ENSG00000112584.14,FAM120B,1693,1304,1146,1204,1856,1526,1169
ENSG00000112592.15,TBP,485,392,340,409,529,367,370
ENSG00000112599.9,GUCA1B,40,21,11,48,63,23,13
ENSG00000112619.8,PRPH2,2,39,3,0,64,35,8
ENSG00000112624.14,BICRAL,360,422,199,287,534,404,326
ENSG00000112640.16,PPP2R5D,2227,2184,2097,2433,2965,2058,2254
ENSG00000112655.16,PTK7,44626,14639,21305,22917,43590,29838,19950
ENSG00000112658.8,SRF,3725,2091,2589,3622,3624,2802,3330
ENSG00000112659.14,CUL9,564,972,567,460,796,288,315
ENSG00000112667.13,DNPH1,328,393,485,188,474,297,410
ENSG00000112679.15,DUSP22,1425,1128,898,1097,2352,1168,1015
ENSG00000112685.14,EXOC2,2158,1304,1655,1978,1600,1840,1448
ENSG00000112695.13,COX7A2,2710,1162,1833,1958,1580,1491,1438
ENSG00000112697.17,TMEM30A,11052,6094,10032,8583,6006,10858,7917
ENSG00000112699.11,GMDS,282,428,320,353,546,274,138
ENSG00000112701.18,SENP6,2763,2397,2061,2493,3813,2812,2281
ENSG00000112715.26,VEGFA,513,388,835,721,621,526,394
ENSG00000112739.17,PRPF4B,2507,2708,1885,2497,3050,2029,1779
ENSG00000112742.10,TTK,272,961,438,603,708,134,250
ENSG00000112759.19,SLC29A1,674,402,1781,639,742,373,1181
ENSG00000112763.17,BTN2A1,2760,1480,3026,2950,1937,2136,1816
ENSG00000112769.20,LAMA4,414,9375,106,290,3949,355,884
ENSG00000112773.16,TENT5A,624,1004,232,200,2225,1686,612
ENSG00000112787.14,FBRSL1,1045,1054,1321,948,2272,1301,1487
ENSG00000112796.10,ENPP5,98,12,77,22,38,24,26
ENSG00000112812.16,PRSS16,35,15,40,23,23,25,21
ENSG00000112837.17,TBX18,608,771,485,438,197,1103,396
ENSG00000112851.16,ERBIN,2914,2655,2056,2486,3699,2644,2520
ENSG00000112852.7,PCDHB2,2369,2569,1738,1605,4859,2503,1888
ENSG00000112855.17,HARS2,995,826,1047,1038,942,782,677
ENSG00000112874.10,NUDT12,258,233,275,206,276,188,169
ENSG00000112877.8,CEP72,67,116,111,122,127,61,63
ENSG00000112893.10,MAN2A1,10752,5794,9646,5490,3163,10190,5438
ENSG00000112902.12,SEMA5A,3288,7693,1320,2470,7049,5129,4762
ENSG00000112936.21,C7,12,66,15,1,34,17,1
ENSG00000112941.14,TENT4A,767,961,812,826,1254,767,648
ENSG00000112964.14,GHR,95,496,77,88,340,102,145
ENSG00000112972.15,HMGCS1,6754,8740,7646,12211,9239,3526,7176
ENSG00000112977.16,DAP,8664,3517,5223,7504,5499,7604,7990
ENSG00000112981.5,NME5,51,37,18,22,81,27,9
ENSG00000112983.18,BRD8,1610,2267,1323,1535,2195,953,880
ENSG00000112984.12,KIF20A,417,4073,965,1599,2177,216,368
ENSG00000112992.18,NNT,2928,3191,1594,1970,2677,1663,1223
ENSG00000113013.16,HSPA9,6573,3909,6327,6486,5925,6896,5466
ENSG00000113068.10,PFDN1,3618,1669,3568,3806,2127,2863,3778
ENSG00000113070.8,HBEGF,7420,971,10370,5865,1349,6375,6393
ENSG00000113083.15,LOX,11916,7530,13778,15978,10442,23239,13084
ENSG00000113088.6,GZMK,35,1,5,22,28,30,76
ENSG00000113108.20,APBB3,620,605,533,575,746,273,326
ENSG00000113119.13,TMCO6,221,192,215,178,148,97,133
ENSG00000113140.11,SPARC,529654,147853,294068,341765,303504,617480,360227
ENSG00000113141.19,IK,2589,2237,2140,2466,2938,1979,1941
ENSG00000113161.17,HMGCR,5754,6533,6342,9649,7211,3980,5069
ENSG00000113163.19,CERT1,2115,1037,969,1143,1320,1391,972
ENSG00000113194.13,FAF2,2590,2194,2420,2210,2841,2595,2282
ENSG00000113205.5,PCDHB3,72,115,62,50,102,65,71
ENSG00000113209.9,PCDHB5,865,1089,1169,1408,1203,1534,440
ENSG00000113212.7,PCDHB7,25,22,17,22,26,29,27
ENSG00000113240.14,CLK4,346,333,272,279,377,180,184
ENSG00000113248.6,PCDHB15,738,459,282,553,729,545,159
ENSG00000113249.14,HAVCR1,416,1,1152,858,18,1097,209
ENSG00000113263.14,ITK,38,43,12,11,243,25,51
ENSG00000113269.14,RNF130,1219,1661,1241,1065,2786,943,879
ENSG00000113272.14,THG1L,332,398,301,328,418,267,231
ENSG00000113273.17,ARSB,2861,2149,1869,1819,2607,2718,1806
ENSG00000113282.14,CLINT1,3880,2229,2459,3116,3070,3384,2911
ENSG00000113296.14,THBS4,19,70,12,32,86,33,46
ENSG00000113300.13,CNOT6,1541,1782,1096,1512,2421,1298,1528
ENSG00000113312.12,TTC1,1639,733,1282,1302,1329,1225,1253
ENSG00000113318.11,MSH3,541,397,472,614,658,474,469
ENSG00000113319.13,RASGRF2,553,13,267,203,2029,1297,948
ENSG00000113328.20,CCNG1,5419,3755,4369,4477,4315,4456,3938
ENSG00000113356.13,POLR3G,118,40,132,129,39,58,40
ENSG00000113360.17,DROSHA,2176,2353,1932,2232,3027,1807,1861
ENSG00000113361.13,CDH6,20271,15864,22050,24870,22350,30844,28391
ENSG00000113368.12,LMNB1,833,4050,1045,1933,4072,536,663
ENSG00000113369.9,ARRDC3,1031,1096,625,953,2182,1125,2164
ENSG00000113384.14,GOLPH3,3925,2582,2180,2754,4112,4006,3418
ENSG00000113387.12,SUB1,3175,3257,2548,2899,3831,2811,2314
ENSG00000113389.16,NPR3,67,7421,99,151,3291,41,105
ENSG00000113391.19,FAM172A,820,864,578,615,1246,921,618
ENSG00000113407.14,TARS1,4495,2331,5133,5465,4094,4565,4329
ENSG00000113441.16,LNPEP,2672,2322,3604,2550,1830,3158,2159
ENSG00000113448.21,PDE4D,537,560,212,1807,3290,751,578
ENSG00000113456.20,RAD1,839,766,597,703,1169,632,616
ENSG00000113460.13,BRIX1,557,476,537,631,690,476,462
ENSG00000113494.17,PRLR,36,50,0,5,160,5,12
ENSG00000113504.21,SLC12A7,683,1185,1180,710,1733,1128,536
ENSG00000113522.14,RAD50,105,88,44,70,140,104,83
ENSG00000113532.13,ST8SIA4,18,77,36,52,282,28,56
ENSG00000113552.16,GNPDA1,1846,1077,1264,1128,1323,798,1114
ENSG00000113558.19,SKP1,710,419,480,622,566,499,453
ENSG00000113569.16,NUP155,954,1162,970,1125,1332,846,862
ENSG00000113575.12,PPP2CA,745,444,515,597,1087,774,822
ENSG00000113578.18,FGF1,163,24,222,414,271,307,380
ENSG00000113580.15,NR3C1,682,1084,349,355,692,629,462
ENSG00000113583.8,C5orf15,4207,3022,4792,3595,3837,4335,3618
ENSG00000113593.12,PPWD1,666,674,551,601,988,466,400
ENSG00000113594.10,LIFR,476,1700,489,342,1010,722,562
ENSG00000113595.15,TRIM23,679,522,401,496,751,646,457
ENSG00000113597.18,TRAPPC13,669,401,485,512,658,437,347
ENSG00000113615.13,SEC24A,2528,2052,1255,2214,2120,2449,1892
ENSG00000113621.15,TXNDC15,2941,2097,2391,2027,2415,2809,1625
ENSG00000113638.14,TTC33,586,504,349,411,715,448,375
ENSG00000113643.9,RARS1,3188,1938,3037,3006,2722,2726,2481
ENSG00000113645.15,WWC1,381,213,1234,570,322,393,651
ENSG00000113648.17,MACROH2A1,5611,4945,5122,5798,6300,4252,4430
ENSG00000113649.14,TCERG1,1271,2021,1450,1859,2328,1333,1363
ENSG00000113657.13,DPYSL3,36162,1427,15136,23886,5079,33876,32882
ENSG00000113658.18,SMAD5,1651,2069,1287,1676,2776,1668,1603
ENSG00000113712.19,CSNK1A1,3813,2287,2235,3288,4238,3666,3567
ENSG00000113716.13,HMGXB3,4064,1932,2313,3102,2943,2739,2628
ENSG00000113719.17,ERGIC1,8133,5307,9049,7171,5383,7205,5978
ENSG00000113721.14,PDGFRB,9351,15186,9406,14281,13495,8709,14165
ENSG00000113732.9,ATP6V0E1,4750,1416,4827,3246,2195,2494,2665
ENSG00000113734.18,BNIP1,208,174,181,234,222,175,172
ENSG00000113739.11,STC2,2265,361,2830,5008,662,2227,3361
ENSG00000113742.14,CPEB4,2660,470,977,1493,998,2235,1558
ENSG00000113749.8,HRH2,59,36,54,46,109,72,47
ENSG00000113758.14,DBN1,18739,14135,17683,16733,20319,14468,15374
ENSG00000113761.12,ZNF346,560,564,423,472,868,434,420
ENSG00000113763.12,UNC5A,32,5,33,16,19,51,22
ENSG00000113790.11,EHHADH,364,73,188,143,102,315,80
ENSG00000113805.9,CNTN3,55,48,33,29,110,45,24
ENSG00000113810.16,SMC4,1448,4646,1763,2485,3767,1181,1219
ENSG00000113811.12,SELENOK,928,450,978,952,761,878,808
ENSG00000113812.14,ACTR8,1052,888,992,1126,1311,1128,1185
ENSG00000113838.13,TBCCD1,440,288,277,421,466,359,331
ENSG00000113845.10,TIMMDC1,1670,1110,1377,1227,1574,1348,1085
ENSG00000113851.16,CRBN,929,851,570,664,1106,627,646
ENSG00000113916.18,BCL6,778,746,734,613,759,552,892
ENSG00000113966.11,ARL6,227,155,155,181,243,219,160
ENSG00000113971.21,NPHP3,446,425,432,315,375,348,293
ENSG00000114019.15,AMOTL2,3387,5538,4563,4900,4299,3675,4420
ENSG00000114021.12,NIT2,926,393,959,740,513,475,477
ENSG00000114023.16,FAM162A,786,428,484,494,543,473,333
ENSG00000114026.22,OGG1,743,772,456,572,622,398,468
ENSG00000114030.13,KPNA1,3020,2167,2468,2701,2886,3114,2873
ENSG00000114054.14,PCCB,1380,752,894,1226,1150,800,734
ENSG00000114062.22,UBE3A,3176,2254,2136,2638,3585,3034,2534
ENSG00000114098.18,ARMC8,991,805,871,928,975,739,682
ENSG00000114107.9,CEP70,395,387,232,276,405,259,256
ENSG00000114115.10,RBP1,1219,554,1095,1361,1231,704,1337
ENSG00000114120.14,SLC25A36,1822,1876,1288,1786,2346,1325,1285
ENSG00000114125.14,RNF7,2988,1408,2092,2314,2019,2162,1961
ENSG00000114126.18,TFDP2,1686,1785,1019,1065,2643,1383,1331
ENSG00000114127.11,XRN1,932,1524,572,957,1359,1089,850
ENSG00000114166.8,KAT2B,547,307,305,288,336,421,254
ENSG00000114200.10,BCHE,342,926,469,475,520,86,307
ENSG00000114209.15,PDCD10,1060,537,897,968,823,1001,781
ENSG00000114251.15,WNT5A,2618,552,2380,4268,1578,5748,2049
ENSG00000114268.12,PFKFB4,949,384,737,825,450,616,429
ENSG00000114270.18,COL7A1,3269,783,5409,4183,979,1807,2493
ENSG00000114302.17,PRKAR2A,2815,1893,1978,2351,2968,2852,2417
ENSG00000114315.4,HES1,972,941,942,708,1992,1001,1309
ENSG00000114316.13,USP4,1340,1059,996,1323,1248,677,734
ENSG00000114331.16,ACAP2,1641,1660,1109,1301,1764,1660,1316
ENSG00000114346.14,ECT2,1023,1622,1317,1584,1318,770,857
ENSG00000114353.17,GNAI2,10934,10490,13499,10921,14114,15392,12463
ENSG00000114354.15,TFG,5013,3132,3835,4181,4503,4499,3758
ENSG00000114374.13,USP9Y,2648,0,1,2167,0,2,1
ENSG00000114383.10,TUSC2,1061,474,997,767,1054,974,870
ENSG00000114388.14,NPRL2,497,376,464,429,505,334,321
ENSG00000114395.11,CYB561D2,377,164,298,253,167,220,110
ENSG00000114405.11,C3orf14,133,122,100,91,199,123,95
ENSG00000114416.19,FXR1,5437,3509,3654,4282,5006,3636,3562
ENSG00000114423.23,CBLB,1361,1136,1105,1438,1134,1266,1303
ENSG00000114439.19,BBX,3447,2478,1718,2106,3131,3022,2557
ENSG00000114446.5,IFT57,888,818,702,578,1115,775,749
ENSG00000114450.11,GNB4,2313,3331,1835,3197,3768,2339,2434
ENSG00000114473.14,IQCG,327,228,141,205,331,218,165
ENSG00000114480.13,GBE1,1504,1039,915,987,346,976,1024
ENSG00000114491.14,UMPS,970,758,810,905,1009,676,625
ENSG00000114503.11,NCBP2,3241,2180,2831,2808,3354,2591,2321
ENSG00000114520.11,SNX4,1610,964,1026,1402,1595,1400,1334
ENSG00000114529.13,C3orf52,573,215,1125,889,239,848,523
ENSG00000114541.15,FRMD4B,709,587,1035,703,409,749,1254
ENSG00000114544.17,SLC41A3,1113,1416,1432,1093,1318,751,816
ENSG00000114554.12,PLXNA1,7124,9497,7984,7433,9938,9863,7088
ENSG00000114573.12,ATP6V1A,4041,1745,2176,2568,2451,2981,2291
ENSG00000114626.18,ABTB1,360,460,287,309,651,217,202
ENSG00000114631.11,PODXL2,220,323,472,205,1212,294,245
ENSG00000114646.10,CSPG5,418,17,166,215,109,546,69
ENSG00000114648.12,KLHL18,1497,811,1117,1229,1411,1334,1141
ENSG00000114650.21,SCAP,2218,2487,2035,1628,2826,1581,1371
ENSG00000114670.14,NEK11,150,96,95,75,147,145,110
ENSG00000114698.15,PLSCR4,57,77,15,7,78,34,20
ENSG00000114735.10,HEMK1,530,487,419,459,482,268,275
ENSG00000114737.16,CISH,116,369,69,144,360,100,101
ENSG00000114738.11,MAPKAPK3,716,549,535,512,762,623,509
ENSG00000114739.14,ACVR2B,710,911,819,695,1029,661,782
ENSG00000114742.14,WDR48,1543,1379,1025,1129,1783,1251,1201
ENSG00000114744.9,COMMD2,1166,1089,935,1043,1538,1096,1108
ENSG00000114745.15,GORASP1,1687,1372,1503,1471,1731,1268,1389
ENSG00000114767.7,RRP9,509,341,564,564,407,346,398
ENSG00000114770.17,ABCC5,1840,1895,1886,1752,2251,1564,1868
ENSG00000114779.20,ABHD14B,429,314,189,184,269,277,217
ENSG00000114784.4,EIF1B,955,600,662,746,1123,676,641
ENSG00000114790.13,ARHGEF26,75,297,80,100,237,64,42
ENSG00000114796.16,KLHL24,2040,1571,855,1262,2727,1694,1558
ENSG00000114805.18,PLCH1,192,67,65,106,129,123,83
ENSG00000114812.13,VIPR1,334,2,15,62,35,49,24
ENSG00000114841.18,DNAH1,198,348,158,111,223,172,131
ENSG00000114850.7,SSR3,11321,4394,13426,11359,6876,11114,9226
ENSG00000114853.15,ZBTB47,1191,884,750,709,1242,989,848
ENSG00000114854.8,TNNC1,898,88,129,675,92,199,157
ENSG00000114857.19,NKTR,2191,3639,2497,2937,2691,1776,1598
ENSG00000114859.16,CLCN2,210,201,209,148,181,166,135
ENSG00000114861.24,FOXP1,1479,2127,1377,1534,1886,1168,1167
ENSG00000114867.22,EIF4G1,17878,11212,19184,18402,15059,20999,18839
ENSG00000114902.14,SPCS1,1968,1168,1869,1579,1572,1548,1294
ENSG00000114904.13,NEK4,391,501,324,377,706,312,304
ENSG00000114923.17,SLC4A3,633,904,822,611,1123,496,468
ENSG00000114933.16,INO80D,431,363,399,471,527,630,534
ENSG00000114942.14,EEF1B2,9425,4966,8137,8088,4752,6069,5196
ENSG00000114948.13,ADAM23,480,591,1077,597,654,593,832
ENSG00000114956.20,DGUOK,1256,722,947,978,1078,1055,965
ENSG00000114978.18,MOB1A,2555,2968,2278,2766,3553,2578,2378
ENSG00000114982.19,KANSL3,1668,2074,1435,1811,2623,1486,1354
ENSG00000114988.12,LMAN2L,1132,849,1095,908,1132,973,682
ENSG00000114993.17,RTKN,1732,988,1475,1600,1938,1990,1680
ENSG00000114999.8,TTL,3263,1961,2721,2944,3090,2345,2190
ENSG00000115020.17,PIKFYVE,1876,2409,1121,1756,2469,1634,1653
ENSG00000115041.14,KCNIP3,5,64,20,21,108,43,17
ENSG00000115042.10,FAHD2A,623,593,660,528,687,455,362
ENSG00000115053.17,NCL,15212,15837,16304,18596,16836,13515,12845
ENSG00000115073.8,ACTR1B,2520,1622,1935,1647,1784,1367,1593
ENSG00000115084.15,SLC35F5,3994,1836,3522,2941,2240,3805,2644
ENSG00000115091.12,ACTR3,10536,4929,9622,11575,7535,9827,9795
ENSG00000115107.20,STEAP3,5737,993,2875,3086,1121,3225,1305
ENSG00000115109.14,EPB41L5,1509,1046,1078,1227,1100,983,1283
ENSG00000115128.7,SF3B6,1682,1134,1188,1332,1770,1324,1284
ENSG00000115129.14,TP53I3,2769,824,2558,2282,1399,2605,1846
ENSG00000115137.12,DNAJC27,100,93,102,111,160,83,100
ENSG00000115145.10,STAM2,1510,896,922,1210,1205,1204,997
ENSG00000115159.17,GPD2,833,922,839,771,849,618,652
ENSG00000115163.15,CENPA,78,421,164,234,419,45,56
ENSG00000115170.16,ACVR1,1335,1024,874,1074,1719,1242,1374
ENSG00000115183.15,TANC1,2261,2657,1679,1756,3700,2050,2572
ENSG00000115204.15,MPV17,1056,684,901,786,1014,656,710
ENSG00000115207.15,GTF3C2,2468,1915,2033,2277,2437,2058,2224
ENSG00000115211.17,EIF2B4,1289,797,1256,1221,969,817,828
ENSG00000115216.14,NRBP1,4943,3361,4161,4478,4218,4333,3778
ENSG00000115221.12,ITGB6,25,4,22,83,24,16,26
ENSG00000115226.10,FNDC4,645,515,529,352,897,947,665
ENSG00000115232.14,ITGA4,726,4855,1334,1409,3777,1314,1179
ENSG00000115233.12,PSMD14,2459,1409,2551,2643,2026,2019,1772
ENSG00000115234.11,SNX17,3011,2309,2314,2506,2904,2186,2022
ENSG00000115239.24,ASB3,739,631,537,695,846,544,503
ENSG00000115241.11,PPM1G,3358,3011,3967,3847,3218,2604,2413
ENSG00000115255.12,REEP6,134,61,176,101,174,172,102
ENSG00000115257.15,PCSK4,98,109,120,90,199,39,51
ENSG00000115266.12,APC2,91,78,65,122,238,128,267
ENSG00000115267.10,IFIH1,55,50,89,293,226,44,17
ENSG00000115271.11,GCA,458,212,577,319,241,347,246
ENSG00000115274.15,INO80B,25,30,16,42,52,24,17
ENSG00000115275.15,MOGS,4788,1713,5175,3928,2609,5352,3808
ENSG00000115282.21,TTC31,512,644,489,575,582,351,293
ENSG00000115286.21,NDUFS7,1086,760,813,854,940,654,771
ENSG00000115289.14,PCGF1,225,163,213,168,197,162,165
ENSG00000115290.11,GRB14,451,692,508,500,203,472,220
ENSG00000115295.21,CLIP4,590,308,701,533,423,475,363
ENSG00000115306.16,SPTBN1,19282,15923,16184,16136,12791,21353,13835
ENSG00000115307.17,AUP1,2921,2045,4135,2454,2624,2228,2330
ENSG00000115310.19,RTN4,19998,9193,23950,13489,13594,20099,18615
ENSG00000115317.13,HTRA2,631,488,476,516,703,299,406
ENSG00000115318.12,LOXL3,1163,1636,709,1128,1684,607,543
ENSG00000115325.14,DOK1,647,407,494,482,701,485,416
ENSG00000115339.14,GALNT3,143,11,323,89,21,95,11
ENSG00000115350.12,POLE4,508,205,301,322,248,275,273
ENSG00000115355.18,CCDC88A,2556,3505,1457,2826,4446,2632,2070
ENSG00000115361.8,ACADL,161,21,38,48,109,89,51
ENSG00000115363.14,EVA1A,1579,314,1814,877,405,1452,1686
ENSG00000115365.13,LANCL1,2804,2459,1532,1869,2982,1754,1386
ENSG00000115368.10,WDR75,1113,1082,1092,1065,1211,936,852
ENSG00000115380.20,EFEMP1,3966,1871,5825,2115,470,7869,9484
ENSG00000115392.13,FANCL,478,754,386,364,533,247,202
ENSG00000115414.21,FN1,781447,644132,359902,1007867,762954,1697979,765053
ENSG00000115415.21,STAT1,2889,2157,2360,7414,7029,3021,2615
ENSG00000115419.14,GLS,9663,3539,11530,5803,7373,8141,5876
ENSG00000115421.13,PAPOLG,528,629,346,477,867,489,506
ENSG00000115425.14,PECR,379,145,248,198,174,210,262
ENSG00000115446.12,UNC50,932,649,870,725,1003,686,563
ENSG00000115457.10,IGFBP2,36670,24482,49476,27708,28946,31602,32432
ENSG00000115459.18,ELMOD3,495,489,521,387,659,353,272
ENSG00000115461.5,IGFBP5,34915,43363,5795,16121,150832,18635,11982
ENSG00000115464.15,USP34,5196,5751,3497,4550,6829,5818,4384
ENSG00000115468.13,EFHD1,1451,1082,537,1735,2449,1619,1331
ENSG00000115484.15,CCT4,5732,3801,5071,5856,4914,4506,4290
ENSG00000115486.13,GGCX,3075,2204,1982,2277,2705,2791,2179
ENSG00000115504.15,EHBP1,2035,1189,1322,1761,1926,2371,1567
ENSG00000115507.10,OTX1,5,11,165,101,279,1,108
ENSG00000115514.12,TXNDC9,1241,514,1116,1227,873,951,848
ENSG00000115520.9,COQ10B,1450,423,1122,984,830,1262,1165
ENSG00000115523.17,GNLY,0,0,1,0,163,67,63
ENSG00000115524.17,SF3B1,10349,11460,8580,10259,11507,7917,7715
ENSG00000115525.18,ST3GAL5,6154,959,2703,5777,2565,3885,2146
ENSG00000115526.11,CHST10,496,581,491,464,877,498,388
ENSG00000115539.14,PDCL3,629,376,597,686,578,459,484
ENSG00000115540.15,MOB4,758,646,720,591,862,748,670
ENSG00000115541.11,HSPE1,903,539,850,854,777,616,681
ENSG00000115548.17,KDM3A,1800,1144,1038,1531,1947,1440,1544
ENSG00000115556.14,PLCD4,24,197,15,14,62,10,5
ENSG00000115561.16,CHMP3,1644,1167,1226,1197,1401,1444,1425
ENSG00000115568.16,ZNF142,980,902,821,1006,1417,933,946
ENSG00000115594.12,IL1R1,241,3570,250,524,1572,381,277
ENSG00000115641.19,FHL2,2896,1062,2757,3093,893,1812,1865
ENSG00000115648.14,MLPH,170,361,676,187,149,290,665
ENSG00000115649.16,CNPPD1,1354,900,1260,1196,1290,1061,903
ENSG00000115652.15,UXS1,2344,1236,2789,1566,1877,2466,1699
ENSG00000115657.14,ABCB6,61,67,106,87,85,45,51
ENSG00000115661.14,STK16,797,549,514,559,664,504,438
ENSG00000115677.18,HDLBP,43198,24267,21911,31284,29688,34161,27756
ENSG00000115685.15,PPP1R7,1354,863,1117,1222,1198,1154,987
ENSG00000115687.14,PASK,131,338,217,226,396,104,122
ENSG00000115694.15,STK25,5552,3416,4552,4677,4364,4004,3825
ENSG00000115718.18,PROC,216,27,22,38,93,48,11
ENSG00000115738.10,ID2,475,2997,412,361,4413,361,390
ENSG00000115750.17,TAF1B,501,388,340,387,442,359,298
ENSG00000115756.13,HPCAL1,636,356,275,329,468,424,386
ENSG00000115758.14,ODC1,3213,1824,2534,3560,6622,2280,1789
ENSG00000115760.16,BIRC6,3280,3857,2264,3125,2948,4520,3210
ENSG00000115761.17,NOL10,828,628,649,786,832,713,579
ENSG00000115762.17,PLEKHB2,4872,1581,4156,4446,2256,3885,3729
ENSG00000115806.13,GORASP2,4765,2997,3186,3878,4270,4514,4028
ENSG00000115808.13,STRN,1197,1443,785,1316,1532,1213,1139
ENSG00000115816.15,CEBPZ,1839,975,1289,1500,1425,1192,972
ENSG00000115825.11,PRKD3,2652,2762,1234,1854,3724,2094,1544
ENSG00000115827.14,DCAF17,748,574,602,656,814,615,557
ENSG00000115828.17,QPCT,3467,311,1300,864,982,2807,494
ENSG00000115839.19,RAB3GAP1,2655,2237,1941,2393,2249,2259,1831
ENSG00000115840.14,SLC25A12,771,623,663,777,839,612,533
ENSG00000115841.21,RMDN2,122,107,102,77,117,85,71
ENSG00000115844.11,DLX2,45,18,14,25,422,100,68
ENSG00000115866.11,DARS1,1166,862,1210,1076,1114,881,929
ENSG00000115875.19,SRSF7,2246,2527,2542,2487,2468,1135,1240
ENSG00000115884.11,SDC1,2997,2263,2829,3012,13233,3667,2366
ENSG00000115896.17,PLCL1,158,12,128,104,206,120,384
ENSG00000115902.11,SLC1A4,975,707,6139,2150,1256,1719,3285
ENSG00000115904.15,SOS1,2119,2035,1411,1751,2918,2369,2100
ENSG00000115935.19,WIPF1,1038,1579,821,881,1475,1167,1061
ENSG00000115942.9,ORC2,621,589,540,672,692,503,432
ENSG00000115944.15,COX7A2L,2949,1622,1672,1776,2341,1944,1849
ENSG00000115946.8,PNO1,942,445,886,808,789,981,781
ENSG00000115947.14,ORC4,841,605,692,632,803,611,463
ENSG00000115963.14,RND3,2662,2714,2489,2606,3270,2047,3068
ENSG00000115966.18,ATF2,1622,1465,968,1525,1779,1324,1236
ENSG00000115970.19,THADA,1260,756,959,1784,1045,1586,864
ENSG00000115977.21,AAK1,2565,1950,1736,2377,2106,3581,2703
ENSG00000115993.13,TRAK2,2792,1374,1726,2349,2446,2399,1672
ENSG00000115998.8,C2orf42,256,157,185,172,234,159,161
ENSG00000116001.17,TIA1,3007,5516,2848,2712,4428,1684,1898
ENSG00000116005.12,PCYOX1,6800,4078,5135,4611,5178,6488,4398
ENSG00000116016.14,EPAS1,1337,633,977,872,362,1919,2485
ENSG00000116017.11,ARID3A,6795,1720,3336,3927,2052,6396,5121
ENSG00000116030.17,SUMO1,3358,2409,2390,2806,3656,2459,2417
ENSG00000116032.5,GRIN3B,23,62,42,18,29,52,37
ENSG00000116044.17,NFE2L2,2502,1069,1605,2057,1726,2124,1972
ENSG00000116062.19,MSH6,2096,3080,1272,2143,2958,1425,1506
ENSG00000116095.11,PLEKHA3,712,290,486,513,707,727,589
ENSG00000116096.6,SPR,343,115,470,236,219,360,319
ENSG00000116106.12,EPHA4,1148,5279,960,647,2137,1123,887
ENSG00000116117.20,PARD3B,556,442,266,297,614,473,382
ENSG00000116120.11,FARSB,1208,796,1251,1344,1048,1083,997
ENSG00000116127.20,ALMS1,784,1359,560,900,1317,936,846
ENSG00000116128.12,BCL9,1778,2704,1014,1404,3882,1427,1641
ENSG00000116132.12,PRRX1,71,17571,5,649,19373,362,98
ENSG00000116133.13,DHCR24,9791,11856,22163,18037,13640,7796,10067
ENSG00000116138.13,DNAJC16,837,636,857,720,657,654,568
ENSG00000116141.17,MARK1,460,267,469,339,441,366,563
ENSG00000116151.14,MORN1,120,130,94,100,179,132,144
ENSG00000116157.6,GPX7,2453,1213,1387,1010,1807,923,1531
ENSG00000116161.18,CACYBP,1579,1311,1263,1530,1334,1111,933
ENSG00000116171.19,SCP2,2176,1222,1572,1494,1778,1892,1580
ENSG00000116183.11,PAPPA2,242,262,96,204,218,175,564
ENSG00000116191.19,RALGPS2,1149,1632,1223,1274,1339,1069,1026
ENSG00000116198.14,CEP104,1067,755,766,949,1189,1002,823
ENSG00000116199.12,FAM20B,2684,1984,2073,1747,2217,1844,1576
ENSG00000116205.14,TCEANC2,455,299,324,382,466,358,306
ENSG00000116209.12,TMEM59,7399,2988,4317,3843,4631,5774,3941
ENSG00000116212.15,LRRC42,1636,1114,1360,1666,1263,1245,1086
ENSG00000116213.16,WRAP73,495,426,483,514,695,323,304
ENSG00000116237.16,ICMT,4416,3097,4146,3769,4205,3600,2696
ENSG00000116254.18,CHD5,24,3,33,6,22,56,15
ENSG00000116260.17,QSOX1,7357,3764,8468,4249,4190,7532,3876
ENSG00000116266.11,STXBP3,1330,681,995,1057,859,1213,1159
ENSG00000116273.6,PHF13,1237,1192,976,1063,1354,870,1076
ENSG00000116285.13,ERRFI1,2065,2725,1561,3371,3266,1863,2420
ENSG00000116288.13,PARK7,4412,2733,3770,3563,3731,3184,2858
ENSG00000116299.17,ELAPOR1,53,15,19,25,31,30,32
ENSG00000116329.12,OPRD1,6,27,19,48,1265,37,45
ENSG00000116337.20,AMPD2,4167,2269,4764,4366,3247,4182,3628
ENSG00000116350.18,SRSF4,1687,1977,1833,1868,2336,1399,1334
ENSG00000116353.16,MECR,654,358,358,408,674,424,309
ENSG00000116396.15,KCNC4,101,35,125,57,324,264,210
ENSG00000116406.20,EDEM3,2320,1772,1757,1924,2650,2726,1966
ENSG00000116455.14,WDR77,967,547,1062,1136,751,716,877
ENSG00000116459.11,ATP5PB,3860,2298,2922,3245,3002,2972,2751
ENSG00000116473.15,RAP1A,1482,901,1220,1328,1109,1814,1356
ENSG00000116478.12,HDAC1,2659,2515,2752,2338,2067,2022,1728
ENSG00000116489.13,CAPZA1,5788,3215,5561,5000,4043,5131,4494
ENSG00000116497.18,S100PBP,1376,1132,817,947,1230,679,683
ENSG00000116514.17,RNF19B,518,284,508,415,824,528,532
ENSG00000116521.11,SCAMP3,1912,1058,2232,1684,1626,1442,1476
ENSG00000116525.14,TRIM62,1081,1161,787,943,1259,1184,1251
ENSG00000116539.14,ASH1L,1731,2566,1082,1587,3086,2286,1763
ENSG00000116544.12,DLGAP3,33,21,29,11,71,130,103
ENSG00000116560.12,SFPQ,6232,9587,7150,8253,11364,6421,6523
ENSG00000116574.6,RHOU,622,3699,277,783,1401,811,394
ENSG00000116580.20,GON4L,1677,1849,1159,1409,2014,1512,1310
ENSG00000116584.22,ARHGEF2,1676,2269,1917,1590,2340,1377,1473
ENSG00000116586.12,LAMTOR2,929,543,596,569,764,551,541
ENSG00000116604.19,MEF2D,1857,1442,1359,1504,2494,2205,2539
ENSG00000116641.18,DOCK7,2917,3224,1988,2689,3164,2747,2346
ENSG00000116649.10,SRM,3051,1202,2691,3114,1820,2875,2922
ENSG00000116661.11,FBXO2,307,131,213,96,266,387,189
ENSG00000116663.11,FBXO6,124,101,61,85,225,112,71
ENSG00000116667.15,C1orf21,305,860,315,365,628,336,380
ENSG00000116668.13,SWT1,158,202,111,149,266,125,120
ENSG00000116670.16,MAD2L2,564,1165,550,713,1361,415,461
ENSG00000116675.16,DNAJC6,700,116,572,441,413,489,455
ENSG00000116678.20,LEPR,339,267,429,318,289,278,285
ENSG00000116679.16,IVNS1ABP,9638,2364,3320,6648,9403,6430,7074
ENSG00000116685.17,KIAA2013,2830,1510,2784,2343,2805,2249,2056
ENSG00000116688.18,MFN2,5716,3593,4122,4829,4081,3809,3701
ENSG00000116691.11,MIIP,534,489,807,741,644,363,568
ENSG00000116698.22,SMG7,1904,2637,1202,1622,3114,2042,2085
ENSG00000116701.16,NCF2,84,37,107,185,39,184,135
ENSG00000116704.8,SLC35D1,937,615,574,767,752,541,580
ENSG00000116711.10,PLA2G4A,70,28,38,37,64,41,31
ENSG00000116717.13,GADD45A,1444,251,1756,1220,552,1533,1377
ENSG00000116729.14,WLS,16427,14903,8620,11866,19296,10740,11237
ENSG00000116731.23,PRDM2,2018,2247,1019,2175,2961,1963,1796
ENSG00000116741.8,RGS2,1445,470,584,579,556,966,743
ENSG00000116747.13,RO60,1441,1435,1407,1301,2205,1579,1432
ENSG00000116750.14,UCHL5,634,605,614,815,750,587,484
ENSG00000116752.6,BCAS2,1276,762,881,963,1128,954,820
ENSG00000116754.14,SRSF11,5685,5833,5817,5904,5826,3501,3532
ENSG00000116761.12,CTH,335,121,162,317,118,307,203
ENSG00000116771.6,AGMAT,23,7,31,41,23,45,31
ENSG00000116774.12,OLFML3,2570,6288,2634,2117,5197,2094,1763
ENSG00000116786.13,PLEKHM2,2736,2461,2035,2373,3680,2274,2453
ENSG00000116791.14,CRYZ,990,859,1847,1292,1114,2748,1086
ENSG00000116793.16,PHTF1,1828,1190,1736,1788,2511,1730,1621
ENSG00000116809.12,ZBTB17,835,825,815,781,1171,589,559
ENSG00000116815.16,CD58,309,209,314,241,349,281,300
ENSG00000116819.9,TFAP2E,9,84,5,18,36,1,3
ENSG00000116830.12,TTF2,626,870,841,951,557,511,510
ENSG00000116852.15,KIF21B,113,1181,152,148,1093,175,246
ENSG00000116857.17,TMEM9,2172,3647,2600,1898,2834,1568,1558
ENSG00000116863.11,ADPRS,965,587,840,840,895,735,631
ENSG00000116871.16,MAP7D1,7309,3733,7165,6111,7798,8402,8622
ENSG00000116874.12,WARS2,348,263,251,263,293,260,218
ENSG00000116885.18,OSCP1,178,81,143,98,168,126,150
ENSG00000116903.7,EXOC8,626,427,441,498,651,592,519
ENSG00000116906.13,GNPAT,1633,1613,1517,1591,2428,1341,1237
ENSG00000116918.15,TSNAX,1021,705,673,795,1149,866,691
ENSG00000116922.15,C1orf109,429,400,352,426,655,310,325
ENSG00000116954.8,RRAGC,1181,559,699,759,896,625,752
ENSG00000116962.15,NID1,4012,21869,4817,7229,14176,4917,10600
ENSG00000116977.19,LGALS8,1936,1037,1559,1603,1636,1220,1116
ENSG00000116984.15,MTR,2038,2495,1214,1619,2625,1792,1191
ENSG00000116990.12,MYCL,37,49,33,75,349,54,112
ENSG00000116991.12,SIPA1L2,1832,2900,733,2698,3957,1163,2220
ENSG00000117000.9,RLF,531,754,383,516,1170,593,547
ENSG00000117009.12,KMO,242,3,95,233,38,37,551
ENSG00000117010.17,ZNF684,109,72,61,70,121,84,54
ENSG00000117013.17,KCNQ4,118,67,91,135,30,32,56
ENSG00000117016.10,RIMS3,206,277,166,160,534,99,177
ENSG00000117020.19,AKT3,2798,2838,1702,2168,3858,2500,2254
ENSG00000117036.12,ETV3,741,925,606,715,1703,798,915
ENSG00000117054.15,ACADM,1161,1057,803,981,1244,783,676
ENSG00000117069.15,ST6GALNAC5,441,1479,544,269,554,269,162
ENSG00000117114.21,ADGRL2,5199,14032,2979,3214,8355,4274,4234
ENSG00000117115.13,PADI2,1055,12,2521,558,35,1629,47
ENSG00000117118.11,SDHB,1628,776,1207,1398,1080,1187,976
ENSG00000117122.14,MFAP2,2271,4215,2701,1589,5888,2684,2187
ENSG00000117133.11,RPF1,693,459,621,625,728,608,684
ENSG00000117139.18,KDM5B,5386,7614,3467,5618,10102,5303,5372
ENSG00000117143.14,UAP1,1677,1028,1306,1565,2075,1700,1175
ENSG00000117151.13,CTBS,532,279,262,255,355,568,354
ENSG00000117152.14,RGS4,605,440,991,141,269,803,474
ENSG00000117153.16,KLHL12,1391,1111,1015,1114,1437,938,871
ENSG00000117155.17,SSX2IP,408,270,377,315,482,324,764
ENSG00000117174.11,ZNHIT6,995,699,907,826,746,903,713
ENSG00000117222.14,RBBP5,825,618,508,686,1020,692,598
ENSG00000117226.12,GBP3,79,264,335,144,49,190,88
ENSG00000117228.11,GBP1,15,95,35,66,66,2,6
ENSG00000117242.7,PINK1-AS,469,363,477,403,632,592,414
ENSG00000117245.13,KIF17,41,20,52,113,56,97,128
ENSG00000117262.19,GPR89A,142,99,156,65,134,144,93
ENSG00000117266.16,CDK18,203,179,159,60,117,192,61
ENSG00000117280.13,RAB29,1017,399,740,467,1088,596,640
ENSG00000117298.16,ECE1,13670,7475,19250,10594,6500,15866,12103
ENSG00000117305.15,HMGCL,867,542,606,526,547,389,363
ENSG00000117308.15,GALE,1195,592,1207,944,455,685,671
ENSG00000117318.9,ID3,3927,3355,3884,2987,3580,2992,5630
ENSG00000117335.21,CD46,7582,4284,8039,5142,4321,5463,3564
ENSG00000117360.13,PRPF3,1096,1138,1220,1383,1267,892,900
ENSG00000117362.13,APH1A,3935,3598,3616,3404,4478,2510,2732
ENSG00000117385.16,P3H1,11011,8354,8530,9677,10845,11757,9590
ENSG00000117394.24,SLC2A1,10274,770,10335,9881,3687,11683,16323
ENSG00000117395.13,EBNA1BP2,1485,694,1858,1686,1181,1455,1205
ENSG00000117399.14,CDC20,421,1762,1214,1674,1263,230,398
ENSG00000117407.17,ARTN,24,30,15,12,108,23,9
ENSG00000117408.11,IPO13,1615,847,1194,1160,1521,1295,1211
ENSG00000117410.14,ATP6V0B,4252,1235,3559,2703,2080,2371,2385
ENSG00000117411.18,B4GALT2,2314,1815,1870,1981,3192,2412,2387
ENSG00000117419.16,ERI3,1769,1129,1172,1213,1883,1572,1300
ENSG00000117425.14,PTCH2,49,8,22,28,102,32,37
ENSG00000117448.14,AKR1A1,3167,2101,2276,2292,1813,1545,1549
ENSG00000117450.15,PRDX1,12894,3364,9892,15010,4828,8604,8717
ENSG00000117461.15,PIK3R3,2523,2049,1942,1960,3584,2044,2257
ENSG00000117475.14,BLZF1,988,459,648,915,812,1011,676
ENSG00000117477.13,CCDC181,60,42,62,68,175,51,47
ENSG00000117479.15,SLC19A2,499,229,476,640,644,527,802
ENSG00000117480.16,FAAH,25,54,25,29,84,14,21
ENSG00000117481.11,NSUN4,361,572,443,513,612,352,365
ENSG00000117500.13,TMED5,3918,1908,4453,3393,2284,3776,2827
ENSG00000117505.13,DR1,1971,1604,1568,1870,2412,1823,1769
ENSG00000117519.16,CNN3,8379,8397,9084,9866,12400,7454,10871
ENSG00000117523.18,PRRC2C,6774,10013,5682,7784,9083,8513,7713
ENSG00000117525.14,F3,415,293,1220,452,1559,439,429
ENSG00000117528.14,ABCD3,1639,1308,1231,1220,1749,1378,1140
ENSG00000117533.15,VAMP4,430,375,269,367,579,349,339
ENSG00000117543.22,DPH5,626,608,517,578,618,358,325
ENSG00000117569.20,PTBP2,343,452,467,382,519,236,333
ENSG00000117586.11,TNFSF4,233,64,121,179,428,268,302
ENSG00000117592.9,PRDX6,8725,3962,6798,7453,5746,5629,7216
ENSG00000117593.12,DARS2,789,728,834,928,825,540,595
ENSG00000117595.13,IRF6,55,8,49,26,22,32,21
ENSG00000117597.18,UTP25,552,379,567,665,656,584,691
ENSG00000117602.13,RCAN3,514,407,382,443,906,613,404
ENSG00000117614.10,SYF2,916,684,763,744,1129,735,732
ENSG00000117616.18,RSRP1,1524,1152,1559,1172,1129,721,567
ENSG00000117620.15,SLC35A3,480,246,384,296,214,364,228
ENSG00000117625.14,RCOR3,1488,1122,995,1034,1745,1032,957
ENSG00000117632.23,STMN1,7639,12319,7643,8711,13707,5053,4968
ENSG00000117640.18,MTFR1L,1540,1187,1177,1139,1445,1094,929
ENSG00000117643.15,MAN1C1,786,1303,297,140,347,387,483
ENSG00000117650.13,NEK2,102,743,279,315,499,55,102
ENSG00000117682.18,DHDDS,2572,1109,1875,1944,1374,1929,1777
ENSG00000117691.10,NENF,368,450,501,278,624,340,279
ENSG00000117697.15,NSL1,738,649,514,558,1080,615,520
ENSG00000117707.17,PROX1,86,51,38,173,703,68,1034
ENSG00000117713.21,ARID1A,4521,6115,3101,4233,7002,4541,5371
ENSG00000117724.15,CENPF,1073,8077,2253,3168,6217,885,1268
ENSG00000117748.10,RPA2,1620,977,806,752,1214,976,586
ENSG00000117751.18,PPP1R8,1464,1361,1208,1350,1776,1177,1188
ENSG00000117758.14,STX12,1701,1009,1485,1511,1329,1731,1436
ENSG00000117791.16,MTARC2,95,197,162,158,156,73,57
ENSG00000117859.19,OSBPL9,5326,2984,2413,4264,3957,4057,3556
ENSG00000117862.13,TXNDC12,489,282,444,401,369,393,211
ENSG00000117868.18,ESYT2,3622,3762,3454,3085,2523,3291,2990
ENSG00000117877.11,POLR1G,518,231,503,501,440,440,469
ENSG00000117899.11,MESD,2251,1901,2781,2200,2092,1826,1404
ENSG00000117906.14,RCN2,5138,4996,5430,5083,7337,5104,3651
ENSG00000117984.15,CTSD,7606,3088,6039,2771,5684,5414,4051
ENSG00000118007.13,STAG1,1342,1488,958,936,2103,1377,1151
ENSG00000118046.17,STK11,1685,1378,1603,1348,2611,1505,1420
ENSG00000118058.25,KMT2A,1569,2661,1873,1815,2172,2172,1911
ENSG00000118096.10,IFT46,511,445,343,423,745,449,388
ENSG00000118162.14,KPTN,301,234,309,231,241,181,208
ENSG00000118193.12,KIF14,210,1369,370,653,788,111,224
ENSG00000118194.21,TNNT2,246,39,210,99,50,58,31
ENSG00000118197.14,DDX59,415,272,290,294,425,354,325
ENSG00000118200.15,CAMSAP2,3368,2321,2036,2449,4176,3764,2963
ENSG00000118217.7,ATF6,3174,2563,2679,2464,3111,2858,1984
ENSG00000118242.17,MREG,65,55,104,80,162,86,61
ENSG00000118246.14,FASTKD2,1027,829,966,959,977,865,599
ENSG00000118257.17,NRP2,11461,8036,9128,12499,10440,4850,5384
ENSG00000118260.15,CREB1,1206,1537,837,1202,2092,935,1044
ENSG00000118263.16,KLF7,1558,1124,955,2075,1162,1587,1704
ENSG00000118276.12,B4GALT6,408,480,565,457,368,420,310
ENSG00000118292.9,C1orf54,143,539,128,152,488,99,59
ENSG00000118298.12,CA14,38,570,25,90,211,7,36
ENSG00000118363.13,SPCS2,941,910,1073,906,1322,784,622
ENSG00000118369.13,USP35,823,471,659,702,674,492,585
ENSG00000118402.6,ELOVL4,577,322,598,387,534,421,466
ENSG00000118407.15,FILIP1,55,62,177,57,22,212,102
ENSG00000118412.13,CASP8AP2,774,1050,478,772,1148,555,532
ENSG00000118418.16,HMGN3,2036,1439,1035,1483,2430,976,1123
ENSG00000118420.17,UBE3D,191,79,127,126,135,112,101
ENSG00000118432.13,CNR1,81,41,26,42,636,58,168
ENSG00000118454.13,ANKRD13C,1207,924,789,952,1077,1272,990
ENSG00000118473.23,SGIP1,172,83,413,160,114,99,190
ENSG00000118482.12,PHF3,1743,1995,1020,1583,2975,1619,1390
ENSG00000118495.21,PLAGL1,395,1418,420,659,1511,722,381
ENSG00000118496.5,FBXO30,927,649,626,884,882,848,866
ENSG00000118503.18,TNFAIP3,196,262,379,248,544,168,182
ENSG00000118507.19,AKAP7,163,157,132,122,202,137,96
ENSG00000118508.5,RAB32,1734,845,1717,1602,1083,1176,1198
ENSG00000118514.14,ALDH8A1,14,17,26,29,4,8,12
ENSG00000118515.12,SGK1,1712,4833,1269,3335,1118,1333,1046
ENSG00000118518.17,RNF146,1343,1095,1011,1161,1679,1007,1045
ENSG00000118523.6,CCN2,58145,33100,74412,76738,52570,75876,81603
ENSG00000118564.15,FBXL5,5427,2717,3407,4645,3387,4630,4286
ENSG00000118579.13,MED28,2276,3106,1576,1834,3475,1604,1607
ENSG00000118596.12,SLC16A7,374,287,264,306,148,371,248
ENSG00000118600.13,RXYLT1,595,402,543,402,539,426,390
ENSG00000118620.13,ZNF430,330,259,206,315,367,242,215
ENSG00000118640.11,VAMP8,329,63,205,259,210,172,100
ENSG00000118655.8,DCLRE1B,350,517,349,427,663,290,352
ENSG00000118680.14,MYL12B,10073,4359,9334,9664,5676,7687,6828
ENSG00000118689.15,FOXO3,1694,1028,1027,930,2710,1444,1481
ENSG00000118690.13,ARMC2,123,95,65,87,158,105,70
ENSG00000118705.18,RPN2,14999,7941,14112,12457,8847,11786,9288
ENSG00000118707.11,TGIF2,1284,1465,821,1032,1696,775,870
ENSG00000118762.8,PKD2,3470,3300,2378,2156,3193,2267,1839
ENSG00000118785.15,SPP1,7853,600,7018,4668,3550,7697,11153
ENSG00000118804.9,STBD1,60,16,34,46,23,53,37
ENSG00000118816.11,CCNI,6931,7289,4350,4981,11481,4945,4863
ENSG00000118855.21,MFSD1,2656,823,1943,1770,1222,2889,1172
ENSG00000118873.17,RAB3GAP2,2252,1556,1597,2010,1912,2212,1940
ENSG00000118894.15,EEF2KMT,287,253,306,248,216,232,209
ENSG00000118898.16,PPL,505,183,283,276,194,341,212
ENSG00000118900.15,UBN1,3203,2249,1859,2676,3434,3137,2556
ENSG00000118922.19,KLF12,1122,1259,678,938,1508,1303,1307
ENSG00000118939.19,UCHL3,209,64,175,152,117,202,183
ENSG00000118946.12,PCDH17,67,1514,29,92,477,58,136
ENSG00000118960.13,HS1BP3,1188,771,579,790,1076,766,931
ENSG00000118961.15,LDAH,1070,708,989,923,1000,572,727
ENSG00000118965.16,WDR35,606,512,503,505,516,583,463
ENSG00000118971.9,CCND2,3869,2257,6485,4068,5326,4204,3430
ENSG00000118985.16,ELL2,2405,2103,1152,1683,2184,2022,1660
ENSG00000118997.14,DNAH7,21,52,5,16,90,25,23
ENSG00000119004.17,CYP20A1,572,448,497,438,623,522,399
ENSG00000119013.10,NDUFB3,981,504,730,810,789,789,660
ENSG00000119041.11,GTF3C3,1251,1035,882,1128,1294,952,880
ENSG00000119042.18,SATB2,194,220,195,219,483,238,242
ENSG00000119048.9,UBE2B,1479,748,1158,1164,1328,1148,1076
ENSG00000119138.5,KLF9,161,16,154,114,72,212,303
ENSG00000119139.21,TJP2,53,39,40,41,13,100,74
ENSG00000119147.10,ECRG4,0,31,0,4,85,0,0
ENSG00000119185.13,ITGB1BP1,1586,770,1238,1091,1272,1221,1229
ENSG00000119203.14,CPSF3,1152,1117,1040,1109,1324,901,910
ENSG00000119227.8,PIGZ,40,97,37,40,89,82,43
ENSG00000119231.11,SENP5,1592,1145,989,1243,1879,1536,1070
ENSG00000119242.9,CCDC92,1547,827,1084,814,1930,1539,1426
ENSG00000119280.17,C1orf198,8506,10457,5117,11230,11279,6920,7000
ENSG00000119283.16,TRIM67,255,27,64,223,341,407,386
ENSG00000119285.11,HEATR1,1743,1592,1812,1917,2022,1782,1713
ENSG00000119314.16,PTBP3,3451,2116,2725,3231,2699,4376,3135
ENSG00000119318.13,RAD23B,5572,5302,4296,5587,5351,5180,4954
ENSG00000119321.10,FKBP15,1286,1188,1243,1254,1488,1159,1087
ENSG00000119326.15,CTNNAL1,2019,1906,1458,1798,2036,1609,1090
ENSG00000119328.12,ABITRAM,493,260,379,340,524,462,460
ENSG00000119333.12,DYNC2I2,1182,1424,827,1048,1594,666,762
ENSG00000119335.18,SET,9063,8955,7700,9149,11564,7009,7199
ENSG00000119383.21,PTPA,6198,3270,4959,3941,3792,4167,4080
ENSG00000119392.16,GLE1,896,827,971,899,845,718,671
ENSG00000119396.12,RAB14,2965,1955,2275,2357,2933,3078,2922
ENSG00000119397.19,CNTRL,255,1056,251,334,829,226,216
ENSG00000119401.11,TRIM32,1042,702,738,919,1178,867,837
ENSG00000119402.18,FBXW2,3252,1965,1958,2325,2928,2380,2042
ENSG00000119403.15,PHF19,686,1412,1269,1129,892,528,560
ENSG00000119408.17,NEK6,3869,3251,2706,2741,5188,3136,2746
ENSG00000119414.12,PPP6C,2045,1464,1348,1723,1740,1506,1419
ENSG00000119421.7,NDUFA8,1247,682,860,893,975,833,754
ENSG00000119431.10,HDHD3,307,228,206,195,302,168,167
ENSG00000119446.14,RBM18,1213,717,705,805,1242,1000,801
ENSG00000119471.15,HSDL2,934,763,709,662,735,811,559
ENSG00000119487.17,MAPKAP1,3722,2224,2928,3236,3532,3422,3077
ENSG00000119508.18,NR4A3,28,27,20,29,22,45,87
ENSG00000119509.13,INVS,734,555,484,525,784,574,511
ENSG00000119514.7,GALNT12,59,66,52,41,66,47,45
ENSG00000119522.18,DENND1A,553,651,302,342,632,355,248
ENSG00000119523.10,ALG2,1084,770,1156,929,1169,1000,783
ENSG00000119537.18,KDSR,1517,921,1602,1297,1357,1735,1471
ENSG00000119541.10,VPS4B,1341,966,1224,1370,1464,1444,1370
ENSG00000119547.6,ONECUT2,37,9,42,14,24,106,35
ENSG00000119559.17,C19orf25,834,503,668,588,771,643,644
ENSG00000119574.13,ZBTB45,461,394,444,366,803,553,617
ENSG00000119596.18,YLPM1,2706,3977,2072,2859,4165,2917,2598
ENSG00000119599.17,DCAF4,394,160,423,450,266,378,293
ENSG00000119616.11,FCF1,1363,889,985,1080,1303,1145,950
ENSG00000119630.14,PGF,256,195,33,90,159,102,152
ENSG00000119632.4,IFI27L2,849,316,483,525,485,489,332
ENSG00000119636.16,BBOF1,209,104,81,165,214,217,160
ENSG00000119638.14,NEK9,2475,3615,2121,1554,3701,2041,2297
ENSG00000119640.9,ACYP1,165,74,142,116,113,73,104
ENSG00000119650.13,IFT43,516,350,381,410,511,330,332
ENSG00000119655.11,NPC2,6143,3307,3888,2827,5343,3314,3587
ENSG00000119661.15,DNAL1,917,452,545,643,605,722,650
ENSG00000119669.5,IRF2BPL,3218,1849,1003,1610,5712,2664,1537
ENSG00000119673.16,ACOT2,656,307,196,289,549,306,175
ENSG00000119681.12,LTBP2,21009,4747,14725,16393,6362,19611,23564
ENSG00000119682.18,AREL1,2366,1630,1743,1723,1969,1924,1739
ENSG00000119684.16,MLH3,495,506,303,370,786,415,305
ENSG00000119685.20,TTLL5,867,977,711,907,1115,783,753
ENSG00000119686.10,FLVCR2,121,50,130,112,75,150,150
ENSG00000119688.21,ABCD4,1385,1209,1661,1254,1298,785,882
ENSG00000119689.15,DLST,2892,2198,2477,2610,2354,2185,1978
ENSG00000119698.12,PPP4R4,116,11,54,53,70,92,68
ENSG00000119699.8,TGFB3,500,1216,302,626,892,615,472
ENSG00000119703.15,ZC2HC1C,33,13,37,24,32,21,17
ENSG00000119705.10,SLIRP,878,402,754,762,655,545,634
ENSG00000119707.14,RBM25,3577,3646,3780,3927,4117,2629,2657
ENSG00000119711.13,ALDH6A1,485,482,234,371,530,358,375
ENSG00000119718.11,EIF2B2,987,486,835,1006,667,744,615
ENSG00000119720.18,NRDE2,585,618,402,471,621,512,455
ENSG00000119723.17,COQ6,458,296,320,347,366,272,221
ENSG00000119729.12,RHOQ,4695,2121,2634,3002,3979,4273,3456
ENSG00000119737.6,GPR75,30,28,51,58,30,19,35
ENSG00000119760.16,SUPT7L,1751,1438,1567,1533,1733,1179,1135
ENSG00000119771.15,KLHL29,379,625,424,505,2282,434,534
ENSG00000119772.19,DNMT3A,2585,4066,2471,2468,4512,1739,1871
ENSG00000119777.20,TMEM214,4668,3395,3775,3733,3647,4057,3615
ENSG00000119778.15,ATAD2B,445,791,365,534,1150,471,487
ENSG00000119782.14,FKBP1B,197,101,140,142,133,121,110
ENSG00000119787.14,ATL2,1048,1199,930,1019,1441,780,642
ENSG00000119801.13,YPEL5,5330,2179,3632,3248,2931,3732,2921
ENSG00000119812.20,FAM98A,2932,1763,2252,2958,2301,2762,2570
ENSG00000119820.11,YIPF4,1857,1257,1573,1293,1533,1545,1227
ENSG00000119844.17,AFTPH,869,424,546,551,595,625,410
ENSG00000119862.13,LGALSL,492,462,379,421,554,371,329
ENSG00000119865.9,CNRIP1,92,598,262,214,435,109,185
ENSG00000119866.22,BCL11A,276,382,231,263,1407,262,340
ENSG00000119878.6,CRIPT,614,299,311,370,528,353,367
ENSG00000119888.11,EPCAM,626,47,519,296,64,234,35
ENSG00000119899.13,SLC17A5,3253,1110,1652,1948,1674,2419,2064
ENSG00000119900.9,OGFRL1,3309,2047,7209,5323,1646,4767,5365
ENSG00000119906.13,SLF2,1229,1136,1015,1055,1204,1041,954
ENSG00000119912.18,IDE,1417,1184,1257,1484,1498,1369,1452
ENSG00000119915.5,ELOVL3,13,12,30,13,3,13,30
ENSG00000119917.15,IFIT3,102,188,83,692,561,72,92
ENSG00000119922.11,IFIT2,37,73,32,252,119,14,30
ENSG00000119927.14,GPAM,911,790,391,567,965,533,457
ENSG00000119929.13,CUTC,270,184,180,224,218,173,143
ENSG00000119938.9,PPP1R3C,74,52,32,80,125,71,39
ENSG00000119943.13,PYROXD2,199,117,288,96,78,98,180
ENSG00000119946.12,CNNM1,119,4,149,59,7,200,216
ENSG00000119950.21,MXI1,548,491,363,486,865,474,561
ENSG00000119953.14,SMNDC1,1016,684,932,1014,1023,867,732
ENSG00000119965.13,C10orf88,518,249,403,426,410,430,377
ENSG00000119969.16,HELLS,258,632,516,523,602,162,204
ENSG00000119977.22,TCTN3,3180,2069,2493,3031,2529,2406,2073
ENSG00000119979.18,DENND10,1026,489,578,710,813,633,757
ENSG00000119986.7,AVPI1,76,62,53,59,85,69,39
ENSG00000120008.16,WDR11,3345,2663,2275,2413,2659,2471,2137
ENSG00000120029.13,ARMH3,888,732,707,775,830,769,737
ENSG00000120049.20,KCNIP2,32,38,19,30,28,8,14
ENSG00000120051.15,CFAP58,16,11,26,33,17,10,31
ENSG00000120053.12,GOT1,1328,831,1158,1378,949,950,800
ENSG00000120063.10,GNA13,3344,2353,1867,3129,4009,2904,3103
ENSG00000120071.15,KANSL1,1439,1632,878,1397,2221,1179,1306
ENSG00000120129.6,DUSP1,2653,557,5289,3333,698,2336,2684
ENSG00000120137.7,PANK3,4477,5139,2892,4429,7006,4411,4517
ENSG00000120149.9,MSX2,4813,9998,561,2018,18137,3453,2977
ENSG00000120156.22,TEK,67,376,256,277,185,49,236
ENSG00000120158.12,RCL1,562,188,451,429,417,454,516
ENSG00000120159.13,CAAP1,710,333,591,526,584,598,476
ENSG00000120162.10,MOB3B,211,202,173,279,249,194,398
ENSG00000120217.14,CD274,116,28,478,130,8,122,26
ENSG00000120253.14,NUP43,1134,1046,1026,1201,1139,846,795
ENSG00000120254.16,MTHFD1L,1590,694,1904,1958,1107,1621,1636
ENSG00000120256.11,LRP11,109,96,127,78,253,344,233
ENSG00000120265.21,PCMT1,2954,1265,2646,2449,1714,2246,1904
ENSG00000120278.17,PLEKHG1,140,185,116,190,976,226,279
ENSG00000120306.11,CYSTM1,860,123,702,468,345,736,685
ENSG00000120314.19,WDR55,1495,729,1132,1308,895,1204,999
ENSG00000120318.16,ARAP3,1032,1614,1439,1241,1360,938,1433
ENSG00000120322.4,PCDHB8,166,3,5,29,14,11,6
ENSG00000120324.9,PCDHB10,411,514,293,265,646,615,336
ENSG00000120327.7,PCDHB14,474,427,431,350,490,536,369
ENSG00000120328.6,PCDHB12,37,41,17,26,40,25,12
ENSG00000120332.17,TNN,13,121,6,20,65,10,73
ENSG00000120334.16,CENPL,243,336,197,307,397,243,256
ENSG00000120370.14,GORAB,392,639,297,322,723,307,239
ENSG00000120437.9,ACAT2,2714,2019,3985,6319,3306,1888,2658
ENSG00000120438.12,TCP1,6924,4285,5143,7106,5594,4872,4054
ENSG00000120451.11,SNX19,4002,3354,3074,3050,4070,3139,2692
ENSG00000120458.13,MSANTD2,332,367,432,333,504,254,277
ENSG00000120509.12,PDZD11,1210,637,832,924,848,766,837
ENSG00000120519.16,SLC10A7,225,246,143,237,277,219,165
ENSG00000120526.12,NUDCD1,683,533,650,767,708,594,572
ENSG00000120533.13,ENY2,1643,1272,1256,1525,1892,1272,1239
ENSG00000120539.15,MASTL,345,697,434,639,667,286,366
ENSG00000120549.19,KIAA1217,674,1193,1228,763,4313,895,1447
ENSG00000120594.17,PLXDC2,4781,3898,1431,1901,3819,4333,3041
ENSG00000120616.16,EPC1,987,788,587,773,1392,893,832
ENSG00000120645.12,IQSEC3,18,94,14,41,125,36,47
ENSG00000120647.10,CCDC77,251,442,294,302,451,178,170
ENSG00000120656.14,TAF12,558,322,388,437,464,389,348
ENSG00000120658.14,ENOX1,30,67,23,25,137,61,74
ENSG00000120662.16,MTRF1,299,200,223,245,258,173,131
ENSG00000120675.6,DNAJC15,920,604,1058,1216,772,647,802
ENSG00000120685.20,PROSER1,1320,1220,992,1289,1733,1095,1207
ENSG00000120686.12,UFM1,3191,1423,1997,2434,2125,2988,1987
ENSG00000120688.9,WBP4,638,515,536,583,799,418,390
ENSG00000120690.16,ELF1,1280,856,741,1207,1293,1207,1106
ENSG00000120693.15,SMAD9,158,554,47,153,498,149,196
ENSG00000120694.20,HSPH1,3878,3889,3818,4242,4931,3459,3410
ENSG00000120696.9,KBTBD7,360,470,175,227,651,189,234
ENSG00000120697.10,ALG5,742,449,748,629,690,668,492
ENSG00000120699.14,EXOSC8,360,639,585,638,579,267,348
ENSG00000120705.13,ETF1,4397,2254,3662,4133,3435,3763,3174
ENSG00000120708.17,TGFBI,11728,46322,4272,25350,31156,14939,9698
ENSG00000120709.11,FAM53C,2730,2357,1788,2261,3423,1829,2170
ENSG00000120725.13,SIL1,1504,826,1630,885,1198,1467,872
ENSG00000120727.13,PAIP2,1771,1441,1321,1634,2439,1371,1593
ENSG00000120733.15,KDM3B,3102,4535,2193,2955,4608,2811,2997
ENSG00000120738.8,EGR1,2343,1554,958,1153,2449,797,1171
ENSG00000120742.11,SERP1,4969,2741,3091,3863,5375,5679,4790
ENSG00000120756.13,PLS1,314,40,394,212,68,183,168
ENSG00000120784.17,ZFP30,418,424,337,357,627,381,290
ENSG00000120798.17,NR2C1,985,951,1035,915,860,565,599
ENSG00000120800.5,UTP20,825,1080,796,1073,1037,1062,795
ENSG00000120802.14,TMPO,2061,5100,1825,3273,6629,1321,1863
ENSG00000120805.14,ARL1,4417,2536,2619,2837,2913,3837,2611
ENSG00000120820.13,GLT8D2,476,1938,193,189,1623,359,243
ENSG00000120832.10,MTERF2,302,371,236,205,601,147,159
ENSG00000120833.14,SOCS2,127,80,49,169,277,121,175
ENSG00000120837.8,NFYB,689,1102,577,628,1432,496,369
ENSG00000120860.11,WASHC3,475,232,260,217,329,346,272
ENSG00000120868.14,APAF1,1941,2275,1197,2250,2467,1843,1927
ENSG00000120875.9,DUSP4,1081,132,1200,412,4264,867,976
ENSG00000120885.22,CLU,9116,814,5098,2315,758,9031,2399
ENSG00000120889.13,TNFRSF10B,14323,6090,17882,10582,5738,11404,9318
ENSG00000120896.14,SORBS3,3316,2424,3118,4296,2582,3078,5016
ENSG00000120899.18,PTK2B,302,160,99,195,198,135,325
ENSG00000120910.15,PPP3CC,882,295,532,332,469,655,624
ENSG00000120913.24,PDLIM2,4311,861,2159,2684,1400,2359,2887
ENSG00000120915.14,EPHX2,279,302,185,133,231,183,159
ENSG00000120925.16,RNF170,1168,705,837,691,877,1002,758
ENSG00000120937.9,NPPB,2400,3,6548,4328,8,4138,1783
ENSG00000120942.14,UBIAD1,621,541,634,627,787,624,509
ENSG00000120948.19,TARDBP,4391,4154,3916,4857,5002,3535,3356
ENSG00000120963.12,ZNF706,1518,1146,1363,1269,1270,1025,1376
ENSG00000120992.18,LYPLA1,2302,1089,1486,1976,1630,2376,1712
ENSG00000121005.9,CRISPLD1,2044,3259,1009,1380,5258,821,1289
ENSG00000121022.14,COPS5,1703,1025,1147,1373,1247,1153,1032
ENSG00000121039.10,RDH10,1134,405,469,538,1497,879,633
ENSG00000121057.13,AKAP1,517,399,564,505,346,384,420
ENSG00000121058.5,COIL,689,760,614,727,1146,565,583
ENSG00000121060.19,TRIM25,851,1125,1021,1758,1727,747,764
ENSG00000121064.13,SCPEP1,1555,1865,1177,1016,1477,705,772
ENSG00000121067.19,SPOP,1172,997,803,934,1280,828,749
ENSG00000121073.15,SLC35B1,1322,1003,1446,1281,1535,1057,901
ENSG00000121104.8,FAM117A,264,210,183,227,257,199,268
ENSG00000121152.10,NCAPH,183,1096,444,560,742,87,183
ENSG00000121207.12,LRAT,48,5,51,49,35,112,40
ENSG00000121210.16,TMEM131L,361,1085,507,491,1388,496,636
ENSG00000121236.21,TRIM6,440,119,787,418,136,576,615
ENSG00000121274.14,TENT4B,499,329,421,506,615,577,476
ENSG00000121281.13,ADCY7,1494,1512,1387,1590,2298,1863,1423
ENSG00000121289.18,CEP89,1265,949,1169,1229,1268,1002,1060
ENSG00000121297.8,TSHZ3,1321,556,741,1025,811,1237,617
ENSG00000121310.17,ECHDC2,54,10,255,19,13,36,19
ENSG00000121316.11,PLBD1,211,273,157,145,210,131,72
ENSG00000121350.16,PYROXD1,444,143,396,459,255,591,334
ENSG00000121361.5,KCNJ8,350,90,346,153,104,426,104
ENSG00000121390.19,PSPC1,1289,1069,939,1164,1218,972,1059
ENSG00000121406.9,ZNF549,310,281,238,281,404,223,210
ENSG00000121413.13,ZSCAN18,1213,915,988,785,1505,948,792
ENSG00000121417.14,ZNF211,629,440,471,485,565,355,345
ENSG00000121440.15,PDZRN3,698,805,96,223,1450,434,753
ENSG00000121481.11,RNF2,893,943,522,794,1374,736,864
ENSG00000121486.12,TRMT1L,672,550,517,603,916,535,519
ENSG00000121542.12,SEC22A,339,273,319,299,319,296,180
ENSG00000121570.13,DPPA4,3257,1663,2244,3277,2315,2732,2266
ENSG00000121578.13,B4GALT4,1239,747,1422,1228,875,1348,850
ENSG00000121579.14,NAA50,2801,2337,2284,2626,2980,2525,2513
ENSG00000121621.7,KIF18A,166,595,241,352,569,77,154
ENSG00000121644.19,DESI2,2474,2133,1602,1984,3390,2065,1882
ENSG00000121653.11,MAPK8IP1,310,346,396,381,822,621,608
ENSG00000121671.12,CRY2,588,607,528,557,729,471,519
ENSG00000121680.16,PEX16,503,274,371,367,477,378,374
ENSG00000121690.11,DEPDC7,110,122,86,100,77,100,63
ENSG00000121691.7,CAT,939,564,260,553,737,604,178
ENSG00000121716.21,PILRB,36,34,116,78,32,24,21
ENSG00000121741.17,ZMYM2,4405,3708,2552,3702,6030,3613,3802
ENSG00000121743.4,GJA3,7,6,19,23,48,32,67
ENSG00000121749.16,TBC1D15,977,846,521,677,1080,664,608
ENSG00000121753.13,ADGRB2,1331,1842,930,637,2213,1205,1308
ENSG00000121766.16,ZCCHC17,1514,835,1322,1450,1205,1015,1047
ENSG00000121769.8,FABP3,2377,801,1411,1459,453,527,899
ENSG00000121774.18,KHDRBS1,4710,6280,3977,5209,7303,4132,4462
ENSG00000121775.18,TMEM39B,249,422,306,263,449,191,198
ENSG00000121851.13,POLR3GL,425,282,264,284,332,240,204
ENSG00000121864.10,ZNF639,658,608,551,679,915,574,612
ENSG00000121871.4,SLITRK3,51,157,9,20,137,7,14
ENSG00000121879.6,PIK3CA,1237,723,882,1082,1317,1320,1053
ENSG00000121892.15,PDS5A,3077,2978,2296,2686,4039,2707,2298
ENSG00000121897.15,LIAS,175,167,185,197,163,158,102
ENSG00000121898.13,CPXM2,36,57,688,33,43,27,91
ENSG00000121900.19,TMEM54,97,39,188,39,75,106,38
ENSG00000121903.15,ZSCAN20,219,304,205,266,371,244,215
ENSG00000121904.19,CSMD2,528,1301,814,821,852,1698,1016
ENSG00000121931.16,LRIF1,307,276,336,334,514,376,460
ENSG00000121940.17,CLCC1,1731,1333,1862,1333,1512,1425,1009
ENSG00000121957.15,GPSM2,164,684,201,283,528,132,94
ENSG00000121964.15,GTDC1,883,582,531,632,1148,745,681
ENSG00000121966.8,CXCR4,93,2,8,46,431,13,85
ENSG00000121988.18,ZRANB3,174,263,133,207,279,143,119
ENSG00000121989.15,ACVR2A,305,406,288,259,750,264,276
ENSG00000122008.16,POLK,700,800,586,625,887,650,524
ENSG00000122012.14,SV2C,17,18,6,24,205,10,46
ENSG00000122025.15,FLT3,302,4,162,28,11,240,25
ENSG00000122033.15,MTIF3,887,461,554,595,758,668,528
ENSG00000122034.17,GTF3A,1903,963,1312,1467,1697,1596,1250
ENSG00000122042.10,UBL3,2136,1134,819,1215,2282,1503,1848
ENSG00000122068.13,FYTTD1,3024,2334,2051,2407,3182,2563,2212
ENSG00000122085.17,MTERF4,701,718,578,599,879,503,447
ENSG00000122126.18,OCRL,3054,1789,2066,2558,2364,2633,2326
ENSG00000122176.12,FMOD,0,3,1,5,60,31,27
ENSG00000122203.15,KIAA1191,6307,2560,3854,4266,4273,4915,4729
ENSG00000122218.17,COPA,12443,9356,8138,11039,10873,11807,10500
ENSG00000122257.20,RBBP6,1819,1953,1803,1845,2929,1769,1704
ENSG00000122299.12,ZC3H7A,2119,1983,1679,2028,2960,1982,1877
ENSG00000122335.17,SERAC1,572,386,409,481,634,329,418
ENSG00000122359.18,ANXA11,3772,1665,3228,2993,1290,2958,3010
ENSG00000122367.21,LDB3,36,73,25,168,147,98,65
ENSG00000122376.12,SHLD2,956,707,573,792,886,806,646
ENSG00000122378.14,PRXL2A,3459,2557,3043,3004,4345,2383,2316
ENSG00000122386.11,ZNF205,543,390,481,467,684,384,402
ENSG00000122390.19,NAA60,2072,1141,1503,1681,1956,1756,1793
ENSG00000122417.16,ODF2L,871,953,649,927,1077,866,563
ENSG00000122420.10,PTGFR,4,45,49,19,75,46,25
ENSG00000122435.11,TRMT13,275,286,303,254,353,192,169
ENSG00000122481.17,RWDD3,100,121,93,92,157,91,92
ENSG00000122482.22,ZNF644,1490,1296,974,1440,2270,1485,1694
ENSG00000122483.18,CCDC18,140,288,244,304,250,149,122
ENSG00000122484.9,RPAP2,803,794,538,656,1253,874,587
ENSG00000122490.19,SLC66A2,774,762,824,503,1088,524,531
ENSG00000122507.21,BBS9,813,519,339,554,829,663,501
ENSG00000122512.17,PMS2,390,412,295,430,587,406,336
ENSG00000122515.16,ZMIZ2,3338,2033,3044,2409,3108,2585,2350
ENSG00000122545.22,SEPTIN7,7574,7253,5601,6802,8462,7139,6139
ENSG00000122547.12,EEPD1,199,371,161,100,300,222,219
ENSG00000122550.18,KLHL7,1789,1757,1138,1413,2891,1364,1352
ENSG00000122557.11,HERPUD2,918,705,706,792,989,827,776
ENSG00000122565.19,CBX3,5227,5561,4104,4314,6437,3504,3467
ENSG00000122566.22,HNRNPA2B1,18643,27254,20438,26058,24326,12305,11201
ENSG00000122574.12,WIPF3,43,7,56,34,24,74,45
ENSG00000122585.8,NPY,57,2,1,3,971,77,9
ENSG00000122591.13,HYCC1,2345,3385,1671,2593,2083,2184,1946
ENSG00000122641.11,INHBA,3365,1419,1766,4758,7964,5466,4049
ENSG00000122642.11,FKBP9,6854,5788,4972,5036,7876,6993,4886
ENSG00000122643.23,NT5C3A,373,263,392,369,379,361,295
ENSG00000122644.13,ARL4A,813,148,426,626,815,678,776
ENSG00000122674.12,CCZ1,557,187,310,396,302,220,307
ENSG00000122678.17,POLM,341,384,260,254,480,159,220
ENSG00000122691.13,TWIST1,22,1210,51,162,1782,83,140
ENSG00000122692.9,SMU1,2044,1753,1598,1792,1930,1415,1351
ENSG00000122694.16,GLIPR2,4066,1131,3818,3136,1772,3470,3555
ENSG00000122696.14,SLC25A51,493,159,290,425,360,394,364
ENSG00000122705.18,CLTA,8646,3555,6980,6383,5258,6552,6481
ENSG00000122707.12,RECK,1888,1845,1864,1391,1416,1749,967
ENSG00000122729.19,ACO1,2631,2030,2997,1854,1909,2678,1838
ENSG00000122741.16,DCAF10,1109,1128,631,865,1613,1111,955
ENSG00000122756.15,CNTFR,170,594,87,182,1319,141,469
ENSG00000122778.10,KIAA1549,801,1278,860,590,1631,881,851
ENSG00000122779.18,TRIM24,5554,2554,5026,5994,3884,4958,7003
ENSG00000122783.17,CYREN,794,548,545,608,705,646,519
ENSG00000122786.20,CALD1,63507,27446,47304,85878,75273,62102,70561
ENSG00000122824.11,NUDT10,122,200,133,114,296,155,234
ENSG00000122861.16,PLAU,2761,6900,7948,1895,1325,1804,1418
ENSG00000122863.6,CHST3,2438,1649,3222,2668,2650,3221,3162
ENSG00000122870.12,BICC1,4723,1466,5875,4006,1664,7576,2695
ENSG00000122873.12,CISD1,554,272,487,476,246,397,391
ENSG00000122877.18,EGR2,49,57,13,116,279,34,197
ENSG00000122882.11,ECD,1342,873,1002,1200,1281,1185,1088
ENSG00000122884.13,P4HA1,3610,2337,3382,3518,3498,4137,2964
ENSG00000122912.15,SLC25A16,935,337,828,782,460,757,549
ENSG00000122952.17,ZWINT,653,1339,997,1181,1006,383,435
ENSG00000122958.15,VPS26A,1749,1199,1331,1515,1805,1472,1379
ENSG00000122965.11,RBM19,1015,809,1113,1129,1145,928,980
ENSG00000122966.18,CIT,222,1486,502,741,813,160,171
ENSG00000122970.16,IFT81,611,823,368,618,1152,452,569
ENSG00000122971.9,ACADS,192,156,140,108,158,83,77
ENSG00000122986.14,HVCN1,93,188,81,84,336,77,93
ENSG00000123064.13,DDX54,1549,1466,1680,1547,1676,1465,1771
ENSG00000123066.9,MED13L,4056,6478,2082,4266,8359,4826,3857
ENSG00000123080.12,CDKN2C,33,219,48,71,109,28,27
ENSG00000123091.5,RNF11,4517,1813,2596,3267,4170,4892,3847
ENSG00000123094.16,RASSF8,1173,1173,849,856,1990,1447,1138
ENSG00000123095.6,BHLHE41,64,29,80,36,111,85,71
ENSG00000123096.12,SSPN,512,1015,410,272,1270,302,205
ENSG00000123104.12,ITPR2,1805,732,1560,1626,1917,2727,2093
ENSG00000123106.11,CCDC91,478,304,325,394,532,492,315
ENSG00000123119.12,NECAB1,1,104,4,16,52,4,7
ENSG00000123124.14,WWP1,1487,829,892,1090,1097,1298,1156
ENSG00000123130.17,ACOT9,1719,1130,1774,1612,1134,1353,1109
ENSG00000123131.13,PRDX4,3849,1988,3164,2713,2644,6255,2200
ENSG00000123136.15,DDX39A,1504,1365,1756,1804,1561,871,1071
ENSG00000123143.13,PKN1,2477,2103,1604,2061,2335,1330,1472
ENSG00000123144.11,TRIR,3863,2596,3056,2782,4952,3588,3625
ENSG00000123146.20,ADGRE5,235,100,1047,318,101,220,309
ENSG00000123154.12,WDR83,386,187,259,252,223,142,186
ENSG00000123159.16,GIPC1,5705,2103,4425,3480,4135,4623,4304
ENSG00000123178.16,SPRYD7,499,188,495,424,309,520,446
ENSG00000123179.14,EBPL,448,502,526,393,519,377,361
ENSG00000123191.17,ATP7B,1147,942,1327,953,1007,1162,1043
ENSG00000123200.17,ZC3H13,2706,3807,2050,2954,4467,2699,2449
ENSG00000123213.23,NLN,1653,1586,1243,1718,1489,1758,1215
ENSG00000123219.13,CENPK,190,452,278,602,466,111,132
ENSG00000123240.17,OPTN,7633,3256,6835,5248,3554,5785,4918
ENSG00000123243.15,ITIH5,268,108,742,182,210,206,767
ENSG00000123268.9,ATF1,449,348,275,301,482,432,301
ENSG00000123297.20,TSFM,37,25,26,24,32,20,37
ENSG00000123329.20,ARHGAP9,24,35,14,28,24,33,24
ENSG00000123342.16,MMP19,82,278,178,91,147,88,99
ENSG00000123349.15,PFDN5,109,97,142,130,97,54,59
ENSG00000123352.18,SPATS2,1198,1216,1079,1086,1926,1229,989
ENSG00000123353.10,ORMDL2,890,365,864,776,385,592,506
ENSG00000123358.20,NR4A1,10,62,25,47,141,23,73
ENSG00000123360.12,PDE1B,8,28,26,44,99,21,68
ENSG00000123374.11,CDK2,796,1793,1143,1374,1534,520,751
ENSG00000123384.14,LRP1,35924,32872,22172,29790,38591,66645,51127
ENSG00000123395.15,ATG101,1300,636,1150,1022,864,1015,856
ENSG00000123411.15,IKZF4,585,703,223,388,702,400,420
ENSG00000123415.16,SMUG1,522,359,379,344,471,233,342
ENSG00000123416.15,TUBA1B,17763,30730,24607,26639,17711,10198,12228
ENSG00000123427.17,EEF1AKMT3,240,167,126,165,239,197,133
ENSG00000123444.14,KBTBD4,587,531,381,452,687,368,334
ENSG00000123453.19,SARDH,165,261,70,137,429,129,82
ENSG00000123472.13,ATPAF1,970,860,657,691,973,660,558
ENSG00000123473.17,STIL,386,805,501,752,638,307,403
ENSG00000123485.12,HJURP,355,1064,890,951,600,171,258
ENSG00000123505.19,AMD1,1985,1222,2145,2640,1756,1648,1673
ENSG00000123545.6,NDUFAF4,379,172,302,325,365,309,280
ENSG00000123552.18,USP45,415,290,230,324,371,374,225
ENSG00000123560.14,PLP1,7,140,4,9,1210,26,8
ENSG00000123562.18,MORF4L2,10400,7145,7359,8999,9979,8074,7716
ENSG00000123570.4,RAB9B,120,167,94,82,188,134,79
ENSG00000123572.17,NRK,4427,2048,5858,4049,1241,6607,3794
ENSG00000123575.9,FAM199X,2250,849,1534,1861,1390,2134,1818
ENSG00000123595.8,RAB9A,795,370,571,831,601,1153,954
ENSG00000123600.21,METTL8,633,459,792,727,654,640,592
ENSG00000123607.16,TTC21B,499,717,380,502,933,447,349
ENSG00000123609.11,NMI,37,80,62,121,162,66,40
ENSG00000123610.5,TNFAIP6,9,16,96,114,73,125,36
ENSG00000123636.19,BAZ2B,1410,1479,755,1249,1920,1604,1357
ENSG00000123643.14,SLC36A1,1099,855,926,954,1802,1184,963
ENSG00000123684.13,LPGAT1,1906,1690,1901,1577,2547,1692,1567
ENSG00000123700.5,KCNJ2,155,629,186,153,81,187,191
ENSG00000123728.10,RAP2C,1326,1218,961,1034,1580,1120,1547
ENSG00000123737.13,EXOSC9,560,690,617,691,825,348,390
ENSG00000123739.11,PLA2G12A,883,472,488,406,739,686,485
ENSG00000123810.9,B9D2,136,104,142,100,135,119,112
ENSG00000123815.13,COQ8B,684,774,603,593,827,431,563
ENSG00000123836.15,PFKFB2,549,709,203,346,943,308,471
ENSG00000123892.12,RAB38,32,48,47,36,64,15,47
ENSG00000123908.12,AGO2,1546,2387,1660,2031,2603,2371,2229
ENSG00000123933.17,MXD4,6342,3549,3218,3702,5775,5646,5264
ENSG00000123975.5,CKS2,952,902,1131,1143,786,475,659
ENSG00000123983.15,ACSL3,5396,5314,5368,6006,6386,4445,4342
ENSG00000123989.15,CHPF,10343,8311,8447,4360,9437,12433,9430
ENSG00000123992.20,DNPEP,758,780,717,744,690,517,557
ENSG00000124006.15,OBSL1,2805,5222,2159,2209,4588,2009,2254
ENSG00000124067.17,SLC12A4,5263,1865,6194,4232,3297,4064,3534
ENSG00000124074.12,ENKD1,122,187,153,156,253,96,125
ENSG00000124098.10,FAM210B,2979,1823,1678,1870,3669,2357,1926
ENSG00000124104.19,SNX21,477,580,359,367,647,408,359
ENSG00000124120.11,TTPAL,887,782,693,744,1047,767,581
ENSG00000124126.14,PREX1,113,521,232,416,871,101,242
ENSG00000124134.9,KCNS1,52,138,166,59,1479,110,30
ENSG00000124140.15,SLC12A5,72,103,111,47,179,82,135
ENSG00000124143.11,ARHGAP40,348,21,312,54,2,186,126
ENSG00000124145.6,SDC4,3613,2382,8870,2720,774,2774,2311
ENSG00000124151.19,NCOA3,1128,1189,792,998,1245,1203,1097
ENSG00000124155.19,PIGT,4585,3469,4440,2746,4490,3987,3533
ENSG00000124159.17,MATN4,5,37,0,2,1589,1,7
ENSG00000124160.12,NCOA5,1068,1478,1063,1158,2210,1070,1095
ENSG00000124164.16,VAPB,2459,2013,1817,1863,2297,2012,1782
ENSG00000124171.9,PARD6B,214,29,261,98,62,144,139
ENSG00000124172.10,ATP5F1E,6625,3503,4239,4561,4587,3956,3855
ENSG00000124177.16,CHD6,1549,2296,1019,1457,2829,1808,1695
ENSG00000124181.15,PLCG1,5723,7506,5865,6054,11138,4643,5408
ENSG00000124193.16,SRSF6,5121,4975,4472,4129,4798,2458,2833
ENSG00000124198.10,ARFGEF2,2047,1499,1253,1571,1832,2026,1704
ENSG00000124201.15,ZNFX1,882,845,1105,1458,1141,1139,1136
ENSG00000124205.18,EDN3,9,2322,0,19,325,3,6
ENSG00000124207.17,CSE1L,2652,3219,3009,3520,3429,2109,2069
ENSG00000124209.4,RAB22A,1708,1166,1108,1155,2022,1629,1213
ENSG00000124212.6,PTGIS,531,2463,264,373,2950,294,437
ENSG00000124214.21,STAU1,4426,3263,3274,3794,4948,3909,3604
ENSG00000124216.4,SNAI1,93,409,63,117,145,179,97
ENSG00000124217.5,MOCS3,351,307,339,258,436,300,365
ENSG00000124222.23,STX16,1930,1305,1892,1607,1334,1228,1109
ENSG00000124225.16,PMEPA1,2833,1531,2056,3391,15005,4541,3118
ENSG00000124226.11,RNF114,1602,1373,1374,1458,1394,1086,1037
ENSG00000124228.15,DDX27,1554,1292,1594,1582,1678,1259,1207
ENSG00000124243.19,BCAS4,342,113,337,243,185,221,295
ENSG00000124257.7,NEURL2,48,27,26,27,45,29,31
ENSG00000124275.15,MTRR,548,501,470,509,596,457,380
ENSG00000124279.12,FASTKD3,178,159,165,180,171,117,133
ENSG00000124299.16,PEPD,1300,1041,862,837,1260,861,951
ENSG00000124313.19,IQSEC2,305,371,113,114,388,326,213
ENSG00000124356.17,STAMBP,1453,970,1186,1234,1093,1036,1106
ENSG00000124357.13,NAGK,3275,1862,2467,2533,2364,2107,2029
ENSG00000124370.11,MCEE,216,118,135,139,86,135,137
ENSG00000124374.9,PAIP2B,129,65,45,57,126,103,71
ENSG00000124380.11,SNRNP27,899,467,607,713,892,984,850
ENSG00000124383.11,MPHOSPH10,1166,780,755,1000,1363,962,864
ENSG00000124406.17,ATP8A1,263,105,222,100,65,266,110
ENSG00000124422.12,USP22,15896,12688,9967,11334,17302,12286,13741
ENSG00000124440.16,HIF3A,406,626,148,305,453,155,173
ENSG00000124444.16,ZNF576,272,136,223,224,264,195,240
ENSG00000124459.12,ZNF45,588,560,460,513,738,454,394
ENSG00000124486.15,USP9X,5210,8426,4715,5201,7094,5939,8138
ENSG00000124491.16,F13A1,208,12,37,22,85,121,81
ENSG00000124493.14,GRM4,4,50,21,7,185,24,15
ENSG00000124496.13,TRERF1,385,549,388,342,388,311,416
ENSG00000124507.11,PACSIN1,20,7,3,2,239,35,36
ENSG00000124508.17,BTN2A2,772,384,904,741,400,342,399
ENSG00000124523.17,SIRT5,448,299,404,243,374,311,275
ENSG00000124532.15,MRS2,3405,830,9726,5502,1094,4467,3470
ENSG00000124535.16,WRNIP1,993,1159,976,929,1711,846,991
ENSG00000124541.7,RRP36,1578,937,1524,1571,1506,1674,1486
ENSG00000124562.10,SNRPC,2238,1496,1790,1935,2085,1595,1650
ENSG00000124570.21,SERPINB6,2326,1581,2027,1814,1245,1684,1755
ENSG00000124571.18,XPO5,2078,1774,2123,2193,1961,1570,1617
ENSG00000124574.15,ABCC10,1562,1158,1813,1185,1105,1166,1103
ENSG00000124587.14,PEX6,1271,1101,1548,882,1383,1188,959
ENSG00000124588.22,NQO2,361,330,221,228,433,154,182
ENSG00000124593.16,ENSG00000124593,104,34,86,92,108,53,69
ENSG00000124596.17,OARD1,456,304,369,356,371,394,342
ENSG00000124602.10,UNC5CL,33,12,34,39,9,24,15
ENSG00000124608.5,AARS2,724,900,814,733,981,538,442
ENSG00000124613.9,ZNF391,254,247,125,192,430,252,279
ENSG00000124615.20,MOCS1,456,507,465,747,448,371,446
ENSG00000124635.9,H2BC11,47,34,31,36,55,52,38
ENSG00000124641.16,MED20,549,415,568,434,551,474,470
ENSG00000124659.7,TBCC,494,346,418,414,575,493,476
ENSG00000124688.14,MAD2L1BP,561,411,589,537,429,390,469
ENSG00000124702.19,KLHDC3,2459,2553,1511,2152,3701,1805,2136
ENSG00000124733.5,MEA1,1450,913,1049,1045,1195,861,865
ENSG00000124743.6,KLHL31,10,33,5,5,57,11,9
ENSG00000124749.18,COL21A1,45,358,50,30,55,62,25
ENSG00000124762.14,CDKN1A,21053,3172,16877,10906,7418,22505,16748
ENSG00000124766.7,SOX4,5624,5322,4254,3815,10052,5991,6322
ENSG00000124767.7,GLO1,3667,3208,3702,4321,4483,3190,3343
ENSG00000124782.21,RREB1,1103,1285,715,1031,1516,1128,1252
ENSG00000124783.14,SSR1,8607,4815,7392,7624,6014,7894,6260
ENSG00000124784.9,RIOK1,423,381,413,420,484,348,334
ENSG00000124786.13,SLC35B3,1646,690,921,969,959,1316,679
ENSG00000124787.14,RPP40,183,102,187,160,133,203,183
ENSG00000124788.19,ATXN1,1646,1287,751,1476,2341,1677,1659
ENSG00000124789.12,NUP153,1891,2323,1650,2367,2682,1844,1781
ENSG00000124795.17,DEK,1889,3583,2113,2356,4475,1216,1494
ENSG00000124802.12,EEF1E1,389,169,347,396,214,274,244
ENSG00000124813.23,RUNX2,1014,789,390,593,1145,454,645
ENSG00000124831.20,LRRFIP1,2438,1315,2375,2364,1739,2425,1631
ENSG00000124875.10,CXCL6,108,271,536,272,338,79,60
ENSG00000124920.14,MYRF,13940,2725,18583,5557,1723,16984,8422
ENSG00000124942.14,AHNAK,9880,31852,23323,19347,9965,24694,22269
ENSG00000125037.13,EMC3,1623,843,1752,1243,1253,1143,1066
ENSG00000125089.18,SH3TC1,395,256,929,231,127,457,192
ENSG00000125107.19,CNOT1,6422,6372,4025,6335,6680,5967,5672
ENSG00000125122.18,FBXL9P,47,24,20,21,33,28,28
ENSG00000125124.14,BBS2,463,680,430,326,735,451,420
ENSG00000125148.7,MT2A,1178,320,3197,3908,256,1097,983
ENSG00000125149.12,PHAF1,595,582,506,531,789,493,485
ENSG00000125166.13,GOT2,3162,2059,3864,3081,2785,2474,2466
ENSG00000125170.11,DOK4,1761,950,1327,1099,1353,1270,1161
ENSG00000125246.16,CLYBL,53,69,45,37,89,31,30
ENSG00000125247.16,TMTC4,573,858,710,433,992,417,436
ENSG00000125249.7,RAP2A,2151,1663,1004,1680,2535,1916,2044
ENSG00000125257.16,ABCC4,1009,611,1661,1439,346,1373,571
ENSG00000125266.8,EFNB2,3380,1707,3944,4749,8237,3737,5185
ENSG00000125304.10,TM9SF2,8242,5461,5532,5746,6830,7003,5214
ENSG00000125319.15,HROB,109,221,138,215,152,50,94
ENSG00000125347.15,IRF1,340,231,309,348,146,251,248
ENSG00000125351.14,UPF3B,595,655,589,512,791,431,520
ENSG00000125352.6,RNF113A,296,191,296,288,277,213,247
ENSG00000125354.24,SEPTIN6,1989,2022,1085,1688,3572,1380,1895
ENSG00000125355.16,TMEM255A,60,85,87,93,87,63,304
ENSG00000125356.7,NDUFA1,2092,1091,1344,1630,1219,1130,966
ENSG00000125375.18,DMAC2L,266,219,187,181,234,212,125
ENSG00000125378.16,BMP4,555,646,623,357,2107,500,588
ENSG00000125384.7,PTGER2,32,46,66,73,66,42,56
ENSG00000125386.16,FAM193A,1065,1091,916,1015,1602,1001,982
ENSG00000125388.20,GRK4,209,110,103,141,237,217,179
ENSG00000125398.8,SOX9,707,2090,860,653,4462,1215,702
ENSG00000125430.9,HS3ST3B1,461,101,444,331,186,518,403
ENSG00000125434.11,SLC25A35,101,67,68,99,55,58,40
ENSG00000125447.18,GGA3,1109,1032,1100,1104,1479,840,893
ENSG00000125449.7,ARMC7,641,316,384,371,522,421,360
ENSG00000125450.11,NUP85,853,1125,1138,977,971,562,656
ENSG00000125454.12,SLC25A19,138,50,142,131,113,111,90
ENSG00000125457.15,MIF4GD,221,146,145,142,221,103,100
ENSG00000125458.7,NT5C,431,289,544,419,375,355,388
ENSG00000125459.18,MSTO1,586,339,507,547,511,474,451
ENSG00000125482.13,TTF1,327,392,318,375,577,333,275
ENSG00000125484.12,GTF3C4,1660,1896,1134,1577,2877,1701,1820
ENSG00000125485.18,DDX31,490,309,482,451,599,421,385
ENSG00000125503.13,PPP1R12C,2351,1630,3232,2083,2627,2278,2182
ENSG00000125505.17,MBOAT7,4490,1860,5501,2974,2661,4240,4513
ENSG00000125510.18,OPRL1,157,283,39,78,419,89,69
ENSG00000125520.14,SLC2A4RG,2124,1790,1454,1366,3516,2267,2100
ENSG00000125534.10,PPDPF,3624,2194,1790,1867,6014,3951,3662
ENSG00000125611.16,CHCHD5,282,224,184,180,324,195,237
ENSG00000125618.18,PAX8,32,11,172,362,16,26,44
ENSG00000125629.16,INSIG2,1002,550,763,664,733,771,489
ENSG00000125630.16,POLR1B,646,556,777,882,733,582,596
ENSG00000125633.11,CCDC93,1800,1653,1732,1986,2143,1507,1357
ENSG00000125637.16,PSD4,114,188,62,75,288,103,77
ENSG00000125648.15,SLC25A23,3257,1816,1638,1919,2821,2073,1777
ENSG00000125650.5,PSPN,116,73,142,123,119,78,75
ENSG00000125651.14,GTF2F1,3215,2523,2924,3175,3417,2889,3061
ENSG00000125652.8,ALKBH7,791,488,484,491,804,708,707
ENSG00000125656.11,CLPP,1126,687,1275,1059,1137,1166,1268
ENSG00000125657.5,TNFSF9,39,51,168,59,109,70,107
ENSG00000125675.20,GRIA3,314,86,323,262,258,495,446
ENSG00000125676.20,THOC2,2027,2089,1716,1918,2022,1677,1454
ENSG00000125686.12,MED1,2355,2350,1451,2285,3312,2231,2199
ENSG00000125703.15,ATG4C,196,258,180,238,318,179,121
ENSG00000125733.18,TRIP10,1168,1065,905,1008,1497,948,1040
ENSG00000125734.16,GPR108,1168,693,1301,859,1114,925,879
ENSG00000125740.15,FOSB,198,108,67,100,68,38,87
ENSG00000125741.6,OPA3,1304,836,883,982,1087,1257,1018
ENSG00000125743.11,SNRPD2,3173,2235,2724,2906,2907,1946,1941
ENSG00000125744.12,RTN2,412,291,379,287,459,506,594
ENSG00000125746.18,EML2,611,310,732,486,275,333,238
ENSG00000125753.15,VASP,3748,1129,4618,4075,2330,4069,5837
ENSG00000125755.19,SYMPK,3019,2040,2413,2752,2377,2135,2226
ENSG00000125772.14,GPCPD1,439,541,272,351,647,384,348
ENSG00000125775.15,SDCBP2,34,35,29,29,42,16,43
ENSG00000125779.24,PANK2,1153,746,928,1147,1107,1072,1074
ENSG00000125810.10,CD93,0,59,4,28,17,2,3
ENSG00000125812.16,GZF1,678,600,482,691,732,581,484
ENSG00000125814.17,NAPB,415,247,302,328,287,196,226
ENSG00000125817.8,CENPB,1570,1470,1129,1220,2783,1569,1601
ENSG00000125818.18,PSMF1,2260,1565,1925,2141,2092,1952,1847
ENSG00000125821.13,DTD1,417,198,409,360,250,359,305
ENSG00000125826.22,RBCK1,2052,1398,2629,2058,2329,1455,1480
ENSG00000125827.9,TMX4,1268,1038,1086,891,1656,1275,949
ENSG00000125834.13,STK35,1233,1303,953,1119,1967,1408,1338
ENSG00000125835.20,SNRPB,2708,1865,3290,3077,2554,2234,2705
ENSG00000125841.13,NRSN2,1977,1614,1808,1679,2231,1856,2127
ENSG00000125843.11,AP5S1,495,290,326,350,337,403,384
ENSG00000125844.17,RRBP1,14618,15650,12598,15984,18049,18055,12380
ENSG00000125845.7,BMP2,145,80,227,149,231,225,273
ENSG00000125846.17,ZNF133,466,404,478,384,472,241,248
ENSG00000125848.10,FLRT3,420,1664,199,198,1050,490,687
ENSG00000125863.20,MKKS,482,390,480,408,497,342,463
ENSG00000125864.14,BFSP1,633,233,364,224,200,465,282
ENSG00000125868.16,DSTN,26629,6018,20449,19505,9141,18074,16112
ENSG00000125869.10,LAMP5,8,8,16,35,70,5,119
ENSG00000125870.11,SNRPB2,1430,1256,1321,1327,1646,1075,1086
ENSG00000125871.14,MGME1,663,715,610,663,942,505,426
ENSG00000125872.9,LRRN4,33,0,12,9,1,292,5
ENSG00000125875.15,TBC1D20,2859,2014,1486,2057,2993,2315,2127
ENSG00000125877.13,ITPA,1176,716,1204,928,807,776,765
ENSG00000125885.13,MCM8,134,255,209,244,252,146,121
ENSG00000125898.13,FAM110A,33,82,61,24,117,38,33
ENSG00000125912.11,NCLN,3922,2103,5387,4425,3043,3996,3155
ENSG00000125944.21,HNRNPR,4923,6013,3707,5056,7987,3949,4689
ENSG00000125945.15,ZNF436,799,914,538,641,1114,622,572
ENSG00000125952.21,MAX,1377,843,895,1004,1436,1223,1237
ENSG00000125962.16,ARMCX5,246,265,147,205,382,218,203
ENSG00000125965.9,GDF5,486,170,618,139,220,881,336
ENSG00000125966.10,MMP24,1751,76,3684,366,187,3322,984
ENSG00000125967.17,NECAB3,683,447,358,520,560,361,403
ENSG00000125968.9,ID1,577,1650,615,314,1148,586,975
ENSG00000125970.12,RALY,3264,3429,3397,3331,4731,2878,3103
ENSG00000125977.7,EIF2S2,3407,1741,2889,3464,2660,3041,2611
ENSG00000125991.21,ERGIC3,6108,4602,5496,4371,5060,3976,3264
ENSG00000125995.16,ROMO1,1485,639,998,958,1054,889,945
ENSG00000126001.17,CEP250,1940,1831,2320,1747,1696,1933,1323
ENSG00000126003.7,PLAGL2,964,1263,741,1033,2040,822,1055
ENSG00000126005.17,MMP24OS,3088,1096,1516,1500,2257,2829,2223
ENSG00000126010.6,GRPR,21,4,21,23,115,83,97
ENSG00000126012.13,KDM5C,3637,4014,3005,3396,5087,3111,3174
ENSG00000126016.17,AMOT,848,4929,1026,949,3346,1327,1456
ENSG00000126062.4,TMEM115,2003,1348,2228,1358,2026,1694,1784
ENSG00000126067.12,PSMB2,4062,2704,3730,3873,3327,3700,3361
ENSG00000126070.20,AGO3,679,711,512,635,885,699,569
ENSG00000126088.14,UROD,2751,1907,2430,2422,1834,1871,1728
ENSG00000126091.21,ST3GAL3,76,64,90,68,121,70,64
ENSG00000126106.14,TMEM53,280,235,239,202,233,201,212
ENSG00000126107.15,HECTD3,1455,905,1340,1480,1294,1146,1137
ENSG00000126214.22,KLC1,1811,855,1707,1526,1563,1612,1341
ENSG00000126215.14,XRCC3,157,348,169,239,305,60,74
ENSG00000126216.15,TUBGCP3,444,784,345,579,724,389,386
ENSG00000126217.22,MCF2L,393,506,211,217,1254,130,167
ENSG00000126218.12,F10,338,197,184,155,68,124,102
ENSG00000126226.22,PCID2,737,806,848,988,865,493,491
ENSG00000126243.9,LRFN3,600,643,485,395,1318,675,558
ENSG00000126247.11,CAPNS1,11638,6478,9728,9262,7383,9026,9615
ENSG00000126249.8,PDCD2L,111,51,108,87,88,39,55
ENSG00000126254.12,RBM42,1923,1376,1561,1712,2206,1720,2021
ENSG00000126261.13,UBA2,2908,2674,2302,2781,3542,2187,2385
ENSG00000126267.11,COX6B1,3139,1788,2201,2427,2372,2017,2234
ENSG00000126351.13,THRA,954,2192,446,670,2439,737,772
ENSG00000126368.6,NR1D1,132,71,91,87,146,127,170
ENSG00000126391.14,FRMD8,1861,935,1210,1728,1695,1767,2226
ENSG00000126432.14,PRDX5,6216,3087,4689,4091,4285,3963,4189
ENSG00000126453.11,BCL2L12,387,510,455,522,676,330,436
ENSG00000126456.16,IRF3,1611,1154,1832,1498,1183,922,968
ENSG00000126457.22,PRMT1,4150,2962,5073,5296,3631,2956,3667
ENSG00000126458.4,RRAS,1475,671,1558,1049,537,1599,1621
ENSG00000126461.15,SCAF1,2946,2130,2548,2660,4253,3814,4353
ENSG00000126464.15,PRR12,1432,1778,1006,1235,3187,1979,2278
ENSG00000126522.17,ASL,487,191,595,519,235,400,303
ENSG00000126524.12,SBDS,3240,1126,2724,3166,1643,2883,2615
ENSG00000126561.18,STAT5A,82,100,83,84,84,74,72
ENSG00000126562.17,WNK4,431,80,1943,1384,65,1009,952
ENSG00000126581.13,BECN1,2535,1160,1859,1860,1710,1789,1600
ENSG00000126602.11,TRAP1,1648,1290,1681,1520,1458,908,803
ENSG00000126603.9,GLIS2,1467,1342,451,547,2034,850,730
ENSG00000126653.18,NSRP1,677,612,632,645,783,600,484
ENSG00000126698.11,DNAJC8,3652,2830,3081,3371,3675,2594,2492
ENSG00000126705.15,AHDC1,2923,3794,1758,2071,5320,2344,2530
ENSG00000126709.16,IFI6,349,523,993,2746,5126,210,124
ENSG00000126746.19,ZNF384,1684,1809,1255,1517,2394,1194,1324
ENSG00000126749.17,EMG1,306,195,279,294,265,267,244
ENSG00000126756.12,UXT,768,497,620,559,685,572,562
ENSG00000126767.18,ELK1,1178,827,717,952,1423,1147,1519
ENSG00000126768.13,TIMM17B,1197,764,957,790,933,755,838
ENSG00000126773.13,PCNX4,2900,2612,2340,2188,3578,3027,2057
ENSG00000126775.9,ATG14,726,435,492,558,625,521,505
ENSG00000126777.18,KTN1,9062,5495,8965,7576,7616,6898,5568
ENSG00000126778.12,SIX1,22,4690,24,347,3164,25,11
ENSG00000126785.13,RHOJ,1249,1629,1954,1715,2711,1491,1668
ENSG00000126787.13,DLGAP5,369,2001,717,1218,1608,202,278
ENSG00000126790.12,L3HYPDH,513,269,487,372,395,613,431
ENSG00000126803.10,HSPA2,547,449,917,631,611,453,940
ENSG00000126804.14,ZBTB1,2221,1844,1403,1945,2494,1766,1540
ENSG00000126814.7,TRMT5,492,448,385,532,468,377,316
ENSG00000126821.8,SGPP1,790,465,917,557,675,784,488
ENSG00000126822.18,PLEKHG3,3054,1355,4120,3214,1406,3093,2410
ENSG00000126858.19,RHOT1,861,902,612,863,1538,670,644
ENSG00000126870.16,DYNC2I1,662,703,485,638,1066,617,465
ENSG00000126878.13,AIF1L,3734,1836,3646,5206,1461,1827,1557
ENSG00000126882.14,FAM78A,94,106,33,42,316,58,60
ENSG00000126883.19,NUP214,1707,2413,1588,1893,2107,1499,1522
ENSG00000126903.16,SLC10A3,1120,414,994,667,738,1188,726
ENSG00000126934.15,MAP2K2,4102,2471,3298,3292,4194,3119,3246
ENSG00000126945.9,HNRNPH2,2778,2457,2305,2402,2874,1809,1804
ENSG00000126947.13,ARMCX1,1039,858,860,977,965,737,879
ENSG00000126950.8,TMEM35A,58,122,48,31,230,43,55
ENSG00000126953.8,TIMM8A,239,145,196,223,202,176,175
ENSG00000126970.17,ZC4H2,807,622,512,569,917,489,499
ENSG00000127022.16,CANX,27793,14380,31135,30378,24152,24583,24380
ENSG00000127054.22,INTS11,1754,1636,2054,1779,1979,1148,1278
ENSG00000127080.10,IPPK,596,185,521,493,276,366,342
ENSG00000127081.14,ZNF484,179,162,110,183,279,177,181
ENSG00000127124.16,HIVEP3,369,90,401,442,297,722,785
ENSG00000127125.9,PPCS,864,545,574,576,771,638,481
ENSG00000127129.10,EDN2,178,8,110,25,15,15,18
ENSG00000127152.18,BCL11B,45,242,14,9,899,23,22
ENSG00000127184.13,COX7C,5596,2749,3068,3211,3495,2232,2105
ENSG00000127191.18,TRAF2,500,453,704,551,437,269,325
ENSG00000127220.6,ABHD8,406,244,193,162,663,205,187
ENSG00000127241.18,MASP1,29,17,8,5,22,63,39
ENSG00000127252.7,PLAAT1,64,93,57,43,108,60,32
ENSG00000127311.10,HELB,42,73,24,34,71,49,36
ENSG00000127314.18,RAP1B,2581,1679,1840,2030,2567,2944,2428
ENSG00000127325.19,BEST3,246,9,242,152,20,194,140
ENSG00000127328.22,RAB3IP,1364,275,820,713,340,1071,518
ENSG00000127329.16,PTPRB,420,85,552,351,79,373,418
ENSG00000127334.11,DYRK2,986,1356,878,1446,2300,1350,2010
ENSG00000127337.7,YEATS4,371,279,280,325,398,215,261
ENSG00000127415.13,IDUA,507,554,592,257,857,423,341
ENSG00000127418.15,FGFRL1,3934,2327,4320,2793,3886,2888,2488
ENSG00000127419.17,TMEM175,772,430,664,519,658,370,487
ENSG00000127423.11,AUNIP,43,110,59,95,114,25,50
ENSG00000127445.14,PIN1,2285,1190,1758,1890,2153,1812,2039
ENSG00000127452.9,FBXL12,1044,663,816,875,825,740,846
ENSG00000127463.16,EMC1,4641,3115,4889,4247,2946,3873,3419
ENSG00000127481.15,UBR4,5390,7031,7043,6280,5279,6858,6539
ENSG00000127483.19,HP1BP3,5940,7283,3999,5402,7948,4698,4209
ENSG00000127511.10,SIN3B,2951,1837,2811,2927,3331,2375,2455
ENSG00000127526.15,SLC35E1,4069,1709,3307,2925,2479,3340,2471
ENSG00000127527.14,EPS15L1,942,1003,1025,1166,1375,1004,984
ENSG00000127528.6,KLF2,10,55,7,8,95,28,20
ENSG00000127540.12,UQCR11,1099,500,788,766,641,643,607
ENSG00000127554.13,GFER,615,548,576,545,861,524,552
ENSG00000127561.16,SYNGR3,64,33,76,63,24,26,32
ENSG00000127564.17,PKMYT1,126,452,309,350,355,63,87
ENSG00000127578.7,WFIKKN1,64,26,17,50,51,34,91
ENSG00000127580.17,WDR24,484,461,399,343,652,301,388
ENSG00000127585.13,FBXL16,32,1,53,49,11,132,134
ENSG00000127586.17,CHTF18,340,1071,790,922,1060,208,303
ENSG00000127603.32,MACF1,19558,13442,22363,20990,12654,35159,20365
ENSG00000127616.22,SMARCA4,6391,7450,6118,7043,8883,6061,6495
ENSG00000127663.15,KDM4B,3633,1935,1539,2400,3795,2603,2514
ENSG00000127666.11,TICAM1,352,128,349,328,216,358,232
ENSG00000127720.8,METTL25,209,135,122,147,171,167,134
ENSG00000127774.7,EMC6,605,283,579,450,638,686,587
ENSG00000127804.13,METTL16,976,778,753,788,1222,826,828
ENSG00000127824.15,TUBA4A,568,46,583,300,31,392,142
ENSG00000127837.10,AAMP,2780,1721,2514,2490,2218,2207,2171
ENSG00000127838.15,PNKD,1197,839,1040,800,872,847,739
ENSG00000127863.16,TNFRSF19,5150,1091,4119,6404,7805,7707,5901
ENSG00000127870.17,RNF6,1632,798,1267,1245,1240,1516,1354
ENSG00000127884.5,ECHS1,3231,1628,2454,2761,2023,2114,1821
ENSG00000127903.14,ZNF835,28,13,41,3,62,8,30
ENSG00000127914.19,AKAP9,2446,1824,1719,2080,2309,2969,1980
ENSG00000127920.6,GNG11,4089,542,1027,1960,2167,2334,1525
ENSG00000127922.10,SEM1,1722,994,1263,1432,1338,989,826
ENSG00000127946.17,HIP1,1119,4127,714,1171,5065,1403,1620
ENSG00000127947.16,PTPN12,2989,1734,2515,2405,2532,2886,2580
ENSG00000127948.17,POR,1325,1474,1867,1562,1949,1076,1366
ENSG00000127952.17,STYXL1,738,396,655,614,565,545,447
ENSG00000127955.17,GNAI1,1216,1631,666,695,1189,977,796
ENSG00000127980.16,PEX1,632,587,467,435,740,445,376
ENSG00000127989.14,MTERF1,270,183,198,222,297,193,185
ENSG00000127990.19,SGCE,905,1378,1184,1154,1146,925,769
ENSG00000127993.16,RBM48,312,283,250,291,422,216,219
ENSG00000127995.17,CASD1,791,959,732,664,1127,689,607
ENSG00000128000.17,ZNF780B,215,282,259,180,233,154,146
ENSG00000128011.5,LRFN1,141,130,84,31,565,256,145
ENSG00000128016.7,ZFP36,425,264,227,291,241,324,421
ENSG00000128039.13,SRD5A3,161,79,147,98,154,174,151
ENSG00000128045.7,RASL11B,19,67,2,21,1669,33,105
ENSG00000128050.9,PAICS,5118,3920,5458,6063,4118,3587,3933
ENSG00000128052.10,KDR,339,515,135,271,1859,351,342
ENSG00000128059.8,PPAT,981,545,737,883,571,788,689
ENSG00000128159.12,TUBGCP6,1445,1884,1969,1474,2215,836,972
ENSG00000128165.9,ADM2,279,117,287,362,186,386,207
ENSG00000128185.10,DGCR6L,978,777,527,626,1397,695,696
ENSG00000128191.17,DGCR8,1285,1209,1106,1261,1809,940,1141
ENSG00000128203.7,ASPHD2,333,164,285,309,425,318,266
ENSG00000128228.5,SDF2L1,453,180,679,472,430,385,335
ENSG00000128242.13,GAL3ST1,949,58,328,366,125,650,262
ENSG00000128245.15,YWHAH,3268,2019,2659,3210,3099,2480,2390
ENSG00000128254.16,YWHAH-AS1,35,57,14,23,131,11,31
ENSG00000128266.9,GNAZ,134,172,150,106,673,167,80
ENSG00000128268.12,MGAT3,507,1107,377,356,1104,407,519
ENSG00000128272.18,ATF4,6777,3960,6286,8216,7038,5569,6179
ENSG00000128274.17,A4GALT,217,52,289,159,41,162,51
ENSG00000128283.7,CDC42EP1,4579,3111,4835,3077,2770,5358,4651
ENSG00000128285.5,MCHR1,708,797,201,190,503,255,549
ENSG00000128294.16,TPST2,900,467,907,915,839,1135,1275
ENSG00000128298.18,BAIAP2L2,40,12,22,26,37,23,19
ENSG00000128309.17,MPST,2552,1300,1983,1990,2100,1995,1925
ENSG00000128311.14,TST,929,332,722,672,433,744,646
ENSG00000128335.14,APOL2,822,596,461,867,576,334,209
ENSG00000128340.16,RAC2,29,52,198,29,27,72,24
ENSG00000128342.5,LIF,4331,191,5645,3415,1562,2571,1576
ENSG00000128394.17,APOBEC3F,102,137,81,85,102,83,47
ENSG00000128408.9,RIBC2,10,32,6,4,31,1,5
ENSG00000128422.18,KRT17,79,30,13,138,529,40,29
ENSG00000128463.13,EMC4,1704,1168,1758,1289,1581,1329,1213
ENSG00000128482.16,RNF112,6,35,8,7,90,10,5
ENSG00000128487.19,SPECC1,4527,1668,2847,3212,2527,3474,3741
ENSG00000128510.12,CPA4,5125,5388,4590,1454,264,3500,1356
ENSG00000128512.24,DOCK4,1748,1543,931,1954,4992,2268,1657
ENSG00000128513.16,POT1,511,514,310,374,589,346,345
ENSG00000128524.5,ATP6V1F,3000,1441,1951,1938,2289,2260,2492
ENSG00000128534.8,LSM8,884,930,809,857,1030,688,660
ENSG00000128563.13,PRKRIP1,1121,780,1121,943,1294,917,868
ENSG00000128564.8,VGF,73,5,113,22,28,311,158
ENSG00000128567.17,PODXL,4262,541,5011,2859,604,3124,1114
ENSG00000128573.28,FOXP2,210,1287,123,84,920,129,117
ENSG00000128578.10,STRIP2,58,228,157,90,118,87,75
ENSG00000128581.17,IFT22,615,664,392,536,1064,468,539
ENSG00000128585.18,MKLN1,1468,2057,1096,1314,1875,1566,1413
ENSG00000128590.5,DNAJB9,1994,735,1523,1358,1499,1648,1145
ENSG00000128591.16,FLNC,22629,11738,55293,34945,10629,42613,31092
ENSG00000128594.8,LRRC4,37,41,47,53,197,64,117
ENSG00000128595.17,CALU,50807,27594,40968,42668,28517,43092,39024
ENSG00000128596.17,CCDC136,191,266,119,187,198,180,181
ENSG00000128602.11,SMO,1703,4319,1472,1525,4634,1362,1404
ENSG00000128606.13,LRRC17,4205,2677,3526,5235,3301,4696,5282
ENSG00000128607.14,KLHDC10,1936,1335,971,1473,1808,1941,1481
ENSG00000128609.16,NDUFA5,1585,1142,1000,1068,1688,1402,1081
ENSG00000128610.12,FEZF1,58,0,26,2,19,24,77
ENSG00000128641.19,MYO1B,3586,2716,2819,2805,4812,4574,4257
ENSG00000128654.14,MTX2,986,626,805,702,944,692,621
ENSG00000128655.19,PDE11A,65,5,106,90,32,138,47
ENSG00000128656.15,CHN1,1072,1551,363,589,2822,408,417
ENSG00000128683.14,GAD1,45,0,33,42,60,52,109
ENSG00000128694.12,OSGEPL1,172,216,167,143,244,143,122
ENSG00000128699.14,ORMDL1,1499,953,1563,1225,1201,902,1004
ENSG00000128708.13,HAT1,1084,1001,859,1006,1337,891,787
ENSG00000128731.18,HERC2,3200,4099,2788,3396,3128,4290,3247
ENSG00000128739.23,SNRPN,1548,1182,963,1212,2240,1229,1024
ENSG00000128789.22,PSMG2,854,628,654,697,704,551,555
ENSG00000128791.12,TWSG1,3552,3057,2935,2739,2910,2538,1808
ENSG00000128805.15,ARHGAP22,26,12,50,26,18,88,20
ENSG00000128829.12,EIF2AK4,4619,3793,3578,3994,4488,4251,3736
ENSG00000128833.13,MYO5C,387,98,240,218,202,82,190
ENSG00000128849.11,CGNL1,3902,1972,1333,3331,2771,2685,3858
ENSG00000128872.10,TMOD2,362,330,303,235,748,497,395
ENSG00000128881.18,TTBK2,768,997,433,542,1188,608,447
ENSG00000128891.17,CCDC32,469,387,467,492,651,544,430
ENSG00000128908.19,INO80,962,860,713,969,1124,964,867
ENSG00000128915.12,ICE2,831,1055,705,742,1215,660,546
ENSG00000128923.11,MINDY2,1900,449,526,1229,649,1592,935
ENSG00000128928.10,IVD,1778,1718,1609,1528,1962,1491,1184
ENSG00000128944.14,KNSTRN,449,860,723,900,718,287,334
ENSG00000128951.14,DUT,692,928,649,605,1442,508,514
ENSG00000128965.13,CHAC1,201,59,146,204,226,307,193
ENSG00000128973.13,CLN6,376,464,411,413,328,233,250
ENSG00000128989.11,ARPP19,6872,4616,4295,5411,6616,5971,5890
ENSG00000129003.19,VPS13C,1859,1739,1337,1447,1414,1930,1309
ENSG00000129009.13,ISLR,11,1086,3,168,2586,27,21
ENSG00000129028.9,THAP10,58,70,79,60,82,36,44
ENSG00000129038.16,LOXL1,10657,6916,11851,8835,20196,11509,12367
ENSG00000129055.13,ANAPC13,1289,1141,1064,815,1386,922,1054
ENSG00000129071.10,MBD4,725,666,671,777,973,629,594
ENSG00000129083.13,COPB1,9702,5470,6451,8303,6476,7514,6872
ENSG00000129084.18,PSMA1,788,465,835,774,796,563,455
ENSG00000129103.19,SUMF2,4133,2517,3511,2520,2796,2493,2330
ENSG00000129116.20,PALLD,29639,13360,15446,28232,29363,24595,22819
ENSG00000129128.13,SPCS3,5943,4263,5500,4713,4635,5361,3579
ENSG00000129151.9,BBOX1,42,177,13,8,37,17,25
ENSG00000129158.11,SERGEF,291,167,196,235,207,151,142
ENSG00000129173.13,E2F8,29,91,38,41,74,7,8
ENSG00000129187.15,DCTD,2834,2121,2367,2481,2563,2733,1963
ENSG00000129194.8,SOX15,58,4,104,39,26,137,69
ENSG00000129195.16,PIMREG,218,843,459,653,784,86,168
ENSG00000129197.15,RPAIN,1512,804,1101,1200,1259,882,762
ENSG00000129204.17,USP6,1,25,0,1,58,6,1
ENSG00000129219.14,PLD2,724,689,835,725,693,548,758
ENSG00000129235.11,TXNDC17,1481,569,1390,1268,892,1079,1016
ENSG00000129244.9,ATP1B2,143,428,29,77,1006,148,191
ENSG00000129245.13,FXR2,2832,1400,2113,2315,2595,2361,2537
ENSG00000129250.12,KIF1C,8192,4320,7910,7096,6062,6590,5835
ENSG00000129255.16,MPDU1,1632,1179,2021,1492,1304,1291,1260
ENSG00000129292.21,PHF20L1,1761,1671,1333,1788,2577,1665,1693
ENSG00000129295.10,DNAAF11,50,76,24,44,89,39,40
ENSG00000129315.12,CCNT1,1221,1007,1012,1226,1306,1033,1014
ENSG00000129317.15,PUS7L,747,518,527,634,828,463,688
ENSG00000129347.21,KRI1,727,768,755,780,863,532,509
ENSG00000129351.18,ILF3,8392,11340,10877,11001,14119,6596,7629
ENSG00000129353.15,SLC44A2,7092,5122,6631,4622,8113,4972,4186
ENSG00000129354.12,AP1M2,194,10,382,166,19,161,137
ENSG00000129355.7,CDKN2D,199,157,185,174,137,147,126
ENSG00000129422.15,MTUS1,153,1477,80,128,304,67,166
ENSG00000129460.17,NGDN,493,414,509,507,558,307,345
ENSG00000129465.16,RIPK3,51,41,9,34,92,14,12
ENSG00000129467.14,ADCY4,78,621,8,72,1029,49,36
ENSG00000129472.15,RAB2B,1513,946,831,941,1680,1144,1124
ENSG00000129473.11,BCL2L2,1070,832,636,922,800,586,539
ENSG00000129474.17,AJUBA,3366,2784,2523,3585,3620,2013,3390
ENSG00000129480.14,DTD2,444,283,332,321,448,427,341
ENSG00000129484.14,PARP2,696,743,738,807,953,462,543
ENSG00000129493.15,HEATR5A,1015,715,700,856,719,1026,766
ENSG00000129515.20,SNX6,2685,2115,2111,2462,2839,2715,2052
ENSG00000129518.10,EAPP,1426,642,850,928,920,1147,891
ENSG00000129521.15,EGLN3,163,13,33,69,124,218,166
ENSG00000129534.14,MIS18BP1,477,1297,448,672,1357,382,415
ENSG00000129535.13,NRL,45,13,27,30,37,29,30
ENSG00000129538.14,RNASE1,2,63,3,8,379,62,14
ENSG00000129559.13,NEDD8,1931,1061,1599,1480,1587,1453,1445
ENSG00000129562.11,DAD1,4093,1702,2910,2847,2485,2627,2771
ENSG00000129566.13,TEP1,751,1028,876,997,943,748,697
ENSG00000129595.14,EPB41L4A,296,226,187,299,224,276,623
ENSG00000129596.5,CDO1,145,137,141,119,234,68,129
ENSG00000129625.13,REEP5,4985,2005,5748,4268,2531,4498,3763
ENSG00000129636.13,ITFG1,4002,2091,2966,2470,3017,3068,2113
ENSG00000129646.16,QRICH2,101,252,140,132,185,54,107
ENSG00000129654.8,FOXJ1,339,10,124,197,180,199,89
ENSG00000129657.16,SEC14L1,3718,2566,2542,3503,2766,2900,3558
ENSG00000129667.13,RHBDF2,820,231,1393,551,189,926,312
ENSG00000129675.16,ARHGEF6,307,531,160,196,588,312,353
ENSG00000129680.16,MAP7D3,672,1712,975,808,770,767,804
ENSG00000129682.16,FGF13,140,39,37,70,334,85,197
ENSG00000129691.16,ASH2L,1365,1184,789,1053,1708,1070,1063
ENSG00000129696.13,TTI2,384,319,358,402,491,241,270
ENSG00000129757.15,CDKN1C,153,261,207,232,889,237,423
ENSG00000129810.15,SGO1,85,227,110,195,181,55,74
ENSG00000129910.8,CDH15,6,176,7,5,38,7,1
ENSG00000129911.9,KLF16,1159,552,951,1052,966,1305,1356
ENSG00000129925.11,PGAP6,3776,2318,3639,2600,2690,3255,3032
ENSG00000129932.10,DOHH,751,275,694,612,434,553,452
ENSG00000129933.21,MAU2,2091,1665,1560,1601,2213,1390,1506
ENSG00000129946.11,SHC2,1460,851,1262,611,1375,824,1013
ENSG00000129951.19,PLPPR3,1849,2011,1027,753,7731,1426,1725
ENSG00000129968.17,ABHD17A,1497,1060,1309,1264,2082,1286,1414
ENSG00000129993.15,CBFA2T3,95,14,31,32,70,140,44
ENSG00000130005.13,GAMT,846,335,563,330,453,636,522
ENSG00000130021.15,PUDP,609,877,979,646,717,919,966
ENSG00000130023.16,ERMARD,383,386,304,279,491,241,226
ENSG00000130024.15,PHF10,1873,2369,1699,2060,3709,1646,1384
ENSG00000130032.17,PRRG3,5,143,7,6,120,2,19
ENSG00000130035.9,GALNT8,36,49,37,49,96,59,47
ENSG00000130038.10,CRACR2A,21,28,27,95,31,18,26
ENSG00000130052.14,STARD8,16,711,42,99,509,27,56
ENSG00000130054.5,NALF2,21,6,37,8,11,36,65
ENSG00000130066.17,SAT1,2280,608,4156,1361,1133,4350,1867
ENSG00000130119.17,GNL3L,1210,597,825,1044,839,922,738
ENSG00000130147.16,SH3BP4,9003,3364,7043,10382,6010,13688,9294
ENSG00000130150.12,MOSPD2,835,514,506,612,673,590,717
ENSG00000130158.14,DOCK6,738,984,919,832,975,686,809
ENSG00000130159.15,ECSIT,484,442,495,552,476,336,372
ENSG00000130164.15,LDLR,6627,7828,10691,9926,5631,4341,9623
ENSG00000130165.11,ELOF1,1380,828,1116,1228,1365,983,1125
ENSG00000130175.10,PRKCSH,11355,10445,12029,9473,10643,10904,9445
ENSG00000130176.8,CNN1,10351,1348,11192,10046,2190,8079,7238
ENSG00000130177.16,CDC16,2825,1749,2349,2282,2232,2264,1697
ENSG00000130193.8,THEM6,300,397,204,141,376,233,195
ENSG00000130202.10,NECTIN2,9568,4247,11978,7698,5872,9153,8333
ENSG00000130203.10,APOE,20078,7005,15997,8052,13889,14744,22032
ENSG00000130204.13,TOMM40,2027,1354,2747,2822,1904,2035,2278
ENSG00000130208.10,APOC1,113,82,84,135,53,35,65
ENSG00000130222.11,GADD45G,53,52,35,37,298,51,45
ENSG00000130224.15,LRCH2,338,606,214,243,924,567,266
ENSG00000130226.18,DPP6,115,55,199,97,335,233,196
ENSG00000130227.17,XPO7,3462,2659,2091,1371,3653,2728,2636
ENSG00000130244.13,FAM98C,251,165,278,169,187,175,152
ENSG00000130254.12,SAFB2,1272,910,1403,1239,1693,1119,1134
ENSG00000130270.16,ATP8B3,162,154,132,82,46,125,39
ENSG00000130294.18,KIF1A,13761,154,11069,7740,1696,6032,6525
ENSG00000130299.17,GTPBP3,485,407,410,528,537,300,401
ENSG00000130303.14,BST2,36,59,44,151,177,12,5
ENSG00000130304.17,SLC27A1,401,381,417,363,492,347,271
ENSG00000130305.17,NSUN5,363,230,480,427,296,273,300
ENSG00000130309.12,COLGALT1,9330,7035,11992,8997,5957,8759,6434
ENSG00000130311.11,DDA1,2841,911,2326,2148,1759,3005,2839
ENSG00000130313.7,PGLS,1872,1020,1213,1097,1653,1434,1459
ENSG00000130332.15,LSM7,1131,885,812,1045,1236,719,675
ENSG00000130338.13,TULP4,1515,1011,936,1038,1784,1502,1350
ENSG00000130340.17,SNX9,2794,1476,1580,1738,2102,2336,1997
ENSG00000130347.13,RTN4IP1,121,110,111,99,136,82,71
ENSG00000130348.11,QRSL1,468,438,419,458,610,364,376
ENSG00000130349.10,MTRES1,362,274,259,292,354,244,216
ENSG00000130363.13,RSPH3,498,259,346,195,426,570,447
ENSG00000130382.9,MLLT1,2371,2651,1553,2149,5274,2142,2365
ENSG00000130396.22,AFDN,3602,2922,3342,2875,4224,3727,2900
ENSG00000130402.14,ACTN4,25272,11791,25867,29269,12677,22490,24766
ENSG00000130413.16,STK33,268,183,219,190,280,178,138
ENSG00000130414.13,NDUFA10,2458,2133,1745,1896,2547,1743,1575
ENSG00000130429.16,ARPC1B,228,84,286,214,149,338,286
ENSG00000130449.6,ZSWIM6,1121,809,974,1523,2039,1430,1464
ENSG00000130475.16,FCHO1,30,42,72,66,73,46,33
ENSG00000130477.16,UNC13A,75,31,73,97,293,323,239
ENSG00000130479.11,MAP1S,1047,800,860,999,1535,1054,1260
ENSG00000130508.11,PXDN,37609,37121,37827,36421,44739,40159,36166
ENSG00000130511.16,SSBP4,1438,2158,1333,1132,3895,1622,1421
ENSG00000130513.7,GDF15,1140,92,995,252,115,1019,781
ENSG00000130517.14,PGPEP1,1901,448,868,928,1215,1526,928
ENSG00000130518.18,IQCN,51,203,58,22,378,40,43
ENSG00000130520.11,LSM4,1839,1361,1758,1681,1958,1388,1771
ENSG00000130522.6,JUND,4314,2976,2820,2171,10130,5208,4692
ENSG00000130529.16,TRPM4,338,342,516,464,501,356,308
ENSG00000130540.14,SULT4A1,103,129,129,132,321,119,135
ENSG00000130544.12,ZNF557,213,194,185,137,270,179,152
ENSG00000130545.16,CRB3,105,3,108,23,5,156,13
ENSG00000130558.20,OLFM1,34,46,69,56,158,144,98
ENSG00000130559.19,CAMSAP1,2794,2149,1852,2335,2742,2467,2086
ENSG00000130560.9,UBAC1,1132,1020,960,951,1362,912,886
ENSG00000130584.12,ZBTB46,813,786,453,635,649,523,612
ENSG00000130589.16,HELZ2,250,637,610,1440,1152,497,296
ENSG00000130590.14,SAMD10,227,59,240,130,155,157,107
ENSG00000130592.17,LSP1,11,29,9,60,18,25,34
ENSG00000130600.22,H19,354,15465,66,831,462,125,834
ENSG00000130635.17,COL5A1,215256,121246,58409,142079,254589,263527,174377
ENSG00000130638.18,ATXN10,4111,2919,3589,3225,3517,3190,2730
ENSG00000130640.15,TUBGCP2,2401,1974,2174,2364,2619,1856,2047
ENSG00000130643.9,CALY,183,14,37,70,93,142,32
ENSG00000130653.16,PNPLA7,175,44,107,75,132,63,53
ENSG00000130669.17,PAK4,2684,973,2254,1471,1598,2797,2481
ENSG00000130684.14,ZNF337,595,473,589,504,569,328,264
ENSG00000130695.16,CEP85,701,853,612,813,918,419,463
ENSG00000130699.20,TAF4,401,426,364,384,879,376,369
ENSG00000130702.15,LAMA5,23616,10629,30943,22557,6765,29023,20023
ENSG00000130703.17,OSBPL2,1733,1078,1028,1420,1484,1352,1195
ENSG00000130706.13,ADRM1,3136,1675,2925,2682,2416,2484,2611
ENSG00000130707.18,ASS1,2734,1443,469,1596,2156,1412,484
ENSG00000130713.17,EXOSC2,599,733,725,740,777,415,406
ENSG00000130714.19,POMT1,1266,1179,1457,1081,1266,924,767
ENSG00000130717.13,UCK1,953,1116,603,750,1204,513,504
ENSG00000130720.13,FIBCD1,32,22,7,8,91,33,14
ENSG00000130724.10,CHMP2A,1892,1105,1367,1078,1467,1117,911
ENSG00000130725.8,UBE2M,2021,1027,1791,1711,2036,1909,2314
ENSG00000130726.12,TRIM28,9277,9026,9942,9625,10770,7420,8221
ENSG00000130731.16,METTL26,978,494,686,582,778,762,448
ENSG00000130733.11,YIPF2,3061,1366,2083,1852,1605,2512,1781
ENSG00000130734.10,ATG4D,632,310,548,565,510,431,512
ENSG00000130741.11,EIF2S3,5007,6142,5531,4516,6990,7587,5467
ENSG00000130748.7,TMEM160,388,152,331,221,516,388,536
ENSG00000130749.10,ZC3H4,1059,1401,770,1006,2525,1119,1329
ENSG00000130751.10,NPAS1,33,15,32,19,32,26,88
ENSG00000130758.8,MAP3K10,760,339,465,454,1015,672,545
ENSG00000130762.15,ARHGEF16,708,65,547,982,88,335,203
ENSG00000130764.10,LRRC47,1563,1145,1442,1295,1771,1262,1254
ENSG00000130766.5,SESN2,1484,630,1381,1017,1167,1631,1247
ENSG00000130770.18,ATP5IF1,2961,1323,1794,2073,2044,2351,2041
ENSG00000130772.14,MED18,452,210,324,294,352,247,229
ENSG00000130775.16,THEMIS2,21,62,27,26,74,7,7
ENSG00000130779.22,CLIP1,3755,2219,2487,2746,2669,3571,2740
ENSG00000130787.14,HIP1R,793,788,1015,749,1055,643,437
ENSG00000130803.15,ZNF317,1062,729,804,847,1188,833,817
ENSG00000130810.20,PPAN,111,68,182,132,155,124,121
ENSG00000130811.12,EIF3G,3661,2584,3300,3190,3345,2740,2456
ENSG00000130813.18,SHFL,155,424,370,306,422,141,137
ENSG00000130816.17,DNMT1,1770,3649,2313,2829,3108,1364,1696
ENSG00000130818.12,ZNF426,586,573,471,570,838,588,567
ENSG00000130821.17,SLC6A8,2438,1851,1863,1589,3054,1635,2005
ENSG00000130822.16,PNCK,45,62,51,15,42,34,14
ENSG00000130826.19,DKC1,1534,1179,1546,1831,1408,1195,1203
ENSG00000130827.6,PLXNA3,6202,2694,4668,4924,3267,4886,4297
ENSG00000130829.18,DUSP9,34,804,6,33,259,32,14
ENSG00000130830.15,MPP1,429,569,493,486,274,261,402
ENSG00000130844.19,ZNF331,254,389,366,360,427,141,166
ENSG00000130856.18,ZNF236,480,534,377,399,599,385,369
ENSG00000130876.11,SLC7A10,31,15,12,2,25,39,29
ENSG00000130881.14,LRP3,590,1190,565,599,1992,610,761
ENSG00000130921.9,MTRFR,333,256,293,346,387,207,224
ENSG00000130935.10,NOL11,1155,1192,1108,1336,1438,899,907
ENSG00000130939.20,UBE4B,2801,2422,1572,2871,2906,2526,2734
ENSG00000130940.15,CASZ1,155,37,251,228,73,136,112
ENSG00000130956.14,HABP4,2047,988,1491,1400,1127,1199,1364
ENSG00000130958.13,SLC35D2,440,189,457,326,194,329,332
ENSG00000130962.18,PRRG1,1049,998,1587,932,739,1186,978
ENSG00000130985.17,UBA1,12583,12835,15416,12148,13607,14716,14498
ENSG00000130988.13,RGN,52,1,14,31,3,12,2
ENSG00000131013.4,PPIL4,1017,897,684,917,1556,1101,893
ENSG00000131015.5,ULBP2,17,23,129,80,41,74,45
ENSG00000131016.17,AKAP12,12890,14930,18114,22510,11687,11079,19323
ENSG00000131018.25,SYNE1,2076,2081,1709,2617,1972,4075,2116
ENSG00000131019.11,ULBP3,227,220,541,290,315,434,312
ENSG00000131023.13,LATS1,1058,1002,659,922,1333,1107,917
ENSG00000131037.15,EPS8L1,72,58,342,126,60,106,220
ENSG00000131043.13,AAR2,1298,1031,1050,1010,1371,997,996
ENSG00000131051.24,RBM39,4538,4736,4476,4308,5151,2787,2877
ENSG00000131061.15,ZNF341,114,104,122,98,112,84,110
ENSG00000131067.17,GGT7,816,906,1184,806,885,482,411
ENSG00000131069.20,ACSS2,1075,1266,1243,1664,1301,585,597
ENSG00000131080.15,EDA2R,1017,412,1013,650,620,1089,668
ENSG00000131089.17,ARHGEF9,1539,1386,1184,1532,1722,1303,1475
ENSG00000131094.4,C1QL1,6,37,3,1,437,3,6
ENSG00000131100.13,ATP6V1E1,4699,1570,3263,3399,2193,2947,2869
ENSG00000131115.16,ZNF227,344,324,234,260,428,232,238
ENSG00000131116.12,ZNF428,1623,1134,1250,1081,2491,1558,1775
ENSG00000131127.14,ZNF141,208,240,160,213,330,193,151
ENSG00000131143.10,COX4I1,6129,3952,4815,4663,4843,4064,3969
ENSG00000131148.9,EMC8,893,531,933,839,974,858,980
ENSG00000131149.19,GSE1,614,822,493,259,799,612,346
ENSG00000131153.9,GINS2,137,581,249,298,411,88,116
ENSG00000131165.16,CHMP1A,3176,1760,2392,2333,2616,1801,2282
ENSG00000131171.13,SH3BGRL,4809,3385,2470,2990,6326,3601,3581
ENSG00000131174.7,COX7B,1988,1071,1371,1511,1498,1062,1216
ENSG00000131187.11,F12,8,14,45,12,13,22,32
ENSG00000131188.12,PRR7,97,78,102,87,306,180,205
ENSG00000131196.18,NFATC1,186,355,67,169,1213,82,125
ENSG00000131236.18,CAP1,19303,7306,17252,19651,9425,15610,15332
ENSG00000131238.18,PPT1,2127,2040,2245,2132,2273,1536,1383
ENSG00000131242.18,RAB11FIP4,100,156,59,41,742,143,68
ENSG00000131263.13,RLIM,2222,1871,1599,1902,2542,2617,2193
ENSG00000131269.19,ABCB7,582,457,359,521,579,401,328
ENSG00000131323.17,TRAF3,1553,1625,1393,1496,1625,1765,1495
ENSG00000131351.15,HAUS8,134,229,171,227,196,77,91
ENSG00000131370.16,SH3BP5,1546,1241,832,738,2514,1679,970
ENSG00000131373.15,HACL1,421,232,379,369,293,349,317
ENSG00000131374.15,TBC1D5,1058,1688,720,993,2409,988,824
ENSG00000131375.10,CAPN7,1461,1073,785,1205,1919,1236,1081
ENSG00000131378.14,RFTN1,2624,1952,2356,3401,2747,3437,2963
ENSG00000131381.12,RBSN,595,691,475,560,919,485,434
ENSG00000131389.18,SLC6A6,15917,7168,7699,27309,12217,8984,16853
ENSG00000131398.15,KCNC3,834,165,56,622,1125,268,945
ENSG00000131408.15,NR1H2,1093,623,868,767,947,879,926
ENSG00000131409.13,LRRC4B,844,794,647,704,2810,804,1457
ENSG00000131435.13,PDLIM4,1355,613,1114,1150,1698,1379,1222
ENSG00000131437.16,KIF3A,746,504,451,553,814,674,561
ENSG00000131446.17,MGAT1,7727,4237,6016,5319,5116,6625,4599
ENSG00000131459.13,GFPT2,976,1141,748,1314,1154,1006,569
ENSG00000131462.9,TUBG1,1806,1489,1989,1926,1452,1227,1251
ENSG00000131467.12,PSME3,3789,2341,3579,3816,3773,3568,3624
ENSG00000131470.15,PSMC3IP,175,280,316,441,247,102,136
ENSG00000131473.17,ACLY,18441,9039,17981,21408,11776,14577,14301
ENSG00000131475.7,VPS25,1558,935,1197,1154,1273,1002,1081
ENSG00000131477.11,RAMP2,121,244,186,117,371,212,196
ENSG00000131480.9,AOC2,37,28,42,47,55,42,47
ENSG00000131495.9,NDUFA2,1173,534,701,736,809,836,847
ENSG00000131503.21,ANKHD1,30,49,47,19,24,16,31
ENSG00000131504.18,DIAPH1,2811,2817,3122,3223,2262,2946,2609
ENSG00000131507.11,NDFIP1,4043,2554,3548,2587,4523,3568,2838
ENSG00000131508.17,UBE2D2,2903,1857,2175,2347,3638,2812,2817
ENSG00000131558.15,EXOC4,2286,1898,1387,1677,2288,1830,1451
ENSG00000131584.19,ACAP3,2964,1870,3505,2467,2584,1839,2111
ENSG00000131591.18,C1orf159,392,378,495,384,679,352,342
ENSG00000131626.19,PPFIA1,3868,2203,1718,2933,2739,2776,2526
ENSG00000131634.14,TMEM204,5,266,16,47,353,6,17
ENSG00000131650.15,KREMEN2,136,30,188,156,93,57,103
ENSG00000131652.14,THOC6,423,639,380,398,650,160,237
ENSG00000131653.14,TRAF7,3988,2879,3076,3389,3823,2849,3104
ENSG00000131668.14,BARX1,9,1,2,12,8,38,32
ENSG00000131669.10,NINJ1,1109,497,966,707,847,938,750
ENSG00000131697.18,NPHP4,322,601,241,355,684,253,300
ENSG00000131711.15,MAP1B,19689,10899,19359,15986,13801,27776,19039
ENSG00000131724.11,IL13RA1,3323,6419,2718,2821,5997,3232,2632
ENSG00000131725.14,WDR44,882,406,541,690,560,786,822
ENSG00000131732.12,ZCCHC9,508,457,415,478,568,371,281
ENSG00000131747.15,TOP2A,1175,11164,2768,4215,7062,694,1182
ENSG00000131748.16,STARD3,2074,1768,1953,1300,2228,1428,1404
ENSG00000131759.18,RARA,991,1188,667,734,3828,974,1136
ENSG00000131773.15,KHDRBS3,237,486,253,227,546,314,390
ENSG00000131778.20,CHD1L,54,57,35,52,63,46,44
ENSG00000131779.11,PEX11B,619,594,554,534,677,474,399
ENSG00000131781.13,FMO5,60,13,22,26,34,37,21
ENSG00000131788.16,PIAS3,2019,1562,1657,1699,2152,2132,1924
ENSG00000131791.8,PRKAB2,2158,944,1308,1774,1787,1961,1934
ENSG00000131828.14,PDHA1,1905,1482,1965,2243,1781,1556,1456
ENSG00000131831.18,RAI2,41,5,27,19,62,110,37
ENSG00000131844.17,MCCC2,1475,1078,1431,1459,1432,1493,1257
ENSG00000131845.15,ZNF304,426,448,299,439,611,362,358
ENSG00000131848.10,ZSCAN5A,83,71,48,64,137,68,75
ENSG00000131849.14,ZNF132,49,150,73,108,178,102,95
ENSG00000131871.15,SELENOS,1872,844,2261,1864,1032,1510,1253
ENSG00000131873.7,CHSY1,1565,2478,1461,1800,2944,1442,1351
ENSG00000131876.18,SNRPA1,747,612,874,923,711,522,463
ENSG00000131899.12,LLGL1,2942,3868,2082,2949,4623,2412,2699
ENSG00000131914.11,LIN28A,242,40,1257,388,21,277,632
ENSG00000131931.8,THAP1,218,169,189,167,256,203,184
ENSG00000131941.8,RHPN2,755,52,785,486,280,701,744
ENSG00000131943.20,C19orf12,1447,886,941,1025,1583,1322,1156
ENSG00000131944.11,FAAP24,118,67,89,96,119,47,81
ENSG00000131966.14,ACTR10,2366,1650,1923,2205,2251,2016,1860
ENSG00000131979.20,GCH1,173,15,57,72,39,91,76
ENSG00000131981.16,LGALS3,715,535,302,391,305,430,459
ENSG00000132000.14,PODNL1,477,321,17,50,1641,383,332
ENSG00000132002.9,DNAJB1,2622,1805,2242,2128,3026,2075,1898
ENSG00000132003.10,ZSWIM4,1792,595,687,790,2324,1007,854
ENSG00000132004.13,FBXW9,394,250,312,317,412,264,295
ENSG00000132005.9,RFX1,438,578,359,434,984,528,599
ENSG00000132016.12,BRME1,29,103,22,31,151,11,17
ENSG00000132017.11,DCAF15,805,1123,949,1038,1620,752,996
ENSG00000132024.18,CC2D1A,914,904,915,704,1296,685,589
ENSG00000132031.13,MATN3,1260,587,609,804,3003,591,658
ENSG00000132109.10,TRIM21,496,333,502,599,433,364,294
ENSG00000132122.12,SPATA6,144,312,94,133,284,129,149
ENSG00000132128.18,LRRC41,4034,3431,3205,3387,4079,3238,3216
ENSG00000132141.14,CCT6B,46,37,14,20,64,21,28
ENSG00000132153.15,DHX30,3012,2893,2683,2585,3866,2095,2273
ENSG00000132155.14,RAF1,3183,2707,2519,3126,3795,2278,2354
ENSG00000132170.24,PPARG,64,14,136,27,31,91,102
ENSG00000132182.13,NUP210,198,116,423,194,257,87,101
ENSG00000132196.16,HSD17B7,301,191,455,359,287,151,276
ENSG00000132199.20,ENOSF1,445,434,785,536,381,540,302
ENSG00000132205.11,EMILIN2,2988,1706,3032,5703,805,2840,3434
ENSG00000132254.13,ARFIP2,2750,1247,1835,2044,1840,1931,1851
ENSG00000132256.20,TRIM5,1307,1330,1460,1318,1955,1416,1459
ENSG00000132274.17,TRIM22,2217,817,2621,1759,2007,1445,1014
ENSG00000132275.11,RRP8,289,273,366,422,371,285,296
ENSG00000132286.12,TIMM10B,1094,614,782,969,1004,869,932
ENSG00000132294.15,EFR3A,3304,1774,1516,2363,2360,3015,2494
ENSG00000132300.19,PTCD3,1535,1596,1735,1646,1592,1072,1099
ENSG00000132305.22,IMMT,2961,2078,2693,2794,2542,2442,2093
ENSG00000132321.17,IQCA1,161,78,137,96,143,197,71
ENSG00000132323.9,ILKAP,632,608,670,629,615,454,383
ENSG00000132326.13,PER2,50,87,58,67,99,66,46
ENSG00000132329.11,RAMP1,517,177,188,186,797,250,363
ENSG00000132330.18,SCLY,82,56,105,91,79,50,71
ENSG00000132334.17,PTPRE,501,147,279,352,232,549,438
ENSG00000132341.12,RAN,8099,6052,8639,9353,6640,5575,4916
ENSG00000132356.12,PRKAA1,1728,1437,1244,1510,1498,1566,1446
ENSG00000132357.14,CARD6,30,33,49,12,41,82,30
ENSG00000132359.17,RAP1GAP2,802,28,433,1302,111,706,568
ENSG00000132361.18,CLUH,1441,1087,1724,1758,1645,1495,1346
ENSG00000132376.20,INPP5K,819,430,692,686,823,636,639
ENSG00000132382.15,MYBBP1A,1727,1170,2199,2079,1737,2171,2074
ENSG00000132383.12,RPA1,2233,2564,1978,2458,2938,1470,1568
ENSG00000132386.11,SERPINF1,580,1788,414,246,2751,235,324
ENSG00000132388.13,UBE2G1,1997,1506,1754,1721,2332,2095,1926
ENSG00000132394.11,EEFSEC,322,416,255,286,421,325,234
ENSG00000132405.19,TBC1D14,2174,1916,1223,1670,3144,1522,1577
ENSG00000132406.12,TMEM128,509,341,411,357,427,254,251
ENSG00000132423.12,COQ3,157,114,134,159,136,91,65
ENSG00000132424.17,PNISR,2533,3178,2276,2481,3633,1423,1625
ENSG00000132432.14,SEC61G,2135,789,1402,1790,1143,1479,1105
ENSG00000132434.10,LANCL2,2072,461,824,919,1027,1685,1274
ENSG00000132436.13,FIGNL1,138,181,295,238,349,188,173
ENSG00000132463.15,GRSF1,3754,2335,3191,3512,3181,3476,3071
ENSG00000132466.20,ANKRD17,5021,4668,3294,5057,5539,4994,4845
ENSG00000132467.4,UTP3,1213,815,1207,1076,975,1027,894
ENSG00000132470.14,ITGB4,120,29,87,45,38,107,11
ENSG00000132471.12,WBP2,4813,1287,3726,3067,2149,3627,3731
ENSG00000132475.10,H3-3B,7478,8381,8080,7540,10330,5857,6458
ENSG00000132478.10,UNK,898,950,728,749,1566,703,749
ENSG00000132481.7,TRIM47,204,75,347,151,32,121,187
ENSG00000132485.14,ZRANB2,2741,2709,2067,2410,3477,1999,1864
ENSG00000132507.18,EIF5A,10800,5174,12261,13029,6667,10017,11257
ENSG00000132510.11,KDM6B,2339,1757,1670,1501,5314,3373,3594
ENSG00000132522.16,GPS2,89,66,129,100,148,76,100
ENSG00000132530.17,XAF1,8,1,1,78,50,7,1
ENSG00000132535.22,DLG4,1005,1268,993,882,2130,944,1174
ENSG00000132541.11,RIDA,269,142,229,181,223,207,156
ENSG00000132549.20,VPS13B,1561,1894,1164,1573,1910,2074,1601
ENSG00000132554.21,RGS22,31,16,33,33,40,59,21
ENSG00000132561.14,MATN2,2148,1593,2775,1974,646,1863,1343
ENSG00000132563.17,REEP2,1863,705,1398,1005,1307,1088,707
ENSG00000132570.15,PCBD2,370,193,308,345,243,321,261
ENSG00000132581.10,SDF2,1844,1067,1954,1420,1494,1401,1149
ENSG00000132589.16,FLOT2,2469,1989,2023,2170,1973,2094,1933
ENSG00000132591.12,ERAL1,1399,1148,1282,1473,1410,964,1013
ENSG00000132600.18,PRMT7,860,900,853,652,1120,588,665
ENSG00000132603.15,NIP7,799,502,902,862,705,736,692
ENSG00000132604.11,TERF2,758,665,611,737,986,694,650
ENSG00000132612.16,VPS4A,1320,1086,1240,1186,1572,1161,1192
ENSG00000132613.16,MTSS2,2607,2672,1026,2635,4381,1511,1762
ENSG00000132622.11,HSPA12B,4,106,1,3,133,2,10
ENSG00000132623.16,ANKEF1,99,62,47,73,81,128,39
ENSG00000132635.17,PCED1A,1276,1399,1219,901,1666,748,870
ENSG00000132639.15,SNAP25,93,68,85,60,65,94,153
ENSG00000132640.15,BTBD3,1035,1773,760,943,1930,806,943
ENSG00000132646.11,PCNA,2161,2525,1809,2164,2492,1503,1125
ENSG00000132661.4,NXT1,362,327,326,366,439,290,319
ENSG00000132664.13,POLR3F,462,294,361,403,468,411,347
ENSG00000132669.14,RIN2,401,1184,234,463,1713,475,686
ENSG00000132670.21,PTPRA,3237,3011,2897,2556,3567,2456,2123
ENSG00000132676.16,DAP3,2078,1408,2202,1987,2002,1692,1632
ENSG00000132680.11,KHDC4,1288,1006,1112,1276,1598,968,906
ENSG00000132688.11,NES,20630,16483,33190,42488,23026,16930,26667
ENSG00000132692.19,BCAN,11,28,28,24,305,10,35
ENSG00000132694.19,ARHGEF11,1812,2711,1284,1753,3108,1417,1466
ENSG00000132716.19,DCAF8,1408,1338,1181,1085,1800,1100,1060
ENSG00000132718.9,SYT11,2197,551,2395,1395,1310,1475,1644
ENSG00000132740.10,IGHMBP2,499,406,508,488,631,408,393
ENSG00000132749.11,TESMIN,15,41,30,13,34,11,7
ENSG00000132763.15,MMACHC,182,254,172,182,303,153,138
ENSG00000132768.14,DPH2,1005,485,904,890,793,817,745
ENSG00000132773.12,TOE1,173,307,228,250,224,155,120
ENSG00000132780.17,NASP,2326,5791,2427,3377,5332,1310,1238
ENSG00000132781.21,MUTYH,14,25,35,26,26,20,20
ENSG00000132792.20,CTNNBL1,926,877,933,952,1309,702,740
ENSG00000132793.12,LPIN3,394,204,515,457,263,328,352
ENSG00000132801.7,ZSWIM3,194,146,119,161,217,109,100
ENSG00000132819.17,RBM38,2652,1571,1872,1737,2144,1568,1433
ENSG00000132821.12,VSTM2L,383,371,88,62,1155,461,537
ENSG00000132823.11,OSER1,1056,616,719,880,866,550,683
ENSG00000132824.14,SERINC3,4969,2497,4768,3429,2935,4387,3275
ENSG00000132825.7,PPP1R3D,247,161,169,205,213,245,185
ENSG00000132842.15,AP3B1,2603,2189,1850,2398,2569,2743,2427
ENSG00000132846.6,ZBED3,800,1052,564,783,1437,550,639
ENSG00000132849.22,PATJ,675,213,378,777,321,635,290
ENSG00000132854.19,KANK4,263,164,63,401,2154,256,623
ENSG00000132872.12,SYT4,3,28,0,3,55,1,1
ENSG00000132879.14,FBXO44,527,568,625,367,924,510,441
ENSG00000132881.12,CPLANE2,105,90,52,62,114,72,47
ENSG00000132906.18,CASP9,504,198,352,423,251,350,332
ENSG00000132912.13,DCTN4,2268,2077,1901,2054,2531,1871,1990
ENSG00000132932.19,ATP8A2,587,61,915,169,183,912,257
ENSG00000132938.22,MTUS2,64,166,10,31,93,39,33
ENSG00000132950.19,ZMYM5,641,421,376,480,473,476,427
ENSG00000132952.12,USPL1,1293,806,815,1051,1028,848,885
ENSG00000132953.18,XPO4,1054,1085,770,1094,1299,1049,944
ENSG00000132963.9,POMP,2938,1047,2069,2756,1741,2032,1868
ENSG00000132964.13,CDK8,853,580,662,651,984,703,646
ENSG00000132965.10,ALOX5AP,224,46,76,91,29,59,88
ENSG00000132970.14,WASF3,930,816,612,886,1005,673,1103
ENSG00000133019.12,CHRM3,74,15,16,2,58,30,9
ENSG00000133026.14,MYH10,13146,22115,10896,18216,18689,13195,15383
ENSG00000133027.18,PEMT,352,285,276,275,415,280,294
ENSG00000133028.12,SCO1,1201,763,1342,1014,1061,1038,1013
ENSG00000133030.22,MPRIP,4868,6189,5251,6149,9571,5466,6022
ENSG00000133048.13,CHI3L1,48,4,40,1,28,13,14
ENSG00000133056.14,PIK3C2B,860,844,403,741,2854,726,876
ENSG00000133059.18,DSTYK,1351,1204,939,1136,1438,1389,1209
ENSG00000133065.11,SLC41A1,928,1300,831,924,1665,812,901
ENSG00000133067.18,LGR6,8,41,6,31,700,12,25
ENSG00000133069.17,TMCC2,423,160,307,332,388,307,327
ENSG00000133083.15,DCLK1,74,612,266,584,248,568,173
ENSG00000133103.17,COG6,2305,1116,1014,1576,1886,2312,1766
ENSG00000133104.14,SPART,1823,2164,1509,1646,2552,1623,1634
ENSG00000133106.15,EPSTI1,239,256,55,451,602,213,60
ENSG00000133107.15,TRPC4,1900,979,1440,2141,945,832,1134
ENSG00000133110.15,POSTN,21619,5050,1525,1838,2749,6157,2128
ENSG00000133111.4,RFXAP,130,206,114,140,284,110,115
ENSG00000133112.17,TPT1,53432,41043,29897,32434,38885,33078,28910
ENSG00000133114.18,GPALPP1,760,661,500,650,893,635,547
ENSG00000133119.13,RFC3,276,592,338,507,482,216,302
ENSG00000133121.21,STARD13,639,309,701,777,372,1011,688
ENSG00000133124.12,IRS4,11,17,12,13,93,18,35
ENSG00000133131.15,MORC4,1063,632,492,894,866,1359,680
ENSG00000133134.12,BEX2,455,288,159,93,469,144,160
ENSG00000133135.14,RNF128,764,0,724,37,26,2652,160
ENSG00000133138.20,TBC1D8B,661,228,226,339,342,936,252
ENSG00000133142.19,TCEAL4,2777,2033,1741,1863,3070,1826,1641
ENSG00000133169.6,BEX1,221,157,219,356,992,235,318
ENSG00000133193.13,FAM104A,953,691,803,832,1116,863,796
ENSG00000133195.12,SLC39A11,516,332,364,283,476,408,332
ENSG00000133216.17,EPHB2,1700,2430,4917,2331,3230,3124,2933
ENSG00000133226.19,SRRM1,2008,2778,1906,2427,3094,1966,2085
ENSG00000133243.10,BTBD2,1955,2542,1397,1444,3095,1701,2117
ENSG00000133247.14,KMT5C,514,313,339,307,704,270,293
ENSG00000133250.14,ZNF414,273,246,238,215,397,290,370
ENSG00000133256.13,PDE6B,166,79,61,97,91,57,62
ENSG00000133265.11,HSPBP1,851,592,821,741,968,657,800
ENSG00000133275.16,CSNK1G2,2808,2520,2356,2572,5624,2580,3017
ENSG00000133302.13,SLF1,237,542,181,221,463,176,139
ENSG00000133313.15,CNDP2,3523,1515,4162,3994,1771,2929,2644
ENSG00000133315.12,MACROD1,39,111,44,28,107,25,36
ENSG00000133316.16,WDR74,509,367,787,631,561,445,549
ENSG00000133318.14,RTN3,4818,1840,4163,3203,2907,2576,2257
ENSG00000133392.18,MYH11,869,23,36,248,379,94,149
ENSG00000133393.13,CEP20,715,450,632,735,757,598,576
ENSG00000133398.4,MED10,796,365,706,561,719,847,855
ENSG00000133401.16,PDZD2,35,294,236,244,450,152,333
ENSG00000133422.14,MORC2,2177,1814,1500,1982,2395,1619,1570
ENSG00000133424.22,LARGE1,3127,5737,2496,3315,3483,2728,4243
ENSG00000133433.11,GSTT2B,220,0,5,198,19,22,6
ENSG00000133460.20,SLC2A11,595,141,340,364,231,235,269
ENSG00000133466.14,C1QTNF6,897,3308,763,666,2195,872,951
ENSG00000133597.11,ADCK2,452,320,488,278,342,319,214
ENSG00000133606.11,MKRN1,2856,1902,1942,2110,2505,1877,1864
ENSG00000133612.20,AGAP3,3155,2294,2512,2603,3112,2338,2514
ENSG00000133619.18,KRBA1,468,501,374,625,793,421,390
ENSG00000133627.18,ACTR3B,206,133,191,205,264,151,135
ENSG00000133639.6,BTG1,992,1007,655,670,1841,1213,1961
ENSG00000133640.20,LRRIQ1,31,41,38,43,87,33,34
ENSG00000133641.18,C12orf29,612,483,404,514,496,483,408
ENSG00000133657.17,ATP13A3,2968,2050,2371,3308,2814,3139,2923
ENSG00000133661.17,SFTPD,33,15,11,14,37,22,15
ENSG00000133678.14,TMEM254,407,501,491,359,709,400,369
ENSG00000133687.16,TMTC1,208,526,155,108,1522,93,360
ENSG00000133703.14,KRAS,1567,1966,1157,1452,3541,1403,1633
ENSG00000133704.10,IPO8,1783,2119,1370,1702,1856,1580,1326
ENSG00000133706.20,LARS1,4006,3152,3586,4335,3930,3385,2775
ENSG00000133710.17,SPINK5,9,84,34,5,190,78,48
ENSG00000133731.10,IMPA1,835,379,652,709,628,684,586
ENSG00000133739.16,LRRCC1,142,286,108,139,511,86,67
ENSG00000133740.11,E2F5,685,614,649,703,841,459,539
ENSG00000133773.12,CCDC59,401,353,331,375,481,323,304
ENSG00000133789.15,SWAP70,1954,1330,1274,1785,1070,1431,1304
ENSG00000133794.20,BMAL1,619,130,428,483,445,652,580
ENSG00000133800.9,LYVE1,2,40,1,21,39,9,8
ENSG00000133805.16,AMPD3,316,138,330,175,66,362,227
ENSG00000133812.18,SBF2,1560,2134,859,1196,1820,1240,1166
ENSG00000133816.19,MICAL2,13435,594,9438,11688,3533,18299,9930
ENSG00000133818.14,RRAS2,2159,1169,2879,2451,860,2214,1822
ENSG00000133835.18,HSD17B4,2811,2225,2135,2670,3102,2064,1516
ENSG00000133858.17,ZFC3H1,2155,1614,1458,2032,1856,2074,1742
ENSG00000133863.9,TEX15,25,60,55,42,34,78,43
ENSG00000133872.14,SARAF,10232,4539,9403,6997,8953,9295,7194
ENSG00000133874.2,RNF122,191,320,279,220,425,242,383
ENSG00000133878.9,DUSP26,106,9,30,56,90,115,55
ENSG00000133884.11,DPF2,1618,1435,1414,1584,2104,1199,1476
ENSG00000133895.19,MEN1,1061,1204,1246,999,1687,895,858
ENSG00000133935.7,ERG28,1535,1311,1768,1712,1636,1069,1133
ENSG00000133937.5,GSC,2,15,7,52,89,0,8
ENSG00000133943.21,DGLUCY,667,584,336,331,390,268,259
ENSG00000133958.14,UNC79,61,25,33,30,84,105,80
ENSG00000133961.21,NUMB,1831,1275,1544,1650,1510,1829,1475
ENSG00000133983.16,COX16,77,38,67,72,60,78,62
ENSG00000133985.3,TTC9,1483,232,515,603,731,1160,625
ENSG00000133997.12,MED6,571,469,387,533,758,524,445
ENSG00000134001.15,EIF2S1,2422,1479,2064,2449,2184,2162,1784
ENSG00000134013.16,LOXL2,39256,14693,36632,32466,17180,37341,30214
ENSG00000134014.18,ELP3,906,737,789,741,823,699,665
ENSG00000134030.14,CTIF,2626,2909,1883,3044,3876,2098,2168
ENSG00000134046.12,MBD2,1004,682,976,804,1253,1392,1146
ENSG00000134049.6,IER3IP1,793,603,652,700,788,650,574
ENSG00000134057.15,CCNB1,1295,3542,2424,2906,2419,813,1052
ENSG00000134058.12,CDK7,1041,360,877,949,590,914,703
ENSG00000134070.5,IRAK2,103,25,401,99,37,116,91
ENSG00000134072.11,CAMK1,181,213,312,231,127,181,119
ENSG00000134077.16,THUMPD3,1070,853,832,805,1167,858,693
ENSG00000134086.9,VHL,1498,1857,1033,1341,2528,1083,1150
ENSG00000134107.5,BHLHE40,7295,1410,4357,4183,4205,5627,5453
ENSG00000134108.14,ARL8B,3198,1713,2145,2200,2418,2485,2238
ENSG00000134109.11,EDEM1,2540,981,2148,1775,1351,2406,1838
ENSG00000134115.13,CNTN6,4168,1620,1285,1915,2314,824,2012
ENSG00000134121.10,CHL1,4,99,0,5,413,8,8
ENSG00000134138.22,MEIS2,2553,1525,1441,1404,1639,1857,1318
ENSG00000134146.12,DPH6,145,62,103,99,83,99,86
ENSG00000134152.11,KATNBL1,754,729,809,780,980,685,613
ENSG00000134153.10,EMC7,2655,992,2555,1949,1350,2054,1517
ENSG00000134184.13,GSTM1,99,4,107,192,5,5,70
ENSG00000134186.12,PRPF38B,1500,1462,1593,1624,1689,1061,1053
ENSG00000134198.10,TSPAN2,1226,71,785,1038,520,467,995
ENSG00000134201.12,GSTM5,25,102,0,0,105,22,8
ENSG00000134202.12,GSTM3,1130,724,951,1189,993,1037,780
ENSG00000134207.17,SYT6,5,33,60,11,104,12,44
ENSG00000134215.16,VAV3,225,82,49,174,134,62,662
ENSG00000134222.16,PSRC1,211,845,604,579,565,138,228
ENSG00000134243.12,SORT1,14871,2787,14731,10953,6605,12489,10272
ENSG00000134245.18,WNT2B,6545,3699,14813,4078,2266,6806,3628
ENSG00000134247.10,PTGFRN,5657,15913,7298,6311,12593,7080,6511
ENSG00000134248.14,LAMTOR5,1743,895,1333,1301,1470,1211,1024
ENSG00000134250.21,NOTCH2,13895,15603,10295,10945,9998,12287,12996
ENSG00000134253.10,TRIM45,281,280,253,244,319,110,131
ENSG00000134255.16,CEPT1,599,507,754,564,561,507,399
ENSG00000134256.13,CD101,26,138,46,40,177,37,46
ENSG00000134259.6,NGF,97,123,174,256,151,52,247
ENSG00000134262.13,AP4B1,603,461,473,522,517,387,403
ENSG00000134265.13,NAPG,945,422,701,891,669,874,726
ENSG00000134278.16,SPIRE1,1692,1092,992,1108,1603,1849,1179
ENSG00000134283.18,PPHLN1,1338,1147,1306,1242,1370,1240,1189
ENSG00000134285.11,FKBP11,896,377,875,776,424,997,664
ENSG00000134287.10,ARF3,5411,2870,4747,4331,3914,5256,4956
ENSG00000134291.12,TMEM106C,1671,1863,1032,781,1998,855,707
ENSG00000134294.14,SLC38A2,13738,15451,10871,12685,13967,10580,17413
ENSG00000134308.14,YWHAQ,9672,7679,10110,9755,12055,9661,11755
ENSG00000134313.17,KIDINS220,4617,5056,3070,2391,5556,3864,3413
ENSG00000134318.16,ROCK2,2389,2897,1600,2524,2507,2592,2263
ENSG00000134323.13,MYCN,422,237,774,142,331,165,443
ENSG00000134324.12,LPIN1,866,1356,1218,1230,1410,611,818
ENSG00000134326.12,CMPK2,25,80,20,100,151,25,17
ENSG00000134330.19,IAH1,590,446,880,403,641,571,685
ENSG00000134333.15,LDHA,8151,7719,8758,10826,6267,9315,4869
ENSG00000134352.21,IL6ST,4251,5098,5597,3969,4186,5508,5733
ENSG00000134363.12,FST,1571,111,276,344,4796,1444,1536
ENSG00000134369.16,NAV1,4238,5513,3354,4241,6466,4838,4723
ENSG00000134371.14,CDC73,1768,1343,1178,1604,2012,1702,1460
ENSG00000134375.11,TIMM17A,3216,1201,2738,3234,1812,2355,2046
ENSG00000134440.12,NARS1,6161,2651,5874,7377,4149,5444,4422
ENSG00000134444.15,RELCH,1316,528,876,972,810,1135,870
ENSG00000134452.20,FBH1,3183,1935,2202,2589,2600,2114,2137
ENSG00000134453.16,RBM17,1540,1667,1689,1865,2258,1345,1381
ENSG00000134461.16,ANKRD16,179,142,144,142,219,117,109
ENSG00000134463.15,ECHDC3,29,173,0,20,246,56,0
ENSG00000134480.16,CCNH,631,344,452,509,490,504,448
ENSG00000134490.14,TMEM241,348,207,266,325,280,248,291
ENSG00000134504.14,KCTD1,790,501,652,633,844,870,902
ENSG00000134508.13,CABLES1,690,1212,380,345,1143,399,551
ENSG00000134516.20,DOCK2,151,140,191,565,185,117,124
ENSG00000134531.10,EMP1,47,1681,139,201,3393,171,211
ENSG00000134532.20,SOX5,643,534,117,212,2104,657,600
ENSG00000134548.11,SPX,114,1038,431,440,36,49,292
ENSG00000134569.10,LRP4,1686,1991,1039,2380,2196,1390,2792
ENSG00000134574.12,DDB2,1602,576,1158,1148,788,942,828
ENSG00000134575.13,ACP2,2973,1456,2533,1884,2328,2247,1604
ENSG00000134590.14,RTL8C,7438,2983,4352,4459,4699,5642,5590
ENSG00000134594.5,RAB33A,119,39,193,170,85,49,61
ENSG00000134595.9,SOX3,20,2,118,8,12,5,108
ENSG00000134597.17,RBMX2,478,398,435,432,535,384,341
ENSG00000134602.16,STK26,2629,1009,2009,1914,1677,2250,3897
ENSG00000134627.12,PIWIL4,15,30,15,12,40,17,11
ENSG00000134644.16,PUM1,3366,3854,2319,3158,4900,3426,3352
ENSG00000134668.13,SPOCD1,281,56,1226,592,78,541,897
ENSG00000134684.13,YARS1,2919,1252,3039,3870,2061,2415,2219
ENSG00000134686.21,PHC2,4587,3101,3877,3900,6062,4310,5170
ENSG00000134690.11,CDCA8,416,1304,956,1289,928,217,338
ENSG00000134697.13,GNL2,2025,1209,1811,1971,1784,1460,1595
ENSG00000134698.11,AGO4,908,1194,617,846,1013,636,708
ENSG00000134709.13,HOOK1,303,27,282,77,51,240,68
ENSG00000134716.11,CYP2J2,13,15,53,15,17,31,10
ENSG00000134717.18,BTF3L4,2351,1427,1567,1639,2199,1544,1494
ENSG00000134744.14,TUT4,1571,2112,1050,1381,2450,1278,1247
ENSG00000134748.13,PRPF38A,899,1252,900,965,1538,597,800
ENSG00000134755.18,DSC2,1471,594,1650,1977,582,1140,2784
ENSG00000134758.14,RNF138,353,494,335,492,494,244,225
ENSG00000134759.14,ELP2,2691,1850,1895,1986,1988,2237,1571
ENSG00000134762.17,DSC3,1613,156,3271,1273,186,380,891
ENSG00000134769.23,DTNA,1330,1277,1244,814,1207,1113,1127
ENSG00000134775.16,FHOD3,1506,333,851,1272,1491,1273,824
ENSG00000134779.15,TPGS2,5596,2744,3501,4728,4185,4959,4265
ENSG00000134780.10,DAGLA,859,590,1010,652,856,919,805
ENSG00000134802.18,SLC43A3,151,169,262,199,183,120,131
ENSG00000134809.9,TIMM10,383,224,345,291,334,273,274
ENSG00000134815.19,DHX34,623,512,752,630,859,453,617
ENSG00000134817.12,APLNR,4,2,1,8,529,11,105
ENSG00000134824.14,FADS2,17430,22402,23016,25011,23910,11788,18064
ENSG00000134825.16,TMEM258,1214,1007,827,816,1016,685,664
ENSG00000134851.13,TMEM165,3968,2107,4853,3885,3164,4116,3864
ENSG00000134852.15,CLOCK,1024,804,733,936,993,899,831
ENSG00000134853.12,PDGFRA,599,10979,515,1637,3417,1047,1497
ENSG00000134864.11,GGACT,109,68,75,94,133,114,114
ENSG00000134871.19,COL4A2,243417,102835,219753,194544,157197,313160,196449
ENSG00000134874.18,DZIP1,4208,3534,2220,3262,6919,3705,3097
ENSG00000134882.16,UBAC2,2478,1788,2066,1462,2121,1692,1461
ENSG00000134884.15,ARGLU1,2796,3222,3392,2796,4039,1760,2046
ENSG00000134897.14,BIVM,927,725,842,656,713,569,411
ENSG00000134899.24,ERCC5,132,74,133,111,122,117,110
ENSG00000134900.13,TPP2,1188,1502,1258,1431,1605,1087,1110
ENSG00000134901.14,POGLUT2,2247,1544,2129,1738,1708,1679,949
ENSG00000134905.17,CARS2,1335,907,1436,754,964,917,838
ENSG00000134909.19,ARHGAP32,963,999,407,559,1354,1644,946
ENSG00000134910.14,STT3A,9027,6859,7418,7727,6276,7123,5584
ENSG00000134954.14,ETS1,2507,6779,3538,5062,2995,2558,3847
ENSG00000134955.12,SLC37A2,47,42,29,14,8,28,6
ENSG00000134970.14,TMED7,3264,1983,3585,3017,2466,3362,2509
ENSG00000134982.18,APC,1748,1339,1071,1526,1920,2038,1826
ENSG00000134986.14,NREP,4580,9739,1782,3906,18565,3827,5801
ENSG00000134987.13,WDR36,806,900,861,893,1015,995,864
ENSG00000134996.12,OSTF1,885,377,569,699,488,669,655
ENSG00000135002.12,RFK,758,331,796,645,843,846,655
ENSG00000135018.14,UBQLN1,4750,3284,3662,4258,4487,4300,3676
ENSG00000135040.16,NAA35,1199,854,924,1075,1159,1088,1021
ENSG00000135045.7,C9orf40,320,250,281,275,328,273,222
ENSG00000135046.14,ANXA1,11658,6319,12115,10603,5276,8411,10279
ENSG00000135047.16,CTSL,2601,2164,2691,1784,2131,2180,1508
ENSG00000135048.14,CEMIP2,12784,3790,12086,13148,9912,17198,10964
ENSG00000135049.16,AGTPBP1,1218,902,690,1151,1096,1031,794
ENSG00000135052.16,GOLM1,5640,6480,6841,5004,6686,6464,4279
ENSG00000135063.20,ENTREP1,236,8,104,109,33,99,42
ENSG00000135069.14,PSAT1,3566,1022,2928,4239,2574,3153,2800
ENSG00000135070.15,ISCA1,1027,582,686,809,1154,1099,890
ENSG00000135074.16,ADAM19,27884,8564,18526,24957,17243,36244,26510
ENSG00000135077.10,HAVCR2,477,5,105,201,191,406,239
ENSG00000135083.17,CCNJL,792,429,984,638,1077,799,806
ENSG00000135090.14,TAOK3,674,478,419,435,751,592,432
ENSG00000135093.13,USP30,515,962,309,383,892,458,448
ENSG00000135097.7,MSI1,430,414,418,539,1270,341,1024
ENSG00000135108.16,FBXO21,1609,1289,1070,1244,2072,1465,1258
ENSG00000135111.16,TBX3,6,0,5,3,33,24,28
ENSG00000135119.15,RNFT2,148,73,208,76,178,126,100
ENSG00000135124.16,P2RX4,568,229,652,318,318,439,381
ENSG00000135127.12,BICDL1,515,19,628,370,341,540,414
ENSG00000135144.8,DTX1,37,90,21,18,325,81,158
ENSG00000135148.12,TRAFD1,1543,1265,1222,1382,1728,1050,972
ENSG00000135164.19,DMTF1,1881,1627,1624,1831,1983,1255,1344
ENSG00000135185.12,TMEM243,514,193,331,407,330,461,367
ENSG00000135205.15,CCDC146,43,70,40,32,115,31,34
ENSG00000135211.6,TMEM60,417,303,302,273,288,231,170
ENSG00000135218.19,CD36,501,54,44,51,129,234,178
ENSG00000135241.17,PNPLA8,1075,840,714,927,1169,988,848
ENSG00000135245.10,HILPDA,268,290,215,221,330,138,156
ENSG00000135249.8,RINT1,993,525,677,930,733,957,656
ENSG00000135250.17,SRPK2,1584,1475,1251,1539,2029,1689,1310
ENSG00000135253.16,KCP,430,724,298,398,1014,210,261
ENSG00000135269.18,TES,12329,4116,14058,12970,4251,10783,7621
ENSG00000135272.13,MDFIC,941,1253,587,676,1437,1059,803
ENSG00000135297.17,MTO1,469,334,455,482,445,401,339
ENSG00000135298.15,ADGRB3,46,96,61,130,45,31,45
ENSG00000135299.18,ANKRD6,552,416,243,554,2201,797,995
ENSG00000135312.7,HTR1B,20,103,24,34,295,6,6
ENSG00000135314.14,KHDC1,72,100,61,68,94,36,34
ENSG00000135315.12,CEP162,253,515,187,205,680,168,221
ENSG00000135316.20,SYNCRIP,1888,1853,2209,2019,2437,1867,1782
ENSG00000135317.14,SNX14,368,319,381,354,382,337,283
ENSG00000135318.12,NT5E,3489,2283,5414,2956,2727,4623,1972
ENSG00000135324.6,MRAP2,4,59,35,10,33,17,10
ENSG00000135333.15,EPHA7,254,4915,117,1222,2624,152,192
ENSG00000135334.9,AKIRIN2,1073,865,898,855,1967,979,1232
ENSG00000135336.16,ORC3,971,789,749,887,910,908,811
ENSG00000135338.14,LCA5,304,159,126,256,404,235,306
ENSG00000135341.19,MAP3K7,2122,1889,1619,1842,2769,2022,1864
ENSG00000135362.14,PRR5L,2277,481,1601,1284,670,2186,1824
ENSG00000135365.17,PHF21A,1710,1714,1029,1301,2865,1540,1662
ENSG00000135372.10,NAT10,914,1087,1019,1114,1240,679,688
ENSG00000135387.21,CAPRIN1,11919,9061,8935,11183,12673,10117,10547
ENSG00000135390.21,ATP5MC2,5156,3823,3334,3679,3634,2515,2365
ENSG00000135392.19,DNAJC14,1147,985,892,847,1165,692,628
ENSG00000135404.12,CD63,18920,11622,21243,11790,8950,13628,11488
ENSG00000135406.15,PRPH,2,69,2,3,64,10,2
ENSG00000135407.11,AVIL,31,77,38,33,50,28,20
ENSG00000135414.10,GDF11,2207,1757,1491,1481,2849,1680,1777
ENSG00000135424.19,ITGA7,2273,330,2363,888,1204,1421,1572
ENSG00000135439.12,AGAP2,14,65,6,6,214,9,8
ENSG00000135441.8,BLOC1S1,195,172,158,112,212,138,211
ENSG00000135446.17,CDK4,5397,4779,3955,4492,5137,3253,3774
ENSG00000135447.17,PPP1R1A,36,16,7,19,68,34,26
ENSG00000135451.13,TROAP,147,952,365,493,625,50,100
ENSG00000135452.10,TSPAN31,687,565,514,443,591,387,289
ENSG00000135454.14,B4GALNT1,72,94,94,95,232,81,131
ENSG00000135457.11,TFCP2,953,1113,841,985,1792,814,742
ENSG00000135469.14,COQ10A,328,201,239,286,228,170,194
ENSG00000135472.9,FAIM2,6,57,7,2,59,13,7
ENSG00000135473.16,PAN2,431,935,431,414,801,264,315
ENSG00000135476.12,ESPL1,102,1126,370,471,642,90,134
ENSG00000135480.17,KRT7,6575,278,9068,6980,611,8687,3408
ENSG00000135482.7,ZC3H10,293,295,171,260,448,172,207
ENSG00000135486.19,HNRNPA1,14568,27253,14502,18144,22649,9120,9348
ENSG00000135502.19,SLC26A10P,30,45,52,40,78,15,53
ENSG00000135503.13,ACVR1B,809,845,711,606,868,701,756
ENSG00000135506.17,OS9,11675,8033,8556,7907,10269,9731,7156
ENSG00000135521.9,LTV1,451,320,435,487,487,430,310
ENSG00000135525.19,MAP7,32,10,23,11,57,64,38
ENSG00000135535.17,CD164,12941,7942,11146,8724,9475,10517,8767
ENSG00000135537.17,AFG1L,195,151,117,140,179,158,116
ENSG00000135540.12,NHSL1,1271,1288,1202,1172,1376,1481,1523
ENSG00000135541.22,AHI1,600,593,380,399,580,435,352
ENSG00000135547.9,HEY2,7,22,2,11,96,13,80
ENSG00000135549.16,PKIB,1207,409,325,1549,641,559,327
ENSG00000135587.9,SMPD2,243,151,272,183,208,161,160
ENSG00000135596.18,MICAL1,9105,1957,7651,5808,2332,3577,4215
ENSG00000135597.19,REPS1,750,846,586,709,1076,666,632
ENSG00000135604.11,STX11,51,18,6,53,43,21,13
ENSG00000135617.4,PRADC1,469,307,363,437,472,478,402
ENSG00000135622.13,SEMA4F,910,863,1155,484,858,716,573
ENSG00000135624.17,CCT7,6717,4688,6902,7784,5911,5301,5572
ENSG00000135631.17,RAB11FIP5,2528,1156,2143,1850,1467,3090,2157
ENSG00000135632.12,SMYD5,597,549,496,534,583,429,525
ENSG00000135636.16,DYSF,18581,1465,16734,14034,2618,16391,8348
ENSG00000135637.14,CCDC142,349,353,380,384,417,286,270
ENSG00000135643.5,KCNMB4,634,432,277,293,1130,555,526
ENSG00000135655.16,USP15,1551,778,1148,1230,1259,1366,1110
ENSG00000135677.11,GNS,12893,8159,8964,7047,9070,7599,6780
ENSG00000135678.12,CPM,76,6,224,30,9,105,95
ENSG00000135679.27,MDM2,4342,1582,5345,3480,3432,6296,4181
ENSG00000135686.13,KLHL36,2052,1160,1691,1708,1632,1794,1146
ENSG00000135698.10,MPHOSPH6,524,335,383,453,544,399,261
ENSG00000135709.14,KIAA0513,633,345,245,388,774,468,435
ENSG00000135720.13,DYNC1LI2,8457,5345,6196,7615,7045,6899,5477
ENSG00000135722.9,FBXL8,81,33,54,42,50,51,50
ENSG00000135723.14,FHOD1,1097,1772,1787,1269,1740,1332,1738
ENSG00000135736.6,CCDC102A,333,523,346,228,509,515,336
ENSG00000135740.17,SLC9A5,47,237,179,115,160,51,73
ENSG00000135744.9,AGT,242,219,128,102,92,80,126
ENSG00000135749.20,PCNX2,962,488,718,577,868,874,743
ENSG00000135750.15,KCNK1,27,38,37,14,116,59,28
ENSG00000135763.10,URB2,391,420,366,499,512,418,333
ENSG00000135766.9,EGLN1,198,120,150,179,353,338,345
ENSG00000135775.14,COG2,957,691,672,734,1005,794,659
ENSG00000135776.5,ABCB10,702,534,709,771,550,536,473
ENSG00000135778.12,NTPCR,759,648,678,784,1010,753,643
ENSG00000135801.11,TAF5L,933,815,768,937,1283,929,930
ENSG00000135821.19,GLUL,3340,3925,3639,3094,5132,2404,3316
ENSG00000135823.14,STX6,894,884,802,800,1371,836,736
ENSG00000135824.13,RGS8,1,5,4,7,41,3,62
ENSG00000135828.11,RNASEL,115,258,161,194,339,257,186
ENSG00000135829.17,DHX9,5313,6957,5866,6544,7387,4816,4995
ENSG00000135835.12,KIAA1614,95,481,95,95,385,84,56
ENSG00000135837.17,CEP350,1239,1916,883,1233,2250,1566,1177
ENSG00000135838.14,NPL,66,52,48,33,157,59,28
ENSG00000135842.17,NIBAN1,110,122,274,237,221,276,249
ENSG00000135845.10,PIGC,798,733,646,543,902,474,608
ENSG00000135862.6,LAMC1,20598,27875,22917,36008,27612,24924,23603
ENSG00000135870.12,RC3H1,794,662,804,774,1081,841,725
ENSG00000135899.20,SP110,312,170,574,825,245,215,396
ENSG00000135903.20,PAX3,49,1025,132,550,2040,28,182
ENSG00000135905.21,DOCK10,756,2048,399,629,3164,437,1183
ENSG00000135912.11,TTLL4,980,1352,1132,1478,1340,923,967
ENSG00000135913.11,USP37,431,648,306,441,701,207,359
ENSG00000135914.6,HTR2B,541,146,40,51,4,111,17
ENSG00000135916.16,ITM2C,26580,32733,19667,18190,33426,20553,24875
ENSG00000135919.14,SERPINE2,1079,1446,1114,2611,4107,2823,2112
ENSG00000135924.17,DNAJB2,2094,1505,1592,1639,2322,1657,1397
ENSG00000135925.9,WNT10A,125,3,167,43,79,100,16
ENSG00000135926.15,TMBIM1,1950,1275,2075,1262,1458,2117,627
ENSG00000135929.9,CYP27A1,255,427,367,358,428,457,157
ENSG00000135930.15,EIF4E2,3679,2122,2337,2932,2915,3060,2526
ENSG00000135931.19,ARMC9,6379,3106,1945,2923,3504,4671,2672
ENSG00000135932.12,CAB39,2738,1247,1908,2016,2136,2051,2550
ENSG00000135940.7,COX5B,2687,1418,1673,1589,2028,1866,1868
ENSG00000135945.10,REV1,987,961,669,814,1132,691,531
ENSG00000135951.16,TSGA10,130,25,53,35,62,66,56
ENSG00000135953.11,MFSD9,814,398,612,598,609,712,446
ENSG00000135956.9,TMEM127,2946,2055,2570,1954,2718,2535,2364
ENSG00000135966.14,TGFBRAP1,2231,1135,1032,1579,2201,1662,1292
ENSG00000135968.22,GCC2,1617,988,1012,1326,1569,1979,1330
ENSG00000135974.10,C2orf49,720,632,405,601,1019,623,569
ENSG00000135976.21,ANKRD36,137,179,100,163,89,118,76
ENSG00000135999.12,EPC2,796,900,479,663,1311,801,814
ENSG00000136002.21,ARHGEF4,19,37,14,23,109,18,11
ENSG00000136003.16,ISCU,2483,1457,1330,1565,2600,2259,1856
ENSG00000136010.14,ALDH1L2,1950,615,544,2088,1524,2783,1790
ENSG00000136014.12,USP44,293,5,305,117,15,82,80
ENSG00000136021.19,SCYL2,3563,2329,2084,2677,3419,3111,2915
ENSG00000136026.14,CKAP4,19353,15898,17622,16026,18606,23803,17627
ENSG00000136040.9,PLXNC1,232,1086,104,374,3588,161,184
ENSG00000136044.12,APPL2,1121,1799,1493,919,1606,856,924
ENSG00000136045.12,PWP1,2208,1239,1854,2377,1781,1902,1561
ENSG00000136048.14,DRAM1,672,301,1779,494,286,740,649
ENSG00000136051.15,WASHC4,1892,1626,1315,2000,2356,1813,1584
ENSG00000136052.10,SLC41A2,990,201,904,431,242,965,419
ENSG00000136059.16,VILL,260,133,166,165,244,124,90
ENSG00000136068.16,FLNB,20973,19031,33147,27662,4029,25265,20842
ENSG00000136098.18,NEK3,472,510,283,342,400,292,194
ENSG00000136100.14,VPS36,1389,1286,1188,1237,1294,1220,1020
ENSG00000136104.21,RNASEH2B,494,576,357,407,696,331,400
ENSG00000136108.15,CKAP2,2238,3052,2047,2866,3466,1736,2234
ENSG00000136111.14,TBC1D4,1132,850,490,601,844,975,653
ENSG00000136114.17,THSD1,109,47,338,75,80,170,53
ENSG00000136122.18,BORA,181,334,219,284,330,158,115
ENSG00000136141.15,LRCH1,851,643,522,803,769,1036,606
ENSG00000136143.16,SUCLA2,1467,968,1033,1355,1324,1189,931
ENSG00000136144.12,RCBTB1,1067,1407,700,976,1707,770,757
ENSG00000136146.15,MED4,1068,874,771,804,1334,868,832
ENSG00000136147.18,PHF11,299,224,264,424,326,238,144
ENSG00000136152.15,COG3,1225,965,881,968,1124,1076,928
ENSG00000136153.20,LMO7,2544,2344,1493,2369,6958,2743,983
ENSG00000136156.15,ITM2B,16544,5934,11660,7026,11942,11621,9704
ENSG00000136158.12,SPRY2,1756,222,1073,692,789,1770,1019
ENSG00000136159.4,NUDT15,584,351,568,637,392,435,471
ENSG00000136160.17,EDNRB,54,317,14,13,79,115,62
ENSG00000136161.13,RCBTB2,657,1371,307,395,1958,388,374
ENSG00000136167.15,LCP1,49,20,44,221,80,76,99
ENSG00000136169.17,SETDB2,434,335,241,329,403,427,250
ENSG00000136193.17,SCRN1,7583,6085,4983,7624,7088,5912,6320
ENSG00000136205.18,TNS3,9992,9896,6074,6898,12768,6324,10316
ENSG00000136213.10,CHST12,1113,751,901,802,1049,1052,833
ENSG00000136231.14,IGF2BP3,3755,3511,4622,4571,2878,3477,4785
ENSG00000136235.17,GPNMB,179,1212,19,136,4070,150,171
ENSG00000136238.20,RAC1,8571,5793,7525,7001,7522,6858,6440
ENSG00000136240.10,KDELR2,14276,8050,12076,11453,8268,12108,9089
ENSG00000136243.18,NUP42,739,414,591,578,594,487,454
ENSG00000136247.15,ZDHHC4,796,279,593,592,473,502,514
ENSG00000136261.16,BZW2,2301,1540,1858,2099,1416,1423,1361
ENSG00000136267.14,DGKB,2,454,6,3,79,1,13
ENSG00000136270.14,TBRG4,1351,988,1641,1407,1151,975,1208
ENSG00000136271.11,DDX56,1911,1304,2390,1925,1510,1277,1423
ENSG00000136273.13,HUS1,507,327,424,437,466,438,449
ENSG00000136274.9,NACAD,799,516,491,684,691,546,379
ENSG00000136279.21,DBNL,3652,2369,2549,2864,3233,2435,2097
ENSG00000136280.17,CCM2,1810,1083,1626,1633,1527,1629,1344
ENSG00000136295.16,TTYH3,36185,21346,22959,19749,33771,30737,23440
ENSG00000136319.12,TTC5,683,521,403,645,761,531,483
ENSG00000136367.15,ZFHX2,1055,676,1282,1014,1071,1008,1026
ENSG00000136371.11,MTHFS,60,25,38,36,48,80,52
ENSG00000136378.15,ADAMTS7,2766,5061,3317,2445,6646,2882,3508
ENSG00000136379.12,ABHD17C,127,373,148,154,253,214,128
ENSG00000136381.13,IREB2,2886,2842,1767,2672,3604,2507,2316
ENSG00000136383.7,ALPK3,2018,243,1443,1967,1083,4088,2810
ENSG00000136404.16,TM6SF1,5,9,29,33,1,8,5
ENSG00000136425.14,CIB2,292,498,204,218,492,236,208
ENSG00000136436.15,CALCOCO2,912,916,740,766,1043,690,600
ENSG00000136444.10,RSAD1,889,735,804,932,1140,581,643
ENSG00000136448.13,NMT1,4875,3069,3809,4011,3509,3564,3189
ENSG00000136449.16,MYCBPAP,6,26,6,10,37,2,7
ENSG00000136450.13,SRSF1,1770,1954,1930,2150,2362,1392,1541
ENSG00000136451.9,VEZF1,1476,1142,1231,1211,1929,1615,1462
ENSG00000136463.9,TACO1,92,71,69,49,197,102,106
ENSG00000136478.9,TEX2,6733,1272,1394,2611,2465,3405,3126
ENSG00000136485.16,DCAF7,3059,4163,2676,2929,4536,2979,2658
ENSG00000136490.9,LIMD2,2615,1707,2720,1953,2748,1992,2708
ENSG00000136492.10,BRIP1,280,853,434,541,614,164,248
ENSG00000136504.15,KAT7,1290,1068,877,1066,1406,854,1034
ENSG00000136518.17,ACTL6A,1286,1282,1149,1359,1489,938,895
ENSG00000136521.13,NDUFB5,775,383,572,482,658,570,549
ENSG00000136527.19,TRA2B,2864,3511,3032,3365,3778,2071,2158
ENSG00000136531.19,SCN2A,323,99,203,56,81,231,103
ENSG00000136536.15,MARCHF7,2969,2814,2094,2572,3635,2494,2084
ENSG00000136542.9,GALNT5,489,1011,91,226,664,792,365
ENSG00000136546.17,SCN7A,61,30,12,36,30,62,174
ENSG00000136560.14,TANK,990,630,823,894,1090,849,752
ENSG00000136603.15,SKIL,4130,2365,1264,1935,5448,4058,2375
ENSG00000136628.18,EPRS1,6466,3540,4304,6737,4920,5474,4276
ENSG00000136631.16,VPS45,1244,1040,1039,1121,1560,876,875
ENSG00000136636.13,KCTD3,1088,1541,931,1127,1714,902,867
ENSG00000136682.16,ZNG1B,470,252,264,368,441,352,315
ENSG00000136699.20,SMPD4,2782,2611,2248,3073,3125,2454,2439
ENSG00000136709.12,WDR33,1583,1584,1536,1462,2124,1441,1348
ENSG00000136710.10,CCDC115,661,510,499,451,711,472,423
ENSG00000136715.19,SAP130,1336,1294,1042,1478,1580,1041,1177
ENSG00000136717.15,BIN1,1457,1375,1481,1272,1548,1041,1260
ENSG00000136718.10,IMP4,1097,671,1319,1072,943,1128,956
ENSG00000136720.7,HS6ST1,767,1642,623,791,3217,629,889
ENSG00000136731.13,UGGT1,4600,3628,4708,5166,4307,5386,3786
ENSG00000136732.16,GYPC,1913,1412,1347,1317,1384,1575,1827
ENSG00000136738.15,STAM,1757,990,1316,1572,1383,1848,1650
ENSG00000136754.18,ABI1,1924,1214,1315,1652,1657,1498,1651
ENSG00000136758.20,YME1L1,7930,5189,5501,7082,7026,7336,6117
ENSG00000136770.11,DNAJC1,2925,1515,1552,1438,2923,2326,1376
ENSG00000136783.10,NIPSNAP3A,1254,664,852,833,706,864,733
ENSG00000136802.12,LRRC8A,6307,2229,6150,4772,3411,4995,5315
ENSG00000136807.14,CDK9,1605,1344,1619,1300,1813,1380,1419
ENSG00000136810.13,TXN,2866,1319,2386,2731,1670,2123,2103
ENSG00000136811.17,ODF2,1474,2375,1561,1981,2124,1159,1018
ENSG00000136813.15,ECPAS,4210,3379,3123,4187,4579,3961,2875
ENSG00000136816.16,TOR1B,1887,813,1977,1147,1126,1664,1116
ENSG00000136819.15,C9orf78,1732,1064,1235,1412,1794,1456,1203
ENSG00000136824.19,SMC2,832,2234,751,1159,2159,770,758
ENSG00000136826.15,KLF4,35,18,9,30,594,51,35
ENSG00000136827.12,TOR1A,2479,1411,2620,1789,2022,2192,1514
ENSG00000136828.19,RALGPS1,179,119,80,90,309,132,61
ENSG00000136830.12,NIBAN2,20985,8177,13843,11124,6491,15481,11989
ENSG00000136840.19,ST6GALNAC4,384,461,340,314,457,368,308
ENSG00000136848.19,DAB2IP,3630,3507,2287,3191,4870,3257,3687
ENSG00000136854.25,STXBP1,1748,848,1266,1317,992,1456,1128
ENSG00000136856.18,SLC2A8,727,331,655,483,1493,687,433
ENSG00000136859.10,ANGPTL2,506,1111,302,264,2468,601,533
ENSG00000136861.19,CDK5RAP2,1866,2324,1318,1944,2147,1175,1277
ENSG00000136866.14,ZFP37,78,176,45,69,231,92,79
ENSG00000136867.11,SLC31A2,231,68,268,114,94,178,114
ENSG00000136868.11,SLC31A1,2149,1162,1853,1878,1669,2113,1694
ENSG00000136869.16,TLR4,1845,564,2053,1861,508,2825,2199
ENSG00000136870.11,ZNF189,640,623,469,663,830,459,420
ENSG00000136874.11,STX17,785,781,503,599,951,801,521
ENSG00000136875.13,PRPF4,1192,981,1093,1186,1256,953,956
ENSG00000136877.15,FPGS,1158,855,1398,1160,1304,1208,1253
ENSG00000136878.14,USP20,1263,913,1025,946,1347,885,848
ENSG00000136881.12,BAAT,1625,6,417,643,230,1331,404
ENSG00000136883.16,KIF12,344,19,212,371,91,144,96
ENSG00000136888.8,ATP6V1G1,4662,1954,3373,3481,3851,4153,4312
ENSG00000136891.14,TEX10,883,835,824,1051,1089,790,861
ENSG00000136895.19,GARNL3,85,132,116,71,184,96,60
ENSG00000136908.18,DPM2,1102,658,1096,861,830,759,910
ENSG00000136925.15,TSTD2,929,944,741,825,1180,695,725
ENSG00000136928.7,GABBR2,10,9,27,11,20,23,107
ENSG00000136930.13,PSMB7,3112,2001,2749,2885,2845,2337,2348
ENSG00000136932.15,TRMO,239,131,173,166,183,181,161
ENSG00000136933.17,RABEPK,943,492,738,860,541,704,603
ENSG00000136935.14,GOLGA1,679,559,562,498,842,483,463
ENSG00000136936.11,XPA,281,208,189,224,312,228,131
ENSG00000136937.13,NCBP1,2118,1894,1877,2202,2406,1969,1862
ENSG00000136938.9,ANP32B,2146,2953,2246,2738,3212,1709,1606
ENSG00000136940.14,PDCL,912,1052,623,881,1126,709,675
ENSG00000136943.12,CTSV,322,112,180,284,142,111,270
ENSG00000136944.19,LMX1B,7,2261,10,173,8001,37,37
ENSG00000136950.13,ARPC5L,1296,752,1267,1292,1143,1111,1069
ENSG00000136960.13,ENPP2,312,310,133,330,637,219,443
ENSG00000136982.6,DSCC1,94,231,113,126,191,40,46
ENSG00000136986.10,DERL1,2732,1676,2910,2592,2188,2696,2182
ENSG00000136997.22,MYC,1424,556,1693,1872,779,1550,1602
ENSG00000136999.5,CCN3,221,9,24,21,120,26,82
ENSG00000137038.8,DMAC1,1179,752,780,689,929,606,834
ENSG00000137040.10,RANBP6,1336,1064,1228,1277,1496,1268,1238
ENSG00000137054.16,POLR1E,501,435,529,487,473,277,306
ENSG00000137055.15,PLAA,1744,1158,1372,1623,1640,1477,1430
ENSG00000137070.19,IL11RA,97,270,109,101,228,39,71
ENSG00000137073.24,UBAP2,2533,1577,2266,3107,1978,2465,2429
ENSG00000137074.20,APTX,844,537,864,665,753,578,500
ENSG00000137075.18,RNF38,1611,1096,1016,1444,1546,1308,1738
ENSG00000137076.22,TLN1,21181,18373,22294,24016,12773,22913,22977
ENSG00000137094.16,DNAJB5,2312,397,2622,1407,1457,2201,2285
ENSG00000137100.16,DCTN3,1260,1058,887,1077,1251,1069,941
ENSG00000137103.20,TMEM8B,443,970,234,265,1411,298,323
ENSG00000137106.18,GRHPR,2371,2113,2169,2118,2110,1714,1389
ENSG00000137124.8,ALDH1B1,6504,1081,2018,4659,1810,2822,2324
ENSG00000137133.11,HINT2,69,52,69,57,99,54,54
ENSG00000137135.18,ARHGEF39,49,207,88,124,173,28,35
ENSG00000137142.5,IGFBPL1,1365,391,375,978,395,517,398
ENSG00000137145.21,DENND4C,1019,916,653,818,1056,944,725
ENSG00000137161.18,CNPY3,1423,1330,1397,1021,1336,920,816
ENSG00000137166.18,FOXP4,2805,3407,1827,1709,5519,3371,3270
ENSG00000137168.8,PPIL1,1570,925,1393,1289,1549,1244,1301
ENSG00000137171.15,KLC4,1431,874,825,1018,1351,756,833
ENSG00000137177.20,KIF13A,2154,1197,1341,1541,2267,1890,1789
ENSG00000137185.13,ZSCAN9,467,339,400,423,413,235,247
ENSG00000137193.14,PIM1,197,126,245,292,620,252,471
ENSG00000137198.10,GMPR,121,228,25,85,552,39,83
ENSG00000137200.13,CMTR1,1640,1692,1370,1609,2005,1056,960
ENSG00000137203.15,TFAP2A,14,582,11,121,1132,14,23
ENSG00000137207.12,YIPF3,6149,3219,4869,3762,4169,4644,4171
ENSG00000137210.14,TMEM14B,674,378,598,452,552,420,364
ENSG00000137216.19,TMEM63B,2993,1183,2723,1885,2126,2466,2149
ENSG00000137218.10,FRS3,117,127,91,120,200,85,115
ENSG00000137221.14,TJAP1,633,730,602,510,1085,524,622
ENSG00000137266.15,SLC22A23,1448,912,342,1389,1754,545,827
ENSG00000137267.7,TUBB2A,4085,1659,4723,4037,2772,4284,6175
ENSG00000137269.15,LRRC1,409,275,227,241,355,284,300
ENSG00000137273.6,FOXF2,6,17,33,187,391,150,652
ENSG00000137274.13,BPHL,758,582,524,628,653,436,367
ENSG00000137275.16,RIPK1,1572,1335,1232,1279,1561,1520,1297
ENSG00000137285.11,TUBB2B,5682,2091,6530,5692,5333,2611,4951
ENSG00000137288.10,UQCC2,996,729,726,688,879,479,554
ENSG00000137309.21,HMGA1,4199,3015,8722,5884,4802,5321,6874
ENSG00000137310.13,TCF19,220,1019,351,520,670,110,142
ENSG00000137312.15,FLOT1,3732,2598,1956,1732,3047,1922,2132
ENSG00000137331.12,IER3,3998,2471,4111,6233,3394,3755,2337
ENSG00000137337.16,MDC1,1043,2336,962,1606,2056,1121,1134
ENSG00000137338.6,PGBD1,413,317,331,378,490,302,356
ENSG00000137343.18,ATAT1,842,691,618,706,935,442,533
ENSG00000137364.5,TPMT,614,298,447,507,538,543,365
ENSG00000137393.10,RNF144B,37,34,108,38,146,18,46
ENSG00000137404.15,NRM,330,876,446,400,473,202,261
ENSG00000137409.21,MTCH1,9088,6913,8606,7297,7142,6814,7498
ENSG00000137413.17,TAF8,521,492,383,438,664,414,329
ENSG00000137414.7,FAM8A1,1520,1268,1241,1234,1696,1534,1153
ENSG00000137449.17,CPEB2,744,475,403,627,892,1207,1121
ENSG00000137460.10,FHDC1,116,385,32,81,234,137,72
ENSG00000137462.9,TLR2,21,102,77,13,18,29,16
ENSG00000137463.5,MGARP,37,23,27,27,50,14,82
ENSG00000137478.15,FCHSD2,783,856,709,923,1344,758,867
ENSG00000137486.17,ARRB1,1697,990,741,1261,792,975,1029
ENSG00000137491.15,SLCO2B1,4078,469,641,2227,1762,3078,1408
ENSG00000137492.9,THAP12,837,1109,587,810,1582,744,680
ENSG00000137494.14,ANKRD42,533,237,363,417,465,515,445
ENSG00000137496.19,IL18BP,335,195,528,504,307,361,372
ENSG00000137497.19,NUMA1,6653,11257,5023,5829,12879,4560,7237
ENSG00000137500.10,CCDC90B,2180,1087,1448,1616,1687,1818,1428
ENSG00000137501.18,SYTL2,344,1022,328,511,768,394,562
ENSG00000137502.10,RAB30,1154,683,548,869,1538,1468,1081
ENSG00000137504.15,CREBZF,1323,1965,1215,1565,2329,1050,1093
ENSG00000137507.11,LRRC32,961,1576,1257,1995,1719,1277,3338
ENSG00000137509.12,PRCP,2675,2782,2241,1845,3835,2445,1859
ENSG00000137513.11,NARS2,403,421,356,367,487,248,309
ENSG00000137522.18,RNF121,2030,777,1709,1273,1198,1679,1074
ENSG00000137558.9,PI15,6,121,9,17,2,1,409
ENSG00000137563.13,GGH,1322,1274,967,1135,1795,852,686
ENSG00000137571.11,SLCO5A1,39,10,47,53,38,90,94
ENSG00000137573.14,SULF1,2505,15816,965,1498,12387,1265,3210
ENSG00000137574.11,TGS1,658,638,487,714,977,664,614
ENSG00000137575.12,SDCBP,6903,5587,4441,4937,6050,4896,4771
ENSG00000137601.18,NEK1,885,810,463,697,1064,859,633
ENSG00000137628.18,DDX60,123,424,100,392,535,94,52
ENSG00000137642.13,SORL1,413,497,176,138,328,374,149
ENSG00000137656.12,BUD13,344,565,398,481,639,278,308
ENSG00000137673.9,MMP7,23,0,523,42,1,82,49
ENSG00000137692.12,DCUN1D5,1320,587,1027,1219,1165,1263,1100
ENSG00000137693.14,YAP1,6020,6987,3914,4758,7644,5711,5199
ENSG00000137700.19,SLC37A4,858,761,643,720,692,294,206
ENSG00000137710.17,RDX,6330,5385,2775,4911,5726,4204,3516
ENSG00000137713.16,PPP2R1B,1812,1534,1596,1716,1559,1718,1372
ENSG00000137714.3,FDX1,470,219,311,295,331,407,474
ENSG00000137720.8,CFAP68,218,178,139,140,165,146,115
ENSG00000137726.17,FXYD6,774,2636,434,819,3665,597,758
ENSG00000137727.13,ARHGAP20,9,54,0,3,102,8,11
ENSG00000137760.15,ALKBH8,344,239,279,301,359,381,310
ENSG00000137764.20,MAP2K5,481,428,321,312,584,365,318
ENSG00000137766.18,UNC13C,29,1,11,30,8,65,10
ENSG00000137767.14,SQOR,57,7,87,47,15,38,15
ENSG00000137770.14,CTDSPL2,785,1507,595,1015,2112,730,849
ENSG00000137776.17,SLTM,2346,2021,2019,2597,2892,2147,1909
ENSG00000137801.11,THBS1,12175,57775,23691,28401,24593,23737,18124
ENSG00000137802.14,MAPKBP1,1470,1367,1291,1775,1660,1094,1312
ENSG00000137806.10,NDUFAF1,498,293,392,451,367,348,287
ENSG00000137807.16,KIF23,529,1839,1211,1338,1243,346,430
ENSG00000137809.17,ITGA11,75669,10065,19790,43432,53045,57018,71129
ENSG00000137812.21,KNL1,193,1577,394,682,1022,164,241
ENSG00000137814.12,HAUS2,791,733,705,830,777,617,666
ENSG00000137815.15,RTF1,2987,2981,2045,2492,4182,2413,2219
ENSG00000137817.17,PARP6,1243,1292,1296,1067,1562,596,737
ENSG00000137819.14,PAQR5,18,32,28,37,34,12,8
ENSG00000137821.12,LRRC49,109,137,120,98,187,121,69
ENSG00000137822.13,TUBGCP4,450,587,540,482,711,337,417
ENSG00000137824.16,RMDN3,1348,862,1200,1069,925,907,726
ENSG00000137825.11,ITPKA,11,4,27,4,13,34,6
ENSG00000137831.15,UACA,10030,3725,5720,8538,3149,11619,12187
ENSG00000137834.15,SMAD6,372,593,150,219,940,423,316
ENSG00000137841.12,PLCB2,40,423,48,102,235,74,31
ENSG00000137842.7,TMEM62,418,66,451,234,117,323,149
ENSG00000137843.12,PAK6,48,6,25,12,8,31,5
ENSG00000137845.15,ADAM10,7357,6273,5371,6305,5589,7926,5763
ENSG00000137868.19,STRA6,23,470,6,26,286,49,12
ENSG00000137871.21,ZNF280D,278,228,308,185,410,131,187
ENSG00000137872.17,SEMA6D,33,436,21,24,805,93,97
ENSG00000137876.11,RSL24D1,1826,1126,1261,1563,1736,1444,1237
ENSG00000137877.10,SPTBN5,1314,179,1667,2558,89,250,354
ENSG00000137880.6,GCHFR,210,92,82,55,131,70,62
ENSG00000137936.18,BCAR3,420,554,495,467,656,570,658
ENSG00000137941.17,TTLL7,1864,627,1135,883,558,1384,666
ENSG00000137942.18,FNBP1L,3234,3279,2101,2694,6107,2955,3062
ENSG00000137944.18,KYAT3,675,545,751,328,628,549,703
ENSG00000137947.12,GTF2B,824,507,552,675,853,514,501
ENSG00000137955.16,RABGGTB,1822,953,1857,2058,1131,1179,1031
ENSG00000137959.17,IFI44L,36,2066,53,329,5111,97,4
ENSG00000137962.13,ARHGAP29,1453,4430,2300,3509,2147,1560,1129
ENSG00000137965.11,IFI44,13,314,34,85,1266,15,3
ENSG00000137968.17,SLC44A5,327,187,169,97,287,243,253
ENSG00000137992.15,DBT,956,729,587,660,783,833,598
ENSG00000137996.13,RTCA,1913,736,1456,1723,1214,1682,1413
ENSG00000138002.16,IFT172,778,1018,706,727,996,483,406
ENSG00000138018.19,SELENOI,1793,1117,1935,1813,1339,1674,1376
ENSG00000138028.17,CGREF1,34,21,44,12,52,94,31
ENSG00000138029.14,HADHB,3480,2184,2625,2663,2433,2379,1989
ENSG00000138030.14,KHK,35,68,62,43,68,14,18
ENSG00000138031.15,ADCY3,407,1460,781,501,2426,497,514
ENSG00000138032.21,PPM1B,513,384,637,538,567,568,411
ENSG00000138035.15,PNPT1,806,653,696,1142,738,596,426
ENSG00000138036.18,DYNC2LI1,626,374,475,347,581,458,410
ENSG00000138050.15,THUMPD2,281,209,222,198,279,234,196
ENSG00000138061.12,CYP1B1,1265,1550,851,1065,910,490,577
ENSG00000138069.18,RAB1A,8434,3795,5929,6427,5547,6930,5921
ENSG00000138071.15,ACTR2,14686,9545,13056,14832,13357,14493,12212
ENSG00000138073.14,PREB,2178,1318,1565,1914,2134,1704,1644
ENSG00000138074.15,SLC5A6,1700,1257,2525,2129,1542,1268,1401
ENSG00000138078.16,PREPL,3480,2137,1990,2344,3705,3031,2216
ENSG00000138080.14,EMILIN1,530,19355,257,2262,17216,1266,1325
ENSG00000138081.22,FBXO11,2226,2319,1721,2025,3462,2183,2092
ENSG00000138083.5,SIX3,963,1,551,158,22,577,629
ENSG00000138085.18,ATRAID,1727,1792,1662,1042,2217,1429,1162
ENSG00000138092.11,CENPO,962,1235,958,1384,1168,707,808
ENSG00000138095.20,LRPPRC,4518,3528,3111,3713,3560,3240,2772
ENSG00000138101.20,DTNB,235,294,83,116,343,133,65
ENSG00000138107.13,ACTR1A,8530,5296,6320,7062,7553,7144,6255
ENSG00000138111.14,MFSD13A,56,90,44,43,75,24,16
ENSG00000138115.15,CYP2C8,38,19,24,29,40,37,16
ENSG00000138119.17,MYOF,18578,9410,16856,21429,7252,19272,17455
ENSG00000138131.4,LOXL4,2064,229,1080,973,673,1200,388
ENSG00000138134.12,STAMBPL1,68,59,127,89,24,157,35
ENSG00000138138.14,ATAD1,2486,1536,2453,2221,2165,2476,2144
ENSG00000138160.7,KIF11,496,2443,707,1105,1927,317,411
ENSG00000138162.19,TACC2,438,1409,584,628,842,398,613
ENSG00000138166.6,DUSP5,153,194,351,227,104,175,248
ENSG00000138172.11,CALHM2,174,149,33,96,274,96,57
ENSG00000138175.9,ARL3,1771,1033,1212,1420,1434,1435,1252
ENSG00000138180.16,CEP55,265,797,691,989,724,182,225
ENSG00000138182.15,KIF20B,302,1262,491,728,930,252,312
ENSG00000138185.20,ENTPD1,403,80,68,657,569,191,418
ENSG00000138190.17,EXOC6,369,151,286,268,341,216,157
ENSG00000138193.17,PLCE1,270,1908,209,325,837,202,326
ENSG00000138231.14,DBR1,493,454,380,435,676,369,376
ENSG00000138246.17,DNAJC13,2842,2620,1774,2544,2708,2626,2270
ENSG00000138279.16,ANXA7,2004,1188,1686,1839,1356,1438,1297
ENSG00000138286.15,FAM149B1,581,509,362,396,581,346,328
ENSG00000138303.19,ASCC1,697,523,520,595,741,531,527
ENSG00000138311.18,ZNF365,183,9,92,172,438,280,115
ENSG00000138316.11,ADAMTS14,102,39,366,125,250,206,160
ENSG00000138336.9,TET1,179,384,68,283,486,115,250
ENSG00000138346.16,DNA2,188,526,288,343,500,127,155
ENSG00000138356.14,AOX1,11,8,67,29,4,14,31
ENSG00000138363.15,ATIC,2430,1478,2637,2547,1737,1880,1644
ENSG00000138375.14,SMARCAL1,1124,841,785,909,995,811,726
ENSG00000138376.11,BARD1,282,587,260,546,910,137,221
ENSG00000138378.19,STAT4,24,18,18,40,47,47,178
ENSG00000138380.18,CARF,213,266,88,132,334,151,98
ENSG00000138381.10,ASNSD1,544,563,467,547,776,515,405
ENSG00000138382.15,METTL5,582,409,488,553,622,418,424
ENSG00000138385.16,SSB,3274,2376,2742,3506,3717,3018,2689
ENSG00000138386.17,NAB1,2302,1665,1142,1476,3258,1549,1516
ENSG00000138395.17,CDK15,27,42,40,62,194,60,124
ENSG00000138398.17,PPIG,1860,1871,1410,1726,2330,1467,1281
ENSG00000138399.18,FASTKD1,665,582,576,711,792,437,414
ENSG00000138400.13,MDH1B,40,23,30,25,37,16,20
ENSG00000138411.13,HECW2,392,379,239,465,343,522,573
ENSG00000138413.14,IDH1,3985,2661,3911,5090,3797,3480,3847
ENSG00000138430.16,OLA1,2388,1524,1861,2134,2361,1907,1353
ENSG00000138433.16,CIR1,1027,833,673,731,1125,772,665
ENSG00000138434.17,ITPRID2,15049,2268,4913,10424,3085,13682,9254
ENSG00000138435.16,CHRNA1,184,185,22,46,463,56,20
ENSG00000138439.12,FAM117B,399,493,221,369,1038,423,370
ENSG00000138442.11,WDR12,1204,599,1056,1042,734,813,799
ENSG00000138443.17,ABI2,2569,3285,1824,2385,4863,2303,2380
ENSG00000138448.13,ITGAV,74629,15807,47010,61618,32422,68356,83579
ENSG00000138449.11,SLC40A1,293,283,347,217,426,370,188
ENSG00000138459.9,SLC35A5,1105,957,895,888,1169,759,681
ENSG00000138463.9,SLC49A4,678,255,555,425,441,534,440
ENSG00000138468.16,SENP7,617,839,345,500,888,404,391
ENSG00000138495.7,COX17,442,150,308,327,234,288,268
ENSG00000138496.17,PARP9,242,554,316,1055,740,236,87
ENSG00000138587.6,MNS1,74,30,34,79,86,58,23
ENSG00000138592.14,USP8,1542,1250,890,1232,1697,1332,1277
ENSG00000138593.9,SECISBP2L,2545,1633,1300,2048,2625,2725,2098
ENSG00000138594.14,TMOD3,2027,2319,2121,2307,3206,2445,2107
ENSG00000138600.11,SPPL2A,1489,1544,1627,1431,1515,1482,1093
ENSG00000138604.10,GLCE,648,1340,636,607,1392,642,553
ENSG00000138606.20,SHF,232,649,107,198,1287,188,271
ENSG00000138613.14,APH1B,760,456,905,504,389,710,388
ENSG00000138614.16,INTS14,1023,946,778,894,1184,780,636
ENSG00000138615.6,CILP,6,46,4,15,174,2,7
ENSG00000138617.16,PARP16,221,292,141,159,449,186,143
ENSG00000138621.12,PPCDC,141,77,163,131,144,110,135
ENSG00000138622.4,HCN4,268,78,331,283,191,532,349
ENSG00000138623.10,SEMA7A,642,358,1706,720,1292,993,630
ENSG00000138629.16,UBL7,1134,884,803,841,1382,650,693
ENSG00000138639.18,ARHGAP24,87,475,67,71,300,115,153
ENSG00000138640.15,FAM13A,477,495,290,365,600,331,336
ENSG00000138642.16,HERC6,26,21,76,322,189,50,9
ENSG00000138646.9,HERC5,41,24,30,103,79,68,38
ENSG00000138650.9,PCDH10,17908,845,3410,4588,3327,11858,8892
ENSG00000138653.10,NDST4,296,1516,23,65,91,130,50
ENSG00000138658.16,ZGRF1,118,455,144,238,297,93,94
ENSG00000138660.12,AP1AR,479,433,408,453,1032,484,445
ENSG00000138663.9,COPS4,1178,937,890,992,1214,928,926
ENSG00000138668.20,HNRNPD,3717,5835,3964,5302,6442,2780,2985
ENSG00000138674.17,SEC31A,15275,9807,7691,12144,11742,13314,11856
ENSG00000138675.17,FGF5,11,8,183,48,11,87,16
ENSG00000138685.18,FGF2,2324,443,2333,2067,329,2773,1063
ENSG00000138686.10,BBS7,795,558,545,551,643,549,505
ENSG00000138688.17,BLTP1,2888,2889,1772,2147,2525,3377,2283
ENSG00000138696.11,BMPR1B,172,78,153,113,137,163,246
ENSG00000138698.15,RAP1GDS1,1859,850,1716,1830,1183,1728,1390
ENSG00000138709.20,LARP1B,903,548,558,746,629,726,498
ENSG00000138722.10,MMRN1,61,186,1,84,2302,30,28
ENSG00000138735.16,PDE5A,76,551,100,95,292,80,191
ENSG00000138738.11,PRDM5,197,175,176,217,183,173,119
ENSG00000138744.16,NAAA,259,108,576,423,162,343,232
ENSG00000138750.16,NUP54,752,990,634,828,880,503,478
ENSG00000138756.19,BMP2K,675,676,593,624,692,866,954
ENSG00000138757.15,G3BP2,9024,5468,6226,6767,7223,8291,7337
ENSG00000138758.12,SEPTIN11,20978,24567,15318,28205,25785,21657,20666
ENSG00000138759.20,FRAS1,726,7164,704,812,4053,1358,2856
ENSG00000138760.11,SCARB2,10851,9615,9315,8160,11834,9116,7874
ENSG00000138764.15,CCNG2,1313,2266,1170,1190,3570,1278,1234
ENSG00000138767.14,CNOT6L,891,658,440,613,944,674,550
ENSG00000138768.15,USO1,5514,3262,3778,4249,4038,4862,4184
ENSG00000138769.11,CDKL2,147,75,78,88,83,109,68
ENSG00000138771.16,SHROOM3,7508,2375,3743,6213,5127,6706,6796
ENSG00000138772.13,ANXA3,688,171,1157,1040,112,627,631
ENSG00000138777.20,PPA2,803,645,731,761,846,674,625
ENSG00000138778.14,CENPE,813,1961,806,1363,1812,564,534
ENSG00000138780.15,GSTCD,405,399,360,445,612,355,423
ENSG00000138785.16,INTS12,521,413,386,546,652,391,419
ENSG00000138792.10,ENPEP,320,162,129,399,136,335,110
ENSG00000138794.10,CASP6,691,513,598,561,735,540,462
ENSG00000138795.10,LEF1,479,610,211,443,1789,478,761
ENSG00000138796.18,HADH,837,1284,1158,910,1200,483,666
ENSG00000138798.13,EGF,168,32,483,185,43,150,190
ENSG00000138801.9,PAPSS1,4151,3645,2442,3436,4821,3589,1906
ENSG00000138802.11,SEC24B,1688,1567,1327,1586,1798,1814,1680
ENSG00000138814.17,PPP3CA,2045,2251,1290,1438,2112,3208,2001
ENSG00000138821.14,SLC39A8,622,236,854,519,362,611,371
ENSG00000138829.14,FBN2,23661,58323,19204,30510,32355,23299,21242
ENSG00000138834.15,MAPK8IP3,2636,2612,3706,2952,3456,1473,2265
ENSG00000138835.24,RGS3,3486,1914,3560,4322,2367,3753,3622
ENSG00000138867.17,GUCD1,2674,1891,1726,1980,2518,2083,2038
ENSG00000138942.17,RNF185,1907,1274,1243,1382,1744,1470,1341
ENSG00000138944.8,SHISAL1,57,56,195,73,131,51,144
ENSG00000139044.12,B4GALNT3,70,77,42,63,246,70,120
ENSG00000139055.7,ERP27,25,149,5,15,9,10,36
ENSG00000139083.11,ETV6,779,539,735,847,1435,1204,929
ENSG00000139112.11,GABARAPL1,5751,2508,2472,3333,3096,3945,3362
ENSG00000139116.19,KIF21A,1250,163,564,854,626,896,738
ENSG00000139117.14,CPNE8,512,1037,552,455,346,514,651
ENSG00000139131.13,YARS2,651,420,671,572,599,510,450
ENSG00000139132.16,FGD4,332,38,213,231,130,657,428
ENSG00000139133.7,ALG10,62,124,37,69,103,67,62
ENSG00000139146.14,SINHCAF,1609,883,1248,1425,1414,1288,1625
ENSG00000139154.16,AEBP2,805,713,554,642,1057,642,612
ENSG00000139160.13,ETFBKMT,54,59,33,46,65,49,55
ENSG00000139163.16,ETNK1,1719,1463,1772,1419,2036,1234,1369
ENSG00000139168.9,ZCRB1,1140,828,939,820,1208,959,1040
ENSG00000139173.10,TMEM117,427,243,390,273,320,387,468
ENSG00000139174.12,PRICKLE1,3825,2786,2832,2193,4706,2932,2229
ENSG00000139178.12,C1RL,761,1285,507,269,862,581,404
ENSG00000139180.11,NDUFA9,353,288,402,349,288,266,260
ENSG00000139182.15,CLSTN3,2987,2379,2371,1381,3662,2717,1643
ENSG00000139190.17,VAMP1,802,223,511,449,274,320,339
ENSG00000139192.12,TAPBPL,26,73,23,15,33,37,17
ENSG00000139197.11,PEX5,735,926,614,627,1270,614,564
ENSG00000139200.14,PIANP,628,475,547,354,534,433,579
ENSG00000139209.16,SLC38A4,93,777,38,42,235,70,81
ENSG00000139211.7,AMIGO2,5750,179,5272,3455,1064,10674,1585
ENSG00000139218.18,SCAF11,4425,4060,2684,4351,4673,4321,3455
ENSG00000139219.19,COL2A1,4889,25444,650,5084,17746,2912,3496
ENSG00000139233.7,LLPH,550,350,536,471,544,544,532
ENSG00000139263.12,LRIG3,6102,6544,3234,5044,9183,4695,3687
ENSG00000139266.6,MARCHF9,506,183,414,268,485,378,387
ENSG00000139269.3,INHBE,51,2,21,210,434,541,107
ENSG00000139278.10,GLIPR1,8643,1631,12869,9021,2539,8785,8003
ENSG00000139289.15,PHLDA1,3856,1220,2624,1714,1740,3024,2885
ENSG00000139291.14,TMEM19,950,466,857,685,541,655,606
ENSG00000139292.13,LGR5,57,2,34,48,7,37,126
ENSG00000139318.8,DUSP6,838,122,894,549,972,803,1261
ENSG00000139323.14,POC1B,479,255,312,299,407,378,320
ENSG00000139324.12,TMTC3,2160,2225,1701,1765,2300,2283,1684
ENSG00000139329.5,LUM,9169,27080,878,1138,29742,6354,4548
ENSG00000139343.11,SNRPF,861,772,993,1107,1059,739,630
ENSG00000139350.12,NEDD1,784,931,627,890,998,639,643
ENSG00000139354.11,GAS2L3,239,884,287,258,499,128,203
ENSG00000139364.11,TMEM132B,1159,1625,690,705,4792,705,1011
ENSG00000139370.12,SLC15A4,1061,433,1219,751,507,375,635
ENSG00000139372.15,TDG,1876,1254,1470,2083,1907,1715,1564
ENSG00000139405.16,RITA1,645,489,576,474,543,506,673
ENSG00000139410.15,SDSL,139,114,142,84,135,103,103
ENSG00000139428.12,MMAB,636,728,741,805,1273,439,562
ENSG00000139433.11,GLTP,926,569,685,537,884,773,674
ENSG00000139436.22,GIT2,1579,1883,1357,1494,2211,1436,1403
ENSG00000139437.18,TCHP,379,483,448,512,628,283,292
ENSG00000139438.6,FAM222A,107,77,36,72,554,118,251
ENSG00000139496.18,NUP58,1783,1312,1436,1844,1711,1650,1221
ENSG00000139505.13,MTMR6,1589,1208,1259,1380,1983,1711,1316
ENSG00000139508.15,SLC46A3,637,124,256,473,800,688,497
ENSG00000139514.13,SLC7A1,4998,1865,4309,6648,2782,5118,4788
ENSG00000139517.9,LNX2,572,423,341,464,582,495,389
ENSG00000139531.13,SUOX,900,810,682,769,752,484,474
ENSG00000139546.12,TARBP2,1100,786,1090,964,1054,797,872
ENSG00000139567.13,ACVRL1,19,245,27,60,157,38,33
ENSG00000139579.13,NABP2,835,632,748,732,1173,818,674
ENSG00000139597.18,N4BP2L1,47,22,29,10,26,21,15
ENSG00000139613.12,SMARCC2,3251,4415,2385,2400,4832,2415,2081
ENSG00000139618.18,BRCA2,128,376,218,223,282,82,141
ENSG00000139620.13,KANSL2,882,523,743,999,766,726,629
ENSG00000139624.14,CERS5,2877,1482,3054,2250,1736,1841,1664
ENSG00000139625.13,MAP3K12,702,1313,953,628,1171,460,487
ENSG00000139629.16,GALNT6,360,195,768,203,126,297,188
ENSG00000139631.20,CSAD,413,481,464,311,338,137,128
ENSG00000139636.16,LMBR1L,854,891,859,721,902,412,496
ENSG00000139637.14,MYG1,37,18,16,42,19,41,29
ENSG00000139641.13,ESYT1,4927,3673,7949,5838,4476,4891,4486
ENSG00000139644.13,TMBIM6,17074,12291,18451,13473,11916,13279,11970
ENSG00000139645.11,ANKRD52,9358,4794,6959,9397,6797,9489,9264
ENSG00000139651.11,ZNF740,858,1393,586,859,1488,746,788
ENSG00000139668.9,WDFY2,938,917,786,809,583,816,740
ENSG00000139679.16,LPAR6,355,350,247,251,888,138,123
ENSG00000139684.15,ESD,3018,2014,2347,2676,2170,1853,1554
ENSG00000139687.16,RB1,1766,1284,981,1316,2387,1598,1230
ENSG00000139697.14,SBNO1,1951,1494,1262,1773,2133,1872,1435
ENSG00000139718.12,SETD1B,1106,1025,766,999,1512,1278,1343
ENSG00000139719.11,VPS33A,860,546,697,691,718,660,486
ENSG00000139722.7,VPS37B,1059,871,1047,1012,1663,1056,1308
ENSG00000139725.8,RHOF,623,223,441,468,267,447,365
ENSG00000139726.11,DENR,2938,1825,2162,2553,3051,2665,2176
ENSG00000139734.19,DIAPH3,1295,1325,1747,2523,816,1734,899
ENSG00000139737.23,SLAIN1,248,29,271,133,221,153,98
ENSG00000139746.16,RBM26,1582,1734,1482,1571,2272,1380,1223
ENSG00000139767.10,SRRM4,48,32,22,34,126,29,33
ENSG00000139793.21,MBNL2,2060,1515,905,1387,2390,1948,1739
ENSG00000139800.9,ZIC5,266,386,78,235,464,175,108
ENSG00000139826.6,ABHD13,682,590,600,582,856,640,579
ENSG00000139832.5,RAB20,26,116,20,28,45,22,22
ENSG00000139835.14,GRTP1,1,43,2,0,56,2,2
ENSG00000139842.15,CUL4A,2243,1721,2411,2671,2303,2182,1989
ENSG00000139880.21,CDH24,917,1020,1300,937,1610,724,1116
ENSG00000139899.11,CBLN3,122,96,57,74,109,90,63
ENSG00000139910.20,NOVA1,329,291,294,220,434,242,378
ENSG00000139915.22,MDGA2,28,1322,19,40,184,44,58
ENSG00000139921.13,TMX1,1888,996,2529,1804,1148,1619,1543
ENSG00000139926.16,FRMD6,11157,3773,8980,12058,8310,12443,9945
ENSG00000139946.11,PELI2,153,114,112,154,393,95,268
ENSG00000139970.18,RTN1,19,17,33,40,93,53,65
ENSG00000139971.15,ARMH4,2098,2247,1196,1487,4646,2771,1812
ENSG00000139973.18,SYT16,161,137,95,258,178,336,334
ENSG00000139974.17,SLC38A6,327,372,271,247,259,196,135
ENSG00000139977.14,NAA30,1356,819,1024,1094,1563,1399,1151
ENSG00000139990.18,DCAF5,2755,2809,2007,2687,3568,2198,2146
ENSG00000139998.16,RAB15,6849,4215,3300,6337,8890,3257,2609
ENSG00000140006.12,WDR89,317,182,319,336,303,236,202
ENSG00000140022.14,STON2,450,30,270,290,339,401,482
ENSG00000140025.16,EFCAB11,241,147,105,134,198,187,144
ENSG00000140043.12,PTGR2,110,58,53,76,58,49,37
ENSG00000140044.13,JDP2,635,317,335,435,813,539,575
ENSG00000140057.9,AK7,27,12,24,33,39,26,41
ENSG00000140092.16,FBLN5,709,1192,448,576,2027,746,479
ENSG00000140104.14,CLBA1,192,194,298,192,410,226,206
ENSG00000140105.18,WARS1,2518,1261,2488,4243,2218,2787,2813
ENSG00000140153.18,WDR20,602,441,502,509,694,594,442
ENSG00000140157.16,NIPA2,2574,1447,2325,2219,2244,2228,1969
ENSG00000140199.13,SLC12A6,884,639,553,657,980,733,540
ENSG00000140259.7,MFAP1,1410,1141,1083,1179,1445,1122,981
ENSG00000140262.18,TCF12,4929,6334,3471,4402,11613,4079,4746
ENSG00000140263.15,SORD,516,588,291,658,605,447,234
ENSG00000140264.22,SERF2,14194,8260,7023,8775,9024,8093,8578
ENSG00000140265.14,ZSCAN29,810,708,601,783,972,589,622
ENSG00000140280.14,LYSMD2,13,15,39,16,41,28,14
ENSG00000140297.13,GCNT3,118,2,98,131,8,116,54
ENSG00000140299.14,BNIP2,1958,1238,1651,1690,1810,1911,1656
ENSG00000140307.11,GTF2A2,1112,553,817,806,917,877,849
ENSG00000140319.11,SRP14,10155,4607,5632,6558,7910,7141,7453
ENSG00000140320.12,BAHD1,1682,1274,1353,1311,1975,1557,1587
ENSG00000140323.6,DISP2,107,91,403,101,165,149,331
ENSG00000140326.13,CDAN1,484,730,526,477,955,390,400
ENSG00000140332.18,TLE3,555,1083,553,450,1465,832,1313
ENSG00000140350.15,ANP32A,3068,3728,2533,3461,5031,2225,3027
ENSG00000140365.16,COMMD4,1263,1116,1192,998,1072,652,682
ENSG00000140367.12,UBE2Q2,2268,1320,1331,1812,2345,2132,1432
ENSG00000140374.17,ETFA,2632,1478,1993,2493,1847,1615,1634
ENSG00000140382.15,HMG20A,1690,1855,1071,1280,2471,1473,1401
ENSG00000140386.13,SCAPER,424,295,252,273,359,268,261
ENSG00000140391.15,TSPAN3,7815,6944,8607,5686,8742,6655,4221
ENSG00000140395.9,SKIC8,1309,1012,983,1157,989,819,704
ENSG00000140396.13,NCOA2,1045,1421,518,818,1048,1194,1193
ENSG00000140398.14,NEIL1,143,138,180,49,124,48,40
ENSG00000140400.18,MAN2C1,1420,1573,2181,1655,1429,794,981
ENSG00000140403.13,DNAJA4,65,21,37,36,69,30,12
ENSG00000140406.4,TLNRD1,903,649,1094,888,1738,1319,1560
ENSG00000140416.25,TPM1,137188,62881,100850,126676,87961,99982,85472
ENSG00000140443.15,IGF1R,11196,6533,9195,9907,8524,12166,14447
ENSG00000140450.9,ARRDC4,1493,1627,449,363,1686,812,522
ENSG00000140451.13,PIF1,47,421,242,264,295,34,46
ENSG00000140455.17,USP3,1201,682,1120,755,971,1097,734
ENSG00000140463.14,BBS4,747,591,527,466,905,648,620
ENSG00000140464.20,PML,1393,1027,1501,1617,1614,1051,918
ENSG00000140471.17,LINS1,227,217,213,243,202,156,148
ENSG00000140474.14,ULK3,781,505,653,536,865,456,499
ENSG00000140479.18,PCSK6,45,101,107,51,516,125,45
ENSG00000140497.16,SCAMP2,2508,1466,2150,1709,2241,1973,1648
ENSG00000140511.12,HAPLN3,2651,470,524,664,733,984,442
ENSG00000140521.18,POLG,1839,1459,2297,1906,1746,1437,1338
ENSG00000140525.20,FANCI,670,2074,909,1239,1316,361,401
ENSG00000140526.18,ABHD2,1629,2473,1617,1495,2259,1710,1409
ENSG00000140534.14,TICRR,151,681,236,372,507,73,128
ENSG00000140538.17,NTRK3,385,49,342,215,748,254,634
ENSG00000140545.16,MFGE8,29077,5317,23268,9324,8570,22253,13309
ENSG00000140548.10,ZNF710,768,692,529,708,984,639,713
ENSG00000140553.18,UNC45A,3379,2492,2870,2756,2896,2085,2141
ENSG00000140557.12,ST8SIA2,405,755,584,700,1599,476,793
ENSG00000140563.16,MCTP2,75,44,66,44,520,127,38
ENSG00000140564.13,FURIN,11470,4383,9356,9243,10306,12591,11905
ENSG00000140575.13,IQGAP1,12537,8048,12694,13220,7126,16300,12814
ENSG00000140577.17,CRTC3,792,1173,617,705,1700,694,770
ENSG00000140598.16,EFL1,755,417,591,620,724,543,486
ENSG00000140600.17,SH3GL3,75,73,58,83,80,88,117
ENSG00000140612.14,SEC11A,5174,3279,4767,3973,3581,3452,2778
ENSG00000140632.17,GLYR1,3193,2824,2731,3065,3565,2837,2928
ENSG00000140650.13,PMM2,1857,1011,1444,1594,1381,2031,1559
ENSG00000140682.19,TGFB1I1,1753,1723,2388,2175,2097,2209,2518
ENSG00000140688.18,RUSF1,1168,1828,1542,1083,2088,1143,1254
ENSG00000140691.18,ARMC5,256,317,445,317,525,472,490
ENSG00000140694.18,PARN,963,849,789,872,1157,885,770
ENSG00000140718.22,FTO,2130,1975,1561,1756,2628,2059,1908
ENSG00000140740.11,UQCRC2,3723,2707,2719,2956,2943,2318,1922
ENSG00000140743.8,CDR2,2985,1185,1540,2424,2085,2628,1933
ENSG00000140750.17,ARHGAP17,1894,1974,1228,1632,2376,1421,1606
ENSG00000140795.13,MYLK3,77,83,9,29,18,11,11
ENSG00000140807.7,NKD1,685,603,175,677,13254,2976,1760
ENSG00000140829.12,DHX38,1858,2036,1885,2074,2430,1748,1877
ENSG00000140830.9,TXNL4B,335,201,241,292,349,315,294
ENSG00000140832.11,MARVELD3,13,63,8,9,35,6,11
ENSG00000140836.17,ZFHX3,1084,2831,893,1069,4424,1267,1957
ENSG00000140839.13,CLEC18B,333,49,67,285,318,146,116
ENSG00000140848.17,CPNE2,659,989,900,926,1471,757,957
ENSG00000140853.17,NLRC5,163,141,176,173,73,79,56
ENSG00000140854.13,KATNB1,770,450,875,817,702,662,770
ENSG00000140859.16,KIFC3,6085,4967,4645,4891,3943,3802,3793
ENSG00000140873.16,ADAMTS18,1192,38,328,426,226,121,879
ENSG00000140876.11,NUDT7,49,46,31,17,55,48,36
ENSG00000140931.20,CMTM3,4059,2046,4940,2747,3098,4165,3143
ENSG00000140937.14,CDH11,11385,14598,7319,10961,24954,15441,24004
ENSG00000140939.15,NOL3,253,132,270,210,136,166,171
ENSG00000140941.14,MAP1LC3B,6548,3026,3769,4872,5044,6006,4925
ENSG00000140943.18,MBTPS1,6050,5939,4161,3898,7338,4637,3340
ENSG00000140945.17,CDH13,11825,1732,7312,6457,536,3891,6465
ENSG00000140948.13,ZCCHC14,1104,2338,756,1172,2650,1051,1238
ENSG00000140950.16,MEAK7,1188,1051,1199,1095,1265,1233,1172
ENSG00000140961.14,OSGIN1,70,7,95,65,13,88,80
ENSG00000140983.15,RHOT2,2247,2298,3104,2394,2705,1446,1669
ENSG00000140987.21,ZSCAN32,668,403,419,509,749,509,505
ENSG00000140990.15,NDUFB10,1841,1013,1321,1360,1870,1785,1914
ENSG00000140992.19,PDPK1,2357,1469,1139,1913,1904,1966,1576
ENSG00000140993.11,TIGD7,188,199,118,235,297,187,116
ENSG00000140995.17,DEF8,2771,1381,2256,1793,1886,1529,1457
ENSG00000141002.20,TCF25,4372,3211,3089,3207,4106,3225,2999
ENSG00000141012.13,GALNS,1534,744,1184,806,1277,902,663
ENSG00000141013.17,GAS8,204,147,223,314,208,33,106
ENSG00000141026.6,MED9,374,328,284,281,508,289,263
ENSG00000141027.23,NCOR1,3733,3344,2687,3405,4656,3986,3696
ENSG00000141030.13,COPS3,1795,1301,1306,1597,1576,1346,1160
ENSG00000141034.10,GID4,459,325,321,374,572,369,335
ENSG00000141040.15,ZNF287,304,288,218,211,520,256,215
ENSG00000141052.18,MYOCD,284,173,380,192,290,126,1704
ENSG00000141068.16,KSR1,3526,1839,2305,2824,1414,2768,2213
ENSG00000141076.18,UTP4,1348,893,1329,1354,964,995,969
ENSG00000141084.12,RANBP10,791,783,631,693,1085,666,528
ENSG00000141098.13,GFOD2,999,832,742,788,1286,803,726
ENSG00000141101.13,NOB1,832,706,738,768,771,598,562
ENSG00000141127.15,PRPSAP2,988,636,702,994,785,553,687
ENSG00000141179.14,PCTP,384,256,397,362,271,409,382
ENSG00000141198.16,TOM1L1,884,405,698,551,639,435,559
ENSG00000141219.16,C17orf80,982,973,818,1027,1351,729,760
ENSG00000141232.5,TOB1,893,423,569,565,743,1014,897
ENSG00000141252.21,VPS53,1721,1059,1555,1738,1581,1714,1556
ENSG00000141258.13,SGSM2,4687,2228,4115,3024,3126,2672,2356
ENSG00000141279.18,NPEPPS,5028,3508,3802,3830,3724,3873,3202
ENSG00000141295.14,SCRN2,725,662,488,505,606,381,324
ENSG00000141298.19,SSH2,970,2055,738,762,1161,1164,910
ENSG00000141337.13,ARSG,193,82,113,112,141,130,87
ENSG00000141349.10,G6PC3,2739,1659,2127,1799,2182,2090,1834
ENSG00000141367.13,CLTC,19136,14893,16612,19107,14995,20738,18014
ENSG00000141376.24,BCAS3,789,578,371,495,845,684,534
ENSG00000141378.15,PTRH2,551,278,747,622,406,408,420
ENSG00000141380.14,SS18,4789,3469,3606,4257,4566,4284,4163
ENSG00000141384.13,TAF4B,101,47,51,68,60,94,77
ENSG00000141385.12,AFG3L2,2285,1384,2036,1980,1707,1780,1634
ENSG00000141391.14,PRELID3A,430,110,209,247,224,216,172
ENSG00000141401.12,IMPA2,245,350,190,248,300,107,148
ENSG00000141404.17,GNAL,144,304,386,130,394,103,385
ENSG00000141424.13,SLC39A6,5008,3416,4864,4202,4318,5177,3993
ENSG00000141425.18,RPRD1A,1750,1212,1218,1485,1896,1302,1352
ENSG00000141428.17,C18orf21,384,245,255,306,495,314,337
ENSG00000141429.14,GALNT1,12119,10349,6320,7714,8177,8090,6571
ENSG00000141431.14,ASXL3,312,758,103,254,2575,297,190
ENSG00000141441.16,GAREM1,307,272,168,197,322,396,302
ENSG00000141446.11,ESCO1,660,420,419,576,652,675,575
ENSG00000141447.19,OSBPL1A,1291,1094,709,875,1322,1197,805
ENSG00000141448.11,GATA6,279,8,151,149,26,748,320
ENSG00000141449.16,GREB1L,856,305,402,510,329,660,556
ENSG00000141452.11,RMC1,678,337,510,611,545,475,518
ENSG00000141456.16,PELP1,1697,1812,1632,1741,2412,1466,1614
ENSG00000141458.13,NPC1,2553,1054,2773,2178,1228,2087,2029
ENSG00000141480.18,ARRB2,270,272,190,205,399,184,130
ENSG00000141499.18,WRAP53,296,373,409,452,426,242,301
ENSG00000141503.17,MINK1,2529,2522,3032,2171,2774,2419,2665
ENSG00000141504.12,SAT2,1188,1270,1040,780,1218,567,655
ENSG00000141505.12,ASGR1,54,118,82,76,183,26,43
ENSG00000141510.18,TP53,2307,2245,2317,1977,2956,1796,1891
ENSG00000141519.15,CCDC40,147,227,251,177,304,159,140
ENSG00000141522.12,ARHGDIA,8645,6255,10629,9268,10144,9785,10683
ENSG00000141524.19,TMC6,795,928,1375,998,741,562,1107
ENSG00000141526.18,SLC16A3,7514,869,8538,2693,792,5767,2774
ENSG00000141540.11,TTYH2,504,332,184,576,778,302,860
ENSG00000141542.11,RAB40B,446,327,290,385,656,425,433
ENSG00000141543.12,EIF4A3,1749,1572,1768,1950,1787,1435,1586
ENSG00000141551.15,CSNK1D,5433,3241,4552,4561,5244,4561,4982
ENSG00000141552.18,ANAPC11,1122,725,863,801,1136,799,768
ENSG00000141556.22,TBCD,1975,2937,1786,2081,2913,1321,1184
ENSG00000141560.15,FN3KRP,603,683,494,654,696,426,365
ENSG00000141562.19,NARF,1484,1244,1172,1394,1945,978,758
ENSG00000141564.16,RPTOR,1399,1090,936,1129,1494,1454,1231
ENSG00000141568.21,FOXK2,2491,2182,1695,2264,3644,1840,1915
ENSG00000141569.12,TRIM65,1335,879,1065,975,849,906,864
ENSG00000141570.11,CBX8,160,175,187,134,282,107,144
ENSG00000141576.16,RNF157,410,574,312,223,391,366,266
ENSG00000141577.14,CEP131,380,563,463,432,738,268,292
ENSG00000141580.16,WDR45B,2766,1979,2192,2654,2957,2286,2198
ENSG00000141582.15,CBX4,516,313,321,364,898,736,683
ENSG00000141622.14,RNF165,41,400,9,63,238,17,39
ENSG00000141627.14,DYM,1832,1301,900,1220,1701,1568,1168
ENSG00000141639.12,MAPK4,43,156,10,28,243,22,42
ENSG00000141642.9,ELAC1,149,151,119,133,224,111,114
ENSG00000141644.19,MBD1,2480,1599,2363,2330,2445,2031,1977
ENSG00000141646.16,SMAD4,1439,1743,1187,1378,2127,1291,1239
ENSG00000141664.10,ZCCHC2,441,260,274,307,423,342,223
ENSG00000141668.10,CBLN2,158,60,29,74,124,43,134
ENSG00000141682.12,PMAIP1,461,86,786,326,213,644,333
ENSG00000141696.13,P3H4,6009,3256,3694,3243,5210,5679,3921
ENSG00000141698.17,NT5C3B,1486,918,1105,947,1805,1033,1241
ENSG00000141699.11,RETREG3,1931,1627,1969,1417,1885,1393,1252
ENSG00000141736.14,ERBB2,4270,4346,4123,3929,7430,3229,4168
ENSG00000141738.14,GRB7,108,5,134,107,38,123,30
ENSG00000141741.12,MIEN1,1259,500,773,703,1017,955,885
ENSG00000141753.7,IGFBP4,2499,14773,12684,2970,4984,2657,2786
ENSG00000141756.20,FKBP10,35399,22315,27763,22845,26431,32391,23186
ENSG00000141759.15,TXNL4A,1883,765,1492,1509,1667,1826,1556
ENSG00000141837.22,CACNA1A,47,273,261,208,1662,287,357
ENSG00000141854.10,MISP3,37,18,15,9,111,40,33
ENSG00000141858.12,SAMD1,901,1232,762,862,3058,777,997
ENSG00000141867.19,BRD4,2543,2525,1626,2214,4082,2396,3057
ENSG00000141873.11,SLC39A3,540,321,497,373,596,462,375
ENSG00000141905.19,NFIC,592,848,644,427,1212,1299,671
ENSG00000141933.9,TPGS1,294,179,275,158,492,254,280
ENSG00000141934.10,PLPP2,81,22,296,28,42,81,76
ENSG00000141956.14,PRDM15,247,362,307,299,525,265,255
ENSG00000141959.17,PFKL,3278,3509,2768,3275,3451,2742,1986
ENSG00000141965.5,FEM1A,1249,832,919,1096,1308,994,1014
ENSG00000141971.14,MVB12A,925,490,621,549,670,513,496
ENSG00000141985.9,SH3GL1,4117,3013,2794,3673,3871,3370,3457
ENSG00000141994.16,DUS3L,215,226,339,247,302,150,197
ENSG00000142002.19,DPP9,2293,976,2474,2173,1532,2442,1661
ENSG00000142039.4,CCDC97,1086,1055,704,1049,1534,777,1050
ENSG00000142046.15,TMEM91,127,75,75,71,108,41,66
ENSG00000142065.14,ZFP14,223,269,166,162,511,156,134
ENSG00000142082.15,SIRT3,466,523,342,413,629,272,285
ENSG00000142089.17,IFITM3,1524,10314,4460,3140,8301,1622,5215
ENSG00000142102.16,PGGHG,1280,2236,1819,1533,1525,559,820
ENSG00000142149.9,HUNK,28,293,23,87,598,18,70
ENSG00000142156.16,COL6A1,3365,25604,5820,6069,16820,7870,6171
ENSG00000142166.15,IFNAR1,2530,1120,2236,1928,1631,2896,1732
ENSG00000142168.15,SOD1,4822,2447,3254,4012,3141,2958,2637
ENSG00000142173.17,COL6A2,3544,38317,4836,6242,22882,8545,4593
ENSG00000142178.9,SIK1,505,24,28,37,23,90,22
ENSG00000142185.18,TRPM2,674,21,196,303,67,340,142
ENSG00000142186.18,SCYL1,5098,2819,3492,4083,3505,4381,4207
ENSG00000142188.17,TMEM50B,1024,688,914,734,924,694,556
ENSG00000142192.22,APP,56093,39934,44698,39722,54001,48024,48417
ENSG00000142197.13,DOP1B,810,568,831,1197,566,675,476
ENSG00000142207.7,URB1,1209,1237,1383,1404,1281,1513,1202
ENSG00000142208.18,AKT1,5714,5155,4899,6290,7049,4432,4646
ENSG00000142227.11,EMP3,3237,1951,3624,2325,954,2337,1419
ENSG00000142230.13,SAE1,4084,4675,4007,4991,4576,2901,3399
ENSG00000142235.13,LMTK3,185,51,91,64,473,163,162
ENSG00000142252.11,GEMIN7,467,344,506,449,411,398,372
ENSG00000142279.13,WTIP,674,702,638,555,1233,708,659
ENSG00000142303.14,ADAMTS10,1152,1591,920,1068,2832,1184,1006
ENSG00000142327.13,RNPEPL1,1769,1098,1334,1152,1197,982,848
ENSG00000142330.20,CAPN10,808,565,717,699,874,401,420
ENSG00000142396.11,ERVK3-1,240,197,199,258,185,122,173
ENSG00000142408.7,CACNG8,44,20,35,43,183,158,41
ENSG00000142409.6,ZNF787,701,440,656,579,834,796,841
ENSG00000142444.7,TIMM29,472,247,271,331,435,362,303
ENSG00000142449.13,FBN3,14,1390,9,34,1416,4,60
ENSG00000142453.13,CARM1,2690,2562,2223,2449,4287,2409,3047
ENSG00000142459.9,EVI5L,1326,967,712,820,2013,1122,1118
ENSG00000142507.10,PSMB6,3123,1853,2576,2992,2298,1841,1873
ENSG00000142528.16,ZNF473,401,411,282,400,563,285,310
ENSG00000142530.11,GARIN5A,65,21,38,47,75,52,46
ENSG00000142544.7,CTU1,99,52,129,67,174,108,122
ENSG00000142546.14,NOSIP,1359,984,1245,1117,1297,843,958
ENSG00000142549.10,IGLON5,176,1407,20,406,7403,765,586
ENSG00000142552.8,RCN3,1787,1216,988,1560,2704,4758,2124
ENSG00000142556.19,ZNF614,681,352,337,477,590,481,320
ENSG00000142583.18,SLC2A5,39,4,3,15,5,114,9
ENSG00000142599.20,RERE,4150,3222,2440,3770,5480,3851,5277
ENSG00000142611.17,PRDM16,22,87,3,74,475,63,144
ENSG00000142623.11,PADI1,37,8,43,116,4,30,6
ENSG00000142627.13,EPHA2,6336,2062,8260,5517,2454,5762,5617
ENSG00000142632.17,ARHGEF19,234,204,243,120,284,149,168
ENSG00000142634.13,EFHD2,512,557,717,551,841,566,675
ENSG00000142655.13,PEX14,638,497,656,549,669,583,730
ENSG00000142657.21,PGD,9470,10435,9303,10104,9611,6670,8140
ENSG00000142661.19,MYOM3,86,6,24,43,36,90,57
ENSG00000142669.15,SH3BGRL3,7190,3884,7364,7047,6211,6997,8354
ENSG00000142675.18,CNKSR1,126,25,60,80,30,87,30
ENSG00000142684.9,ZNF593,369,178,342,342,333,271,323
ENSG00000142686.8,C1orf216,976,991,763,860,1126,708,606
ENSG00000142687.19,KIAA0319L,4384,2267,3381,2522,2267,3124,2278
ENSG00000142694.7,EVA1B,2025,884,1692,1058,1807,1770,1597
ENSG00000142731.11,PLK4,153,696,331,399,562,94,142
ENSG00000142733.18,MAP3K6,432,1127,609,420,634,463,394
ENSG00000142751.15,GPN2,972,712,890,919,860,877,782
ENSG00000142765.18,SYTL1,297,132,905,256,98,303,190
ENSG00000142784.16,WDTC1,1704,1577,815,1045,2761,1446,1547
ENSG00000142794.19,NBPF3,240,148,86,116,292,104,81
ENSG00000142798.20,HSPG2,28159,23459,43287,23488,13099,56994,27328
ENSG00000142856.17,ITGB3BP,340,342,210,206,329,109,201
ENSG00000142864.15,SERBP1,7775,6808,6987,8079,8892,7182,6569
ENSG00000142867.14,BCL10,458,366,537,427,479,510,458
ENSG00000142871.18,CCN1,15688,6746,20944,20644,9977,10519,9315
ENSG00000142875.21,PRKACB,2362,1548,1406,1473,1736,2467,1660
ENSG00000142892.15,PIGK,1363,1151,1109,1076,1108,1135,804
ENSG00000142910.16,TINAGL1,3683,413,485,323,97,3100,260
ENSG00000142920.18,AZIN2,109,232,110,128,801,121,102
ENSG00000142945.13,KIF2C,282,1646,829,1060,1090,139,231
ENSG00000142949.17,PTPRF,18106,5946,16654,12897,9461,14382,13113
ENSG00000142961.16,MOB3C,249,249,154,210,233,178,137
ENSG00000143013.13,LMO4,930,1088,690,709,4228,1001,1176
ENSG00000143028.9,SYPL2,37,8,36,18,16,66,70
ENSG00000143033.18,MTF2,1246,1272,1014,1212,1612,849,946
ENSG00000143036.17,SLC44A3,520,359,356,205,450,232,185
ENSG00000143061.18,IGSF3,2194,5687,1685,1392,9467,2074,1528
ENSG00000143067.5,ZNF697,1319,645,657,797,1046,1069,1126
ENSG00000143079.15,CTTNBP2NL,3009,1597,2866,2916,2368,2989,2974
ENSG00000143093.15,STRIP1,1676,1677,1578,1471,2244,1397,1492
ENSG00000143106.13,PSMA5,3106,1503,2583,2881,2063,1808,1896
ENSG00000143126.8,CELSR2,2012,903,723,1430,1870,1197,1631
ENSG00000143127.13,ITGA10,135,148,87,141,199,186,78
ENSG00000143147.15,GPR161,1782,3856,1356,1820,5432,1507,1541
ENSG00000143149.13,ALDH9A1,1818,1150,1468,1555,1218,1165,1131
ENSG00000143153.14,ATP1B1,4785,3357,4071,3060,5885,2279,3963
ENSG00000143155.13,TIPRL,1567,1212,1335,1435,1885,1521,1346
ENSG00000143156.14,NME7,615,424,465,497,626,455,415
ENSG00000143157.12,POGK,2232,1639,1705,2303,3122,2230,2243
ENSG00000143158.11,MPC2,1335,535,779,1065,980,1192,1061
ENSG00000143162.9,CREG1,1667,690,1102,930,1385,1316,1102
ENSG00000143164.16,DCAF6,2866,1684,1913,2458,2587,2700,2022
ENSG00000143167.12,GPA33,64,47,1,20,70,14,7
ENSG00000143178.13,TBX19,30,37,52,29,35,20,12
ENSG00000143179.16,UCK2,2501,855,1951,2366,1548,2139,1940
ENSG00000143183.18,TMCO1,3321,1700,3464,2856,2824,2752,2376
ENSG00000143190.23,POU2F1,728,1249,608,921,1152,913,991
ENSG00000143195.13,ILDR2,184,237,161,502,1074,296,476
ENSG00000143198.13,MGST3,3253,1468,2112,1756,1842,1979,2004
ENSG00000143207.21,COP1,1417,1002,969,1170,1423,1081,959
ENSG00000143222.12,UFC1,2594,1466,1749,1874,2099,1645,1518
ENSG00000143224.18,PPOX,643,429,587,494,624,294,354
ENSG00000143228.13,NUF2,116,495,318,369,440,65,99
ENSG00000143248.13,RGS5,12123,8979,8207,10174,5227,6878,8475
ENSG00000143252.16,SDHC,1445,1004,1048,1068,1232,809,835
ENSG00000143256.5,PFDN2,1035,562,915,843,1144,822,790
ENSG00000143258.17,USP21,682,974,508,647,1301,421,475
ENSG00000143294.15,PRCC,1760,1505,1453,1577,2843,1801,1972
ENSG00000143303.12,METTL25B,247,244,193,212,222,118,122
ENSG00000143315.8,PIGM,983,753,690,566,1078,672,619
ENSG00000143319.17,ISG20L2,1290,974,962,1165,1433,1176,1011
ENSG00000143320.9,CRABP2,4818,8573,1254,1841,4743,3617,2040
ENSG00000143321.19,HDGF,5186,5656,4569,5431,7256,3780,4329
ENSG00000143322.22,ABL2,3774,2062,2743,3413,3824,5968,3938
ENSG00000143324.14,XPR1,2522,1554,2207,2051,2415,2452,2616
ENSG00000143333.7,RGS16,160,73,56,147,1129,250,203
ENSG00000143337.19,TOR1AIP1,2093,1502,1770,1823,2132,2041,1740
ENSG00000143341.12,HMCN1,12961,22491,4617,8373,27718,14634,7407
ENSG00000143344.16,RGL1,1160,2466,397,794,2352,984,700
ENSG00000143353.12,LYPLAL1,508,171,312,295,228,292,249
ENSG00000143363.17,PRUNE1,819,804,462,507,1143,538,402
ENSG00000143367.17,TUFT1,1450,317,1136,1363,508,1298,893
ENSG00000143368.10,SF3B4,1893,1671,1789,1921,2556,1691,1956
ENSG00000143369.15,ECM1,3029,2827,1325,2017,3103,1322,1360
ENSG00000143373.18,ZNF687,1099,993,696,883,1653,804,974
ENSG00000143374.18,TARS2,579,553,799,482,630,390,505
ENSG00000143375.15,CGN,815,50,246,455,189,309,144
ENSG00000143376.14,SNX27,1492,1161,1199,1607,1597,1153,1188
ENSG00000143379.13,SETDB1,1084,1748,882,1087,1867,790,886
ENSG00000143382.16,ADAMTSL4,400,256,297,383,64,192,194
ENSG00000143384.14,MCL1,7461,5562,7077,8116,8699,7761,8657
ENSG00000143387.14,CTSK,148,1956,177,143,1224,242,141
ENSG00000143390.18,RFX5,2362,1871,1447,1945,2539,1666,1565
ENSG00000143393.17,PI4KB,2792,2320,2034,2397,3268,2165,2252
ENSG00000143398.20,PIP5K1A,3452,2443,2091,3457,3728,2675,2638
ENSG00000143401.15,ANP32E,2453,3651,1807,2933,3539,1899,1947
ENSG00000143409.17,MINDY1,210,319,150,142,407,137,99
ENSG00000143416.21,SELENBP1,742,1166,353,505,1346,279,327
ENSG00000143418.20,CERS2,6149,3388,5704,4908,5232,4169,4269
ENSG00000143420.19,ENSA,3021,2257,2221,2659,3786,2301,2504
ENSG00000143434.17,SEMA6C,542,1931,530,575,2838,613,789
ENSG00000143437.21,ARNT,1557,1773,826,1402,2423,1259,1071
ENSG00000143442.24,POGZ,2101,3584,1675,2009,4077,1331,1549
ENSG00000143443.10,C1orf56,100,153,50,47,213,45,39
ENSG00000143450.19,OAZ3,22,13,29,22,27,24,41
ENSG00000143457.11,GOLPH3L,799,535,449,628,870,562,408
ENSG00000143458.12,GABPB2,185,225,89,93,259,101,78
ENSG00000143469.21,SYT14,140,49,228,109,256,172,276
ENSG00000143473.14,KCNH1,1411,171,525,686,1073,675,525
ENSG00000143476.18,DTL,241,1017,379,570,787,118,213
ENSG00000143479.18,DYRK3,257,297,209,244,972,405,365
ENSG00000143486.16,EIF2D,1359,1361,1006,1060,1226,857,771
ENSG00000143493.13,INTS7,584,665,488,621,770,419,480
ENSG00000143494.16,VASH2,891,1205,326,1259,2635,903,717
ENSG00000143498.18,TAF1A,87,149,103,137,199,82,78
ENSG00000143499.14,SMYD2,1405,788,1281,1095,827,1231,1073
ENSG00000143502.16,SUSD4,80,9,115,83,189,129,404
ENSG00000143507.18,DUSP10,153,57,209,141,156,114,373
ENSG00000143514.18,TP53BP2,1788,2200,1443,1687,3039,1365,1621
ENSG00000143515.20,ATP8B2,3651,2861,1773,3069,3244,3402,2957
ENSG00000143537.14,ADAM15,1650,1178,4103,1701,840,1263,1373
ENSG00000143543.15,JTB,427,254,383,343,463,340,241
ENSG00000143545.10,RAB13,1328,1073,883,907,1666,936,889
ENSG00000143549.22,TPM3,11072,6399,11076,12795,8508,11564,11230
ENSG00000143553.11,SNAPIN,974,615,725,683,955,580,655
ENSG00000143554.14,SLC27A3,142,206,152,155,242,126,129
ENSG00000143569.20,UBAP2L,6231,6063,4403,6137,8813,5606,6469
ENSG00000143570.19,SLC39A1,89,75,86,73,123,72,92
ENSG00000143575.16,HAX1,1304,933,1185,1514,1481,1051,893
ENSG00000143578.16,CREB3L4,100,157,103,90,213,56,73
ENSG00000143590.14,EFNA3,57,45,20,32,447,21,38
ENSG00000143603.19,KCNN3,4,71,8,23,1267,5,9
ENSG00000143612.21,C1orf43,4121,2290,3139,3314,3900,2485,2872
ENSG00000143614.11,GATAD2B,1106,1271,840,1074,2205,1009,1176
ENSG00000143621.17,ILF2,6291,6721,4643,6849,8200,4693,4615
ENSG00000143622.12,RIT1,2193,1119,1432,2091,1809,1246,1449
ENSG00000143624.14,INTS3,2266,3009,2408,1883,4053,1596,1675
ENSG00000143630.10,HCN3,203,186,266,173,215,120,149
ENSG00000143632.15,ACTA1,1175,3,168,359,19,171,175
ENSG00000143633.13,C1orf131,230,249,197,216,352,211,172
ENSG00000143641.10,GALNT2,25839,10314,14267,18184,22893,21885,17732
ENSG00000143643.13,TTC13,926,457,718,596,945,908,496
ENSG00000143653.10,SCCPDH,1763,870,1894,1414,1202,1157,1105
ENSG00000143669.16,LYST,263,595,253,404,752,422,430
ENSG00000143674.11,MAP3K21,143,21,91,47,75,179,71
ENSG00000143702.16,CEP170,4767,4038,3022,5348,6030,5971,4279
ENSG00000143727.16,ACP1,2576,1639,1934,2052,2413,2061,1976
ENSG00000143740.15,SNAP47,1025,895,597,789,1175,689,604
ENSG00000143742.14,SRP9,5227,4426,4509,5205,6389,4935,4571
ENSG00000143748.18,NVL,844,705,635,739,896,643,647
ENSG00000143751.10,SDE2,805,756,507,723,1088,741,694
ENSG00000143753.14,DEGS1,5485,2457,4504,4000,3644,3665,3137
ENSG00000143756.12,FBXO28,1084,682,821,912,1165,1085,970
ENSG00000143761.17,ARF1,13583,8692,9283,11084,12230,10360,10919
ENSG00000143768.13,LEFTY2,1709,18,3,283,1158,248,488
ENSG00000143771.12,CNIH4,1595,996,1933,1367,1344,1213,1003
ENSG00000143772.11,ITPKB,780,1601,512,735,2050,451,731
ENSG00000143774.18,GUK1,3423,1941,2232,2310,3427,2931,2789
ENSG00000143776.20,CDC42BPA,2524,2515,1466,2338,3630,2814,2260
ENSG00000143786.8,CNIH3,98,37,87,36,106,203,95
ENSG00000143793.13,C1orf35,601,346,652,500,641,468,429
ENSG00000143797.12,MBOAT2,1651,1759,1334,1113,1891,1283,1127
ENSG00000143799.14,PARP1,3318,7857,3045,4295,7134,2706,2802
ENSG00000143811.20,PYCR2,776,518,649,666,751,511,514
ENSG00000143815.15,LBR,1260,3214,2070,2092,2818,952,1193
ENSG00000143816.8,WNT9A,894,483,286,652,528,612,201
ENSG00000143819.13,EPHX1,2918,545,1141,1509,1497,3220,2130
ENSG00000143842.15,SOX13,180,250,119,179,267,152,298
ENSG00000143845.15,ETNK2,235,390,218,185,816,292,183
ENSG00000143847.16,PPFIA4,64,148,38,30,192,18,34
ENSG00000143850.16,PLEKHA6,70,242,40,100,582,101,79
ENSG00000143858.12,SYT2,8,186,4,9,246,4,20
ENSG00000143862.8,ARL8A,1788,850,1283,1306,2174,1929,2007
ENSG00000143867.7,OSR1,16,56,11,30,49,21,19
ENSG00000143869.7,GDF7,1769,952,487,2034,1954,1753,705
ENSG00000143870.13,PDIA6,14543,10525,18494,16169,13897,12091,9679
ENSG00000143878.10,RHOB,9243,4113,3859,7600,10157,5152,8124
ENSG00000143889.16,HNRNPLL,1510,1260,1023,1406,1853,1329,1411
ENSG00000143891.17,GALM,392,422,248,330,414,296,232
ENSG00000143919.16,CAMKMT,175,74,139,136,132,193,142
ENSG00000143924.19,EML4,2827,4627,1940,2685,5081,2591,2325
ENSG00000143933.20,CALM2,43295,13256,26629,24874,14427,25525,17154
ENSG00000143942.5,CHAC2,78,46,72,33,48,55,24
ENSG00000143951.16,WDPCP,263,167,164,176,351,222,177
ENSG00000143952.20,VPS54,1676,1111,980,1184,1469,1324,1177
ENSG00000143970.18,ASXL2,1196,1144,944,1168,1206,1380,1235
ENSG00000143971.9,ETAA1,418,464,368,395,653,362,311
ENSG00000143977.14,SNRPG,944,777,940,997,939,711,646
ENSG00000143995.20,MEIS1,84,29,133,67,104,32,45
ENSG00000144021.3,CIAO1,2590,2057,2056,2165,2584,1867,1724
ENSG00000144026.14,ZNF514,417,334,237,276,351,179,128
ENSG00000144028.15,SNRNP200,7200,10512,5952,8231,9749,6539,7231
ENSG00000144031.12,ANKRD53,36,70,15,26,84,31,24
ENSG00000144034.16,TPRKB,382,310,301,384,484,297,276
ENSG00000144036.16,EXOC6B,1479,1055,1351,1194,1318,1438,1295
ENSG00000144040.13,SFXN5,419,681,426,477,699,347,413
ENSG00000144043.13,TEX261,2759,2070,2477,2459,2696,2272,2080
ENSG00000144048.11,DUSP11,778,449,589,777,705,879,707
ENSG00000144057.16,ST6GAL2,1040,2900,347,1224,18707,2095,1075
ENSG00000144061.14,NPHP1,136,165,92,106,208,117,114
ENSG00000144115.18,THNSL2,121,389,12,237,490,366,32
ENSG00000144118.14,RALB,2133,916,1788,2045,1397,2691,1758
ENSG00000144120.13,TMEM177,168,161,216,186,236,158,143
ENSG00000144134.19,RABL2A,211,241,155,216,304,182,142
ENSG00000144136.11,SLC20A1,2675,3097,4209,2904,3953,2717,3362
ENSG00000144152.13,FBLN7,8,258,5,6,40,6,15
ENSG00000144161.14,ZC3H8,177,246,202,186,249,198,153
ENSG00000144182.17,LIPT1,91,62,48,36,95,47,47
ENSG00000144199.12,FAHD2B,209,287,137,167,340,96,63
ENSG00000144218.21,AFF3,687,1799,501,676,1609,861,606
ENSG00000144224.17,UBXN4,5656,4841,4717,4361,6092,4059,3694
ENSG00000144227.5,NXPH2,6,25,38,8,16,8,43
ENSG00000144228.9,SPOPL,837,493,443,537,679,692,521
ENSG00000144231.11,POLR2D,1129,858,952,963,1236,834,717
ENSG00000144233.12,AMMECR1L,1620,1235,1323,1557,2101,1429,1503
ENSG00000144278.15,GALNT13,43,16,114,129,81,75,89
ENSG00000144283.23,PKP4,2435,2313,2157,2894,3504,2035,1783
ENSG00000144306.15,SCRN3,646,503,428,497,706,447,370
ENSG00000144320.14,LNPK,1420,1074,1444,1181,1327,1205,1106
ENSG00000144331.20,ZNF385B,36,19,2,5,44,3,13
ENSG00000144339.12,TMEFF2,132,795,53,135,339,82,142
ENSG00000144354.15,CDCA7,190,731,361,380,530,94,94
ENSG00000144355.15,DLX1,14,11,4,7,216,59,8
ENSG00000144357.18,UBR3,1623,1135,1106,1510,1581,1659,1239
ENSG00000144362.12,PHOSPHO2,32,38,16,30,24,18,18
ENSG00000144366.17,GULP1,1446,1695,1034,1384,804,1492,1332
ENSG00000144369.14,FAM171B,772,1381,467,409,2006,694,763
ENSG00000144381.18,HSPD1,7864,6737,9280,10605,6348,5930,4762
ENSG00000144395.18,CCDC150,74,208,133,160,107,32,36
ENSG00000144401.14,METTL21A,413,293,340,345,390,328,289
ENSG00000144406.19,UNC80,36,243,27,35,101,54,68
ENSG00000144426.19,NBEAL1,962,485,599,744,676,1449,830
ENSG00000144445.17,KANSL1L,363,393,194,257,694,243,230
ENSG00000144451.20,SPAG16,410,325,255,298,427,327,247
ENSG00000144452.15,ABCA12,154,11,96,99,29,238,97
ENSG00000144455.14,SUMF1,1949,1046,1981,711,1112,1158,1054
ENSG00000144460.13,NYAP2,2,70,2,17,1260,39,38
ENSG00000144468.17,RHBDD1,677,600,574,515,574,519,525
ENSG00000144476.6,ACKR3,5358,1844,3988,3183,2473,2049,2249
ENSG00000144485.11,HES6,472,100,166,208,1968,118,139
ENSG00000144488.15,ESPNL,65,66,32,24,76,29,40
ENSG00000144504.16,ANKMY1,154,150,108,128,152,109,86
ENSG00000144524.18,COPS7B,1268,1081,977,1115,1532,887,945
ENSG00000144535.20,DIS3L2,685,592,732,613,809,649,528
ENSG00000144554.13,FANCD2,250,1185,524,610,613,128,206
ENSG00000144559.11,TAMM41,242,213,230,281,297,208,169
ENSG00000144560.16,VGLL4,3094,2740,1812,2300,5255,2616,3187
ENSG00000144566.11,RAB5A,2977,1444,2138,2316,2442,3088,2533
ENSG00000144567.11,RETREG2,3276,2065,2768,2279,2933,2252,2128
ENSG00000144579.9,CTDSP1,1291,1560,807,984,2031,1096,1073
ENSG00000144580.15,CNOT9,1304,1663,1246,1499,1943,1286,1258
ENSG00000144583.5,MARCHF4,2988,245,3932,3698,970,4733,4482
ENSG00000144589.22,STK11IP,600,809,757,635,838,446,493
ENSG00000144591.20,GMPPA,1309,911,1176,1172,821,892,893
ENSG00000144596.13,GRIP2,25,5,18,92,417,34,26
ENSG00000144597.14,EAF1,1297,738,927,1091,1315,1142,1179
ENSG00000144619.15,CNTN4,156,2359,32,33,1302,62,105
ENSG00000144635.9,DYNC1LI1,1634,1080,1403,1686,1680,1458,1469
ENSG00000144642.22,RBMS3,409,896,373,484,1537,475,326
ENSG00000144645.16,OSBPL10,904,340,530,961,1322,1278,1014
ENSG00000144647.7,POMGNT2,857,406,632,445,921,649,543
ENSG00000144655.15,CSRNP1,1395,530,903,1360,1384,1242,1922
ENSG00000144659.13,SLC25A38,1267,528,949,941,828,956,917
ENSG00000144668.12,ITGA9,31,831,37,113,576,47,323
ENSG00000144674.19,GOLGA4,4337,2749,2908,3813,3496,4351,2877
ENSG00000144677.15,CTDSPL,1648,1308,1108,1392,1474,981,1087
ENSG00000144681.11,STAC,119,100,235,154,6,72,72
ENSG00000144711.17,IQSEC1,2886,1983,1959,2317,4444,3440,2983
ENSG00000144712.13,CAND2,362,620,254,330,581,235,170
ENSG00000144724.20,PTPRG,2176,5981,1696,1670,6115,2685,2625
ENSG00000144730.19,IL17RD,1330,415,947,735,2396,1093,1036
ENSG00000144736.14,SHQ1,686,460,607,680,696,569,648
ENSG00000144741.19,SLC25A26,503,268,314,332,467,344,255
ENSG00000144744.18,UBA3,2319,1876,2184,2096,2133,1775,2077
ENSG00000144746.7,ARL6IP5,6787,4515,7986,4367,4401,4914,4736
ENSG00000144747.17,TMF1,2155,1505,1322,1924,1930,1932,1606
ENSG00000144749.14,LRIG1,3464,2056,2027,2695,3986,3443,3437
ENSG00000144791.10,LIMD1,777,943,1021,919,1120,747,729
ENSG00000144792.9,ZNF660,191,260,157,238,400,155,167
ENSG00000144802.11,NFKBIZ,252,253,668,505,165,220,131
ENSG00000144810.16,COL8A1,33520,36447,45892,41671,32257,30361,20738
ENSG00000144815.18,NXPE3,2377,1285,1748,2081,1444,1866,1548
ENSG00000144821.11,MYH15,92,50,86,121,41,107,62
ENSG00000144824.21,PHLDB2,4519,4827,4525,7083,4615,5502,4933
ENSG00000144827.9,ABHD10,1029,620,587,749,797,792,711
ENSG00000144834.14,TAGLN3,90,130,89,185,364,78,70
ENSG00000144837.9,PLA1A,69,6,52,32,10,18,37
ENSG00000144840.10,RABL3,602,479,385,449,521,634,448
ENSG00000144843.12,ADPRH,169,118,118,139,117,129,105
ENSG00000144848.11,ATG3,1205,725,911,1072,1114,1024,958
ENSG00000144857.15,BOC,508,4211,560,1094,1319,539,782
ENSG00000144867.13,SRPRB,2620,1180,3044,2224,1478,2124,1655
ENSG00000144868.14,TMEM108,177,129,164,103,241,172,239
ENSG00000144893.13,MED12L,371,187,154,339,369,311,613
ENSG00000144895.12,EIF2A,2155,1426,1264,1649,1635,1496,1366
ENSG00000144909.8,OSBPL11,937,835,603,979,1092,852,928
ENSG00000144935.17,TRPC1,721,610,593,552,460,549,498
ENSG00000144959.11,NCEH1,653,56,1139,470,64,562,420
ENSG00000145012.15,LPP,4261,4602,6968,8354,4379,6475,7335
ENSG00000145014.18,TMEM44,378,539,484,463,580,351,207
ENSG00000145016.17,RUBCN,1072,788,870,909,1008,774,688
ENSG00000145022.5,TCTA,1072,356,724,717,448,739,876
ENSG00000145040.4,UCN2,125,15,197,142,32,60,82
ENSG00000145041.17,DCAF1,791,852,635,892,919,714,580
ENSG00000145050.19,MANF,2224,1205,2744,2595,3377,2162,2117
ENSG00000145087.14,STXBP5L,13,4,23,6,32,75,106
ENSG00000145088.9,EAF2,40,5,13,32,24,23,17
ENSG00000145147.20,SLIT2,1066,2470,874,1248,3992,877,2194
ENSG00000145191.15,EIF2B5,1131,948,1285,1272,1106,773,751
ENSG00000145214.14,DGKQ,713,638,807,798,1029,621,512
ENSG00000145216.17,FIP1L1,830,974,799,819,971,756,735
ENSG00000145220.14,LYAR,255,167,203,265,301,157,166
ENSG00000145241.11,CENPC,406,522,351,465,632,376,353
ENSG00000145242.14,EPHA5,14,231,39,5,161,45,33
ENSG00000145246.14,ATP10D,3210,2128,2371,1495,1451,3426,2393
ENSG00000145247.12,OCIAD2,2726,494,4093,2439,654,2322,1432
ENSG00000145248.7,SLC10A4,14,70,15,8,90,14,9
ENSG00000145284.12,SCD5,593,505,1611,446,1427,917,907
ENSG00000145287.11,PLAC8,202,16,91,109,3,70,153
ENSG00000145293.17,ENOPH1,1267,906,1154,1245,1274,1009,994
ENSG00000145331.14,TRMT10A,236,124,147,228,229,212,198
ENSG00000145332.14,KLHL8,708,754,321,468,1137,537,436
ENSG00000145335.17,SNCA,1006,713,675,622,1733,488,689
ENSG00000145348.17,TBCK,905,1503,669,620,1408,579,480
ENSG00000145349.20,CAMK2D,4146,3934,2588,3462,3605,3127,3124
ENSG00000145354.12,CISD2,1241,645,1003,946,969,846,867
ENSG00000145362.21,ANK2,2046,1165,1097,1321,1768,1812,1942
ENSG00000145365.12,TIFA,88,271,78,95,255,36,45
ENSG00000145375.9,SPATA5,458,279,392,535,328,362,388
ENSG00000145386.11,CCNA2,429,2000,886,1353,1426,267,366
ENSG00000145388.15,METTL14,752,691,579,596,989,678,581
ENSG00000145390.12,USP53,1083,492,1114,615,562,1064,579
ENSG00000145391.14,SETD7,5097,2141,3247,4410,2382,6123,3800
ENSG00000145414.9,NAF1,207,219,190,274,375,277,246
ENSG00000145416.14,MARCHF1,110,13,49,52,9,28,120
ENSG00000145423.5,SFRP2,14149,4897,2035,4664,2424,8802,28801
ENSG00000145428.15,RNF175,32,162,38,19,75,12,18
ENSG00000145431.11,PDGFC,8500,6326,7001,6119,11130,7801,5300
ENSG00000145439.12,CBR4,847,621,630,539,710,569,492
ENSG00000145476.16,CYP4V2,184,147,266,62,140,208,179
ENSG00000145494.12,NDUFS6,1096,684,1036,1025,1208,1027,897
ENSG00000145495.17,MARCHF6,4550,5225,4079,4126,5448,4132,3775
ENSG00000145506.14,NKD2,3,61,3,7,1545,6,2
ENSG00000145536.15,ADAMTS16,1437,277,294,418,4233,521,1153
ENSG00000145545.12,SRD5A1,1212,718,807,1007,952,999,1033
ENSG00000145555.15,MYO10,2809,1192,2185,2716,5001,4904,4085
ENSG00000145569.6,OTULINL,66,173,52,58,409,59,86
ENSG00000145604.17,SKP2,723,1667,544,956,1757,478,450
ENSG00000145623.13,OSMR,768,3213,1411,830,1175,1270,1024
ENSG00000145632.15,PLK2,4827,1621,5578,4158,2001,3318,6025
ENSG00000145649.8,GZMA,149,3,26,233,471,290,359
ENSG00000145675.16,PIK3R1,1319,1536,545,667,1463,1005,999
ENSG00000145681.11,HAPLN1,15062,19344,4898,11826,18603,19492,9159
ENSG00000145685.14,LHFPL2,1026,1043,828,613,1314,901,738
ENSG00000145687.17,SSBP2,1280,1576,736,620,1770,1021,844
ENSG00000145703.17,IQGAP2,253,993,90,180,423,161,380
ENSG00000145708.11,CRHBP,680,112,706,282,9,81,60
ENSG00000145715.15,RASA1,2582,1478,1855,2083,3016,2784,2136
ENSG00000145721.12,LIX1,73,47,330,96,303,31,105
ENSG00000145723.17,GIN1,114,84,84,96,94,97,119
ENSG00000145725.21,PPIP5K2,2318,1962,1459,2074,2236,1939,1830
ENSG00000145730.21,PAM,8679,7571,8357,5544,8310,8396,5406
ENSG00000145734.20,BDP1,1329,1436,984,1396,1832,1766,1487
ENSG00000145736.15,GTF2H2,69,76,206,66,96,87,195
ENSG00000145740.20,SLC30A5,2122,1555,1694,1625,1822,1783,1228
ENSG00000145741.17,BTF3,7780,5863,6023,5156,6808,5647,4834
ENSG00000145743.18,FBXL17,811,522,477,677,1006,814,681
ENSG00000145757.16,SPATA9,44,38,6,6,23,20,14
ENSG00000145779.8,TNFAIP8,2147,364,1255,1255,580,3179,949
ENSG00000145780.8,FEM1C,747,589,660,728,913,836,796
ENSG00000145781.9,COMMD10,655,358,410,442,522,421,355
ENSG00000145782.13,ATG12,1966,1289,1382,1607,2156,1933,1864
ENSG00000145794.17,MEGF10,478,612,273,143,931,525,441
ENSG00000145817.17,YIPF5,4189,2370,3451,3236,2941,3811,2926
ENSG00000145819.18,ARHGAP26,259,229,188,221,252,346,304
ENSG00000145824.13,CXCL14,503,80,29,132,5579,382,55
ENSG00000145833.16,DDX46,1962,1947,1604,2357,2378,1828,1477
ENSG00000145860.13,RNF145,3661,4664,2625,3137,4896,1938,2356
ENSG00000145861.9,C1QTNF2,22,50,25,9,51,39,18
ENSG00000145868.17,FBXO38,1394,1114,1029,1244,1351,1252,1071
ENSG00000145882.11,PCYOX1L,760,422,602,247,498,474,291
ENSG00000145901.16,TNIP1,4124,1265,6422,4767,1995,3886,3552
ENSG00000145907.16,G3BP1,5097,5403,5759,6711,5474,5755,5119
ENSG00000145908.14,ZNF300,560,701,578,560,932,410,439
ENSG00000145911.6,N4BP3,153,39,102,154,90,61,81
ENSG00000145912.10,NHP2,1440,867,1566,1691,1387,1337,1234
ENSG00000145916.19,RMND5B,632,441,509,444,584,357,324
ENSG00000145919.11,BOD1,2143,1593,1463,1485,2875,1486,1647
ENSG00000145934.17,TENM2,4377,5405,5280,5675,6980,7196,5612
ENSG00000145936.9,KCNMB1,48,36,18,88,720,15,44
ENSG00000145945.7,FAM50B,204,95,127,113,264,179,142
ENSG00000145949.12,MYLK4,44,51,33,31,146,42,31
ENSG00000145979.18,TBC1D7,637,371,246,411,587,489,270
ENSG00000145982.13,FARS2,369,236,295,352,313,238,315
ENSG00000145990.11,GFOD1,204,84,116,219,164,370,301
ENSG00000145996.11,CDKAL1,379,331,305,327,404,311,271
ENSG00000146007.11,ZMAT2,2646,1520,1669,1929,2208,1692,1466
ENSG00000146021.15,KLHL3,185,174,150,187,210,126,270
ENSG00000146038.12,DCDC2,813,72,1834,626,43,1366,546
ENSG00000146063.20,TRIM41,1252,858,857,1053,1546,930,924
ENSG00000146066.3,HIGD2A,1387,781,873,920,1166,1078,1096
ENSG00000146067.17,FAM193B,966,965,1091,991,1399,596,751
ENSG00000146072.6,TNFRSF21,3706,1278,5794,3859,1478,4703,7705
ENSG00000146083.12,RNF44,1674,1456,1496,1310,2810,1816,2362
ENSG00000146085.8,MMUT,1136,932,866,1119,1174,795,705
ENSG00000146094.16,DOK3,160,118,306,235,199,187,197
ENSG00000146109.5,ABT1,964,694,843,846,976,770,804
ENSG00000146112.12,PPP1R18,3964,3153,4726,5579,4679,4895,4854
ENSG00000146122.17,DAAM2,2218,5090,1272,2504,4366,1927,2883
ENSG00000146143.19,PRIM2,309,327,316,428,292,243,187
ENSG00000146151.14,HMGCLL1,76,94,47,54,92,45,14
ENSG00000146166.17,LGSN,14,638,1,9,239,13,11
ENSG00000146197.9,SCUBE3,1851,4108,1063,1660,4524,1405,1831
ENSG00000146205.15,ANO7,65,26,17,68,43,38,47
ENSG00000146232.17,NFKBIE,341,332,695,403,388,305,350
ENSG00000146233.8,CYP39A1,57,91,21,19,83,41,23
ENSG00000146242.9,TPBG,1183,1313,1073,909,4325,1281,1302
ENSG00000146243.14,IRAK1BP1,195,121,70,111,236,131,84
ENSG00000146247.15,PHIP,1713,2191,1407,1641,2603,1795,1670
ENSG00000146250.7,PRSS35,489,277,168,332,275,639,425
ENSG00000146263.12,MMS22L,355,578,241,406,495,228,180
ENSG00000146267.12,FAXC,212,220,293,163,394,242,197
ENSG00000146278.11,PNRC1,1388,879,1008,857,1535,1437,1479
ENSG00000146281.6,PM20D2,451,475,899,619,694,426,544
ENSG00000146282.19,RARS2,2026,1119,1180,1425,1600,1658,1417
ENSG00000146350.14,TBC1D32,235,203,108,164,307,168,122
ENSG00000146373.17,RNF217,1360,914,961,1035,1555,1257,1119
ENSG00000146374.14,RSPO3,361,1278,33,29,574,197,95
ENSG00000146376.11,ARHGAP18,1385,179,1221,882,375,1953,1004
ENSG00000146386.8,ABRACL,728,327,832,665,372,551,501
ENSG00000146409.12,SLC18B1,288,452,252,178,369,251,120
ENSG00000146410.12,MTFR2,55,85,108,99,85,21,27
ENSG00000146411.6,SLC2A12,456,345,348,591,203,261,430
ENSG00000146414.17,SHPRH,559,760,370,537,840,552,573
ENSG00000146416.19,AIG1,1275,736,714,504,524,858,441
ENSG00000146425.11,DYNLT1,2423,1280,1675,2015,1451,1580,1709
ENSG00000146426.19,TIAM2,649,283,531,529,707,503,626
ENSG00000146433.10,TMEM181,2516,1743,2213,2218,1813,2091,1646
ENSG00000146457.16,WTAP,2102,1679,1597,1896,2572,1760,1630
ENSG00000146463.12,ZMYM4,2446,2714,1764,2258,3986,2233,2273
ENSG00000146476.11,ARMT1,2531,871,2222,2171,1080,1865,1426
ENSG00000146477.6,SLC22A3,37,3,18,5,1,92,42
ENSG00000146535.14,GNA12,4997,2527,2184,3314,3887,3509,2813
ENSG00000146540.15,C7orf50,1904,1116,1014,1116,2686,1453,1231
ENSG00000146555.20,SDK1,591,639,737,804,809,487,607
ENSG00000146574.16,CCZ1B,294,462,280,298,664,522,256
ENSG00000146576.13,INTS15,574,564,583,537,1134,536,618
ENSG00000146587.18,RBAK,563,565,546,601,861,551,523
ENSG00000146592.17,CREB5,741,535,1118,655,517,860,743
ENSG00000146648.21,EGFR,4673,3554,5730,3530,2858,3970,4522
ENSG00000146670.10,CDCA5,343,1013,572,727,773,244,293
ENSG00000146674.16,IGFBP3,47528,2069,22439,38727,24427,22996,13811
ENSG00000146676.10,PURB,1429,1139,1138,1595,1890,1665,1660
ENSG00000146700.9,SSC4D,526,305,88,135,153,138,272
ENSG00000146701.12,MDH2,3999,2323,3570,4043,3312,3382,3225
ENSG00000146707.15,POMZP3,367,135,145,270,258,186,146
ENSG00000146729.10,NIPSNAP2,1397,1381,985,1028,1891,1083,915
ENSG00000146731.11,CCT6A,7502,4094,7501,8040,5645,6037,5390
ENSG00000146733.14,PSPH,741,258,560,783,377,478,530
ENSG00000146757.14,ZNF92,217,314,201,297,503,275,300
ENSG00000146776.15,ATXN7L1,112,153,87,130,222,127,145
ENSG00000146802.13,TMEM168,688,897,761,621,1003,649,402
ENSG00000146826.17,TRAPPC14,672,372,652,465,562,459,427
ENSG00000146828.18,SLC12A9,1606,959,1597,1372,973,1033,952
ENSG00000146830.11,GIGYF1,1260,2115,1126,1283,2917,781,1051
ENSG00000146833.16,TRIM4,67,9,160,0,45,5,160
ENSG00000146834.15,MEPCE,237,194,116,201,389,207,234
ENSG00000146842.17,TMEM209,423,443,457,377,609,359,350
ENSG00000146856.14,AGBL3,34,29,28,17,46,37,22
ENSG00000146858.8,ZC3HAV1L,191,393,87,243,521,278,221
ENSG00000146872.19,TLK2,1378,985,878,1221,1463,1123,983
ENSG00000146909.8,NOM1,641,569,647,696,644,674,482
ENSG00000146918.20,NCAPG2,492,1420,724,1147,1204,343,430
ENSG00000146938.16,NLGN4X,315,451,776,300,640,715,897
ENSG00000146950.13,SHROOM2,1994,705,917,627,1620,1329,1572
ENSG00000146963.18,LUC7L2,777,714,748,714,1070,849,850
ENSG00000146966.13,DENND2A,1595,1604,1319,1383,852,1032,966
ENSG00000147010.19,SH3KBP1,2079,354,1077,1079,892,2601,2332
ENSG00000147027.4,TMEM47,2413,1403,3298,1845,2061,2965,2208
ENSG00000147036.12,LANCL3,12,3,25,8,27,45,13
ENSG00000147041.12,SYTL5,5459,987,924,1646,1712,6295,2237
ENSG00000147044.23,CASK,2138,1941,2133,2003,2610,2877,3033
ENSG00000147050.18,KDM6A,1388,1233,2005,1209,1416,1874,2367
ENSG00000147059.9,SPIN2A,19,63,2,12,35,3,8
ENSG00000147065.18,MSN,15442,10643,16487,20896,14164,17395,18080
ENSG00000147099.21,HDAC8,295,206,226,221,353,270,211
ENSG00000147100.11,SLC16A2,1500,1451,971,964,2140,1246,1298
ENSG00000147118.12,ZNF182,266,229,229,206,291,173,139
ENSG00000147119.4,CHST7,391,49,425,259,156,535,421
ENSG00000147121.16,KRBOX4,454,299,341,289,362,256,228
ENSG00000147123.12,NDUFB11,1920,1356,1288,1470,1505,981,1011
ENSG00000147124.13,ZNF41,341,221,218,306,316,334,283
ENSG00000147130.14,ZMYM3,2736,3842,2167,2847,3798,1942,2394
ENSG00000147133.17,TAF1,1119,1443,968,1160,1470,1072,993
ENSG00000147140.17,NONO,12441,13470,10596,11767,15740,8564,9661
ENSG00000147144.13,CCDC120,339,354,253,229,555,251,261
ENSG00000147145.14,LPAR4,198,519,174,283,582,90,153
ENSG00000147155.11,EBP,584,404,951,989,366,302,330
ENSG00000147162.15,OGT,3601,4737,3860,4064,4299,2508,2697
ENSG00000147164.12,SNX12,2556,1130,1537,1940,1543,1672,2141
ENSG00000147174.12,GCNA,51,21,72,39,23,29,25
ENSG00000147180.17,ZNF711,1038,2263,692,994,5294,613,713
ENSG00000147202.19,DIAPH2,372,314,413,217,291,917,528
ENSG00000147224.13,PRPS1,2753,809,1983,4377,1421,2585,2408
ENSG00000147231.14,RADX,72,66,69,77,108,130,68
ENSG00000147234.11,FRMPD3,33,10,20,74,37,63,68
ENSG00000147251.16,DOCK11,730,888,216,595,1023,520,535
ENSG00000147255.19,IGSF1,145,143,148,83,233,167,112
ENSG00000147257.16,GPC3,381,2530,140,589,9520,349,478
ENSG00000147274.14,RBMX,4331,7251,5109,5368,6894,3100,4015
ENSG00000147316.15,MCPH1,653,582,575,623,804,547,604
ENSG00000147324.11,MFHAS1,727,667,577,544,1086,805,729
ENSG00000147364.17,FBXO25,871,343,285,453,690,702,436
ENSG00000147383.11,NSDHL,1379,769,1919,1785,1009,847,1282
ENSG00000147394.20,ZNF185,1634,1994,2073,1247,1570,1096,1849
ENSG00000147400.10,CETN2,1432,928,1094,1158,1486,1164,1176
ENSG00000147408.16,CSGALNACT1,48,113,15,25,33,59,70
ENSG00000147416.11,ATP6V1B2,4687,3157,2766,1804,6573,3032,3402
ENSG00000147419.19,CCDC25,1109,829,919,913,867,760,792
ENSG00000147421.18,HMBOX1,430,322,316,415,561,453,403
ENSG00000147439.14,BIN3,446,447,554,496,649,450,403
ENSG00000147454.14,SLC25A37,1475,1117,1707,1188,772,875,978
ENSG00000147457.14,CHMP7,1918,1054,1668,1551,1750,1665,1383
ENSG00000147459.18,DOCK5,746,346,939,594,480,843,679
ENSG00000147471.12,PLPBP,796,629,747,674,934,636,651
ENSG00000147475.17,ERLIN2,2130,2131,2145,1548,2180,1602,1668
ENSG00000147485.13,PXDNL,34,9,27,31,14,13,28
ENSG00000147509.14,RGS20,191,15,230,193,13,139,344
ENSG00000147526.20,TACC1,3976,1911,4152,2369,1695,3371,2190
ENSG00000147533.19,GOLGA7,1766,1149,1095,1256,1628,1508,1540
ENSG00000147535.17,PLPP5,2082,2569,1393,1470,9659,1529,1114
ENSG00000147536.12,GINS4,323,696,533,506,523,175,397
ENSG00000147548.17,NSD3,2466,3395,1588,2267,7340,2250,2085
ENSG00000147571.5,CRH,92,0,17,14,0,328,7
ENSG00000147573.17,TRIM55,63,10,52,113,9,57,40
ENSG00000147576.17,ADHFE1,92,29,50,32,49,55,28
ENSG00000147592.9,LACTB2,200,131,101,138,154,145,160
ENSG00000147601.15,TERF1,1098,934,897,984,1393,1025,840
ENSG00000147642.17,SYBU,161,28,115,53,88,130,118
ENSG00000147649.10,MTDH,4652,3760,4193,3991,4966,4372,3478
ENSG00000147650.12,LRP12,2463,7740,1793,1818,3878,2285,1968
ENSG00000147654.16,EBAG9,394,256,308,291,406,353,231
ENSG00000147669.11,POLR2K,1102,586,758,791,978,920,847
ENSG00000147676.14,MAL2,210,1,176,52,148,56,55
ENSG00000147677.12,EIF3H,5510,3844,3090,3604,4975,3995,3470
ENSG00000147679.12,UTP23,308,425,291,351,499,318,293
ENSG00000147684.10,NDUFB9,1508,886,1334,1318,1525,1269,1052
ENSG00000147687.19,TATDN1,371,254,315,304,318,253,217
ENSG00000147789.16,ZNF7,526,425,488,464,566,366,356
ENSG00000147799.12,ARHGAP39,334,326,296,289,593,326,413
ENSG00000147804.10,SLC39A4,105,25,6,4,33,6,9
ENSG00000147813.16,NAPRT,265,573,84,230,734,146,53
ENSG00000147852.17,VLDLR,1654,1551,1385,1279,1005,1492,1396
ENSG00000147853.17,AK3,1537,1565,1603,992,1871,1294,1199
ENSG00000147854.17,UHRF2,1483,1225,1287,1470,1649,1211,1018
ENSG00000147862.18,NFIB,51,388,56,64,149,120,73
ENSG00000147872.10,PLIN2,1161,1147,1054,890,1088,868,813
ENSG00000147874.11,HAUS6,876,988,835,1001,1230,745,748
ENSG00000147883.12,CDKN2B,14122,590,5516,12768,9768,15643,19065
ENSG00000147889.18,CDKN2A,977,33,957,370,345,2062,2722
ENSG00000147894.17,C9orf72,315,340,208,308,317,243,206
ENSG00000147905.18,ZCCHC7,607,394,397,494,658,527,420
ENSG00000147912.13,FBXO10,400,545,386,332,578,213,354
ENSG00000147955.18,SIGMAR1,2731,2605,3916,2486,2936,2249,2291
ENSG00000147996.17,ZNG1E,228,113,154,183,126,166,117
ENSG00000148019.14,CEP78,917,1133,802,1152,1596,716,959
ENSG00000148053.18,NTRK2,110,38,83,131,3120,273,1143
ENSG00000148057.16,IDNK,54,27,10,18,42,26,8
ENSG00000148082.10,SHC3,425,73,436,376,681,813,587
ENSG00000148090.12,AUH,234,221,167,204,295,170,170
ENSG00000148110.17,MFSD14B,2438,1605,2671,1747,1917,1901,1597
ENSG00000148120.19,AOPEP,1489,387,788,1025,1321,762,790
ENSG00000148143.13,ZNF462,1934,2067,1175,1641,2939,2242,1852
ENSG00000148153.14,INIP,681,628,447,611,948,541,569
ENSG00000148154.10,UGCG,5146,1778,7090,5068,965,3141,2381
ENSG00000148158.17,SNX30,1811,974,539,946,1804,1286,1134
ENSG00000148175.13,STOM,436,838,593,606,792,476,618
ENSG00000148180.22,GSN,19525,8203,12311,10080,10226,15644,11016
ENSG00000148187.18,MRRF,550,412,556,528,442,367,327
ENSG00000148200.17,NR6A1,163,171,180,183,103,123,195
ENSG00000148204.12,CRB2,803,75,3135,648,485,429,1515
ENSG00000148218.16,ALAD,1184,879,951,716,1254,1124,867
ENSG00000148219.18,ASTN2,190,153,122,115,413,216,156
ENSG00000148225.17,WDR31,58,133,32,34,157,41,57
ENSG00000148229.13,POLE3,1715,1107,1410,1674,1522,1534,1316
ENSG00000148248.14,SURF4,18617,9358,16156,14682,13503,15249,13340
ENSG00000148288.13,GBGT1,196,227,145,202,658,157,127
ENSG00000148290.10,SURF1,872,349,598,483,561,418,384
ENSG00000148291.10,SURF2,366,157,323,311,320,257,291
ENSG00000148296.7,SURF6,1017,809,1268,1152,1402,1026,1343
ENSG00000148297.16,MED22,1398,1630,1143,1315,1812,909,1146
ENSG00000148300.12,REXO4,1018,748,894,1070,1236,858,688
ENSG00000148308.18,GTF3C5,1620,1571,1392,1591,2013,1221,1366
ENSG00000148331.12,ASB6,988,856,811,856,1146,792,726
ENSG00000148334.16,PTGES2,1355,846,1275,1002,1095,888,867
ENSG00000148335.15,NTMT1,1084,1714,1184,908,937,692,640
ENSG00000148337.22,CIZ1,3464,3189,2743,3292,4841,3372,3351
ENSG00000148339.13,SLC25A25,613,474,484,609,557,420,425
ENSG00000148341.18,SH3GLB2,1884,2010,2256,1264,1547,908,799
ENSG00000148343.19,MIGA2,768,601,1017,738,793,557,571
ENSG00000148344.11,PTGES,93,49,14,64,28,45,27
ENSG00000148356.15,LRSAM1,733,520,612,709,915,532,602
ENSG00000148358.21,GPR107,7181,4698,4756,5013,5522,6131,4590
ENSG00000148362.11,PAXX,270,490,468,274,490,170,252
ENSG00000148384.14,INPP5E,679,722,995,801,1233,533,712
ENSG00000148396.19,SEC16A,4594,5041,3516,4817,6343,5944,5110
ENSG00000148399.13,DPH7,867,541,991,777,732,424,535
ENSG00000148400.13,NOTCH1,1605,2405,1156,1599,3252,1783,1781
ENSG00000148408.14,CACNA1B,8,38,96,12,243,227,221
ENSG00000148411.8,NACC2,2267,771,2871,1795,1099,3431,2507
ENSG00000148426.14,PROSER2,190,159,195,343,122,232,171
ENSG00000148429.15,USP6NL,694,846,522,591,1530,704,787
ENSG00000148444.16,COMMD3,180,149,184,123,280,160,154
ENSG00000148450.13,MSRB2,459,340,315,327,569,310,289
ENSG00000148459.16,PDSS1,197,75,169,237,162,134,162
ENSG00000148468.17,FAM171A1,3491,4311,2927,2494,4478,3423,2812
ENSG00000148481.14,MINDY3,1080,572,633,797,685,830,693
ENSG00000148484.18,RSU1,5721,1843,4158,4963,3308,4734,4603
ENSG00000148498.17,PARD3,2134,1789,1534,1841,2727,2000,1397
ENSG00000148516.23,ZEB1,668,1162,459,993,4143,831,933
ENSG00000148541.13,FAM13C,156,167,24,43,117,133,130
ENSG00000148572.16,NRBF2,1095,481,745,807,982,1191,1069
ENSG00000148600.15,CDHR1,1354,45,1836,430,45,896,338
ENSG00000148606.15,POLR3A,1650,1273,1520,1588,1538,1573,1603
ENSG00000148634.16,HERC4,1730,1431,1454,1609,1572,1622,1260
ENSG00000148660.22,CAMK2G,1546,1700,949,1365,1613,1102,1090
ENSG00000148672.10,GLUD1,3098,2078,2739,3106,2395,2628,2410
ENSG00000148677.7,ANKRD1,21991,916,25064,23467,3269,20869,21076
ENSG00000148688.14,RPP30,446,434,385,454,597,351,346
ENSG00000148690.12,FRA10AC1,574,432,494,336,531,365,316
ENSG00000148700.15,ADD3,4656,5026,2840,4183,4476,6524,5377
ENSG00000148704.13,VAX1,383,9,186,96,79,282,269
ENSG00000148719.16,DNAJB12,1243,1016,1476,1107,1146,1141,1204
ENSG00000148730.7,EIF4EBP2,5465,5044,2761,4231,6679,5752,5160
ENSG00000148737.18,TCF7L2,841,1676,724,842,1659,966,1327
ENSG00000148773.14,MKI67,850,8760,2233,2981,4494,589,863
ENSG00000148798.11,INA,466,67,633,487,735,1549,1214
ENSG00000148803.12,FUOM,385,183,309,209,173,173,189
ENSG00000148814.18,LRRC27,286,308,176,247,491,231,195
ENSG00000148824.19,MTG1,490,409,710,535,457,305,297
ENSG00000148834.13,GSTO1,2432,973,2980,2017,1051,2202,2098
ENSG00000148835.12,TAF5,186,294,147,231,332,132,158
ENSG00000148840.11,PPRC1,1716,1467,1433,2111,1601,1893,1887
ENSG00000148841.17,ITPRIP,1036,1099,1633,1164,1181,1124,1358
ENSG00000148842.18,CNNM2,919,499,554,1374,1595,1306,1969
ENSG00000148843.15,PDCD11,2403,2225,3044,3033,2490,2328,2413
ENSG00000148848.15,ADAM12,5930,7169,5698,6039,3893,7535,4975
ENSG00000148908.15,RGS10,344,219,272,164,145,404,252
ENSG00000148925.11,BTBD10,2024,870,1758,1489,1320,1876,1463
ENSG00000148926.10,ADM,1273,2761,668,1252,500,570,214
ENSG00000148935.12,GAS2,24,87,15,19,225,33,11
ENSG00000148942.15,SLC5A12,22,25,4,5,87,21,19
ENSG00000148943.12,LIN7C,567,321,445,439,510,492,474
ENSG00000148948.8,LRRC4C,39,383,9,44,963,81,162
ENSG00000148950.11,IMMP1L,229,160,158,156,170,147,146
ENSG00000148985.20,PGAP2,562,329,527,406,526,344,312
ENSG00000149016.16,TUT1,195,111,238,153,125,102,138
ENSG00000149050.10,ZNF214,35,77,33,23,124,26,30
ENSG00000149054.16,ZNF215,88,91,96,79,82,104,59
ENSG00000149084.13,HSD17B12,2411,1017,3068,1894,1581,2010,1741
ENSG00000149089.13,APIP,285,267,155,281,294,181,133
ENSG00000149090.13,PAMR1,3243,672,394,791,1750,941,1142
ENSG00000149091.15,DGKZ,2202,2291,2191,2110,2650,1987,1902
ENSG00000149100.13,EIF3M,3461,2018,2863,3150,2482,2338,2129
ENSG00000149115.14,TNKS1BP1,4711,4021,5058,4903,6426,5064,5164
ENSG00000149131.17,SERPING1,2313,5543,1248,964,3707,1329,1475
ENSG00000149136.9,SSRP1,3222,4576,3636,4202,5292,2596,2891
ENSG00000149150.9,SLC43A1,84,121,80,74,117,63,105
ENSG00000149177.15,PTPRJ,2804,1050,4105,1987,992,2169,2331
ENSG00000149179.14,CSTPP1,980,740,870,798,1105,862,744
ENSG00000149182.15,ARFGAP2,2083,1699,1917,2047,2036,1410,1636
ENSG00000149187.19,CELF1,2622,2391,2365,2750,3513,1844,3079
ENSG00000149196.17,HIKESHI,875,643,612,613,773,531,438
ENSG00000149201.10,CCDC81,89,51,112,157,34,57,67
ENSG00000149212.12,SESN3,3867,4714,2169,2602,6225,3382,6880
ENSG00000149218.5,ENDOD1,927,941,2688,761,604,1264,1157
ENSG00000149231.16,CCDC82,1105,904,1113,1117,1315,1104,991
ENSG00000149243.17,KLHL35,27,11,23,16,55,38,23
ENSG00000149256.16,TENM4,358,1627,393,643,2013,400,1286
ENSG00000149257.16,SERPINH1,27695,24425,29820,24853,33392,25828,28800
ENSG00000149260.18,CAPN5,650,1156,678,754,1286,868,720
ENSG00000149262.19,INTS4,609,722,500,658,795,522,493
ENSG00000149269.10,PAK1,791,1354,795,720,1795,885,872
ENSG00000149289.11,ZC3H12C,413,370,288,324,257,378,398
ENSG00000149292.17,TTC12,160,159,145,80,214,127,131
ENSG00000149294.18,NCAM1,836,661,690,493,3308,1402,1242
ENSG00000149308.17,NPAT,523,601,294,455,800,487,410
ENSG00000149311.20,ATM,2302,2873,1913,1907,2455,2430,1957
ENSG00000149313.11,AASDHPPT,2062,1675,1688,1713,2281,1638,1625
ENSG00000149328.16,GLB1L2,131,80,194,136,169,117,86
ENSG00000149346.15,SLX4IP,236,203,211,154,225,148,141
ENSG00000149357.10,LAMTOR1,2371,1620,1892,1644,2263,1688,1997
ENSG00000149380.12,P4HA3,51,94,120,100,52,129,51
ENSG00000149403.13,GRIK4,17,39,27,11,110,31,13
ENSG00000149428.21,HYOU1,12179,5972,12414,15467,12598,12789,11162
ENSG00000149451.19,ADAM33,640,914,621,248,291,174,305
ENSG00000149474.15,KAT14,508,493,452,411,731,427,387
ENSG00000149476.16,TKFC,592,403,436,499,512,354,283
ENSG00000149480.7,MTA2,3044,3098,3567,3239,3830,2667,2954
ENSG00000149483.13,TMEM138,903,488,977,1041,535,587,477
ENSG00000149485.19,FADS1,8311,9282,8725,9557,8728,4623,6184
ENSG00000149489.9,ROM1,63,84,43,50,67,36,33
ENSG00000149499.12,EML3,940,1171,1048,861,1063,644,768
ENSG00000149503.13,INCENP,578,1989,848,1030,1479,474,603
ENSG00000149527.18,PLCH2,296,9,1464,532,83,1251,211
ENSG00000149532.16,CPSF7,2535,2573,2064,3590,3274,1866,2080
ENSG00000149541.10,B3GAT3,1713,876,2347,1159,896,1219,1078
ENSG00000149547.15,EI24,5109,2352,4358,3824,4141,4259,3915
ENSG00000149548.15,CCDC15,61,130,58,105,82,49,43
ENSG00000149554.15,CHEK1,801,849,896,1039,987,726,733
ENSG00000149557.14,FEZ1,695,758,811,601,948,613,524
ENSG00000149564.12,ESAM,850,10,540,790,63,526,1348
ENSG00000149571.12,KIRREL3,72,21,102,103,16,41,15
ENSG00000149575.9,SCN2B,38,166,46,33,227,30,28
ENSG00000149577.17,SIDT2,2147,1442,1197,1443,1432,1552,1491
ENSG00000149582.16,TMEM25,1059,964,1290,767,1071,836,580
ENSG00000149591.17,TAGLN,91836,25114,89577,108392,50793,55674,72066
ENSG00000149596.7,JPH2,2789,985,1900,2295,1231,1531,3182
ENSG00000149599.16,DUSP15,112,108,36,51,349,84,101
ENSG00000149600.12,COMMD7,1051,664,977,884,765,871,822
ENSG00000149633.12,KIAA1755,137,250,33,146,1319,45,172
ENSG00000149636.16,DSN1,363,529,303,427,462,238,176
ENSG00000149639.15,SOGA1,3000,5213,2414,3429,5889,3486,3536
ENSG00000149646.12,CNBD2,46,27,27,33,43,26,35
ENSG00000149657.20,LSM14B,1102,1512,744,1115,1948,693,754
ENSG00000149658.18,YTHDF1,5637,1601,2865,4690,2713,5524,3959
ENSG00000149679.12,CABLES2,269,649,241,297,1131,261,257
ENSG00000149716.13,LTO1,354,391,423,411,515,270,265
ENSG00000149743.14,TRPT1,697,291,521,410,539,341,315
ENSG00000149761.9,NUDT22,592,360,567,482,442,443,375
ENSG00000149781.14,FERMT3,28,20,45,37,39,32,25
ENSG00000149782.13,PLCB3,2053,1597,2270,2610,1997,1439,1787
ENSG00000149806.11,FAU,5019,3568,4424,4073,3547,2712,3109
ENSG00000149809.17,TM7SF2,1565,327,1461,894,1078,541,657
ENSG00000149823.10,VPS51,1788,1713,1272,1301,1922,1277,1186
ENSG00000149923.14,PPP4C,3001,2103,2673,2736,3115,2561,2453
ENSG00000149925.22,ALDOA,1411,633,1048,1611,804,1254,1513
ENSG00000149926.14,TLCD3B,17,4,10,9,71,19,34
ENSG00000149929.16,HIRIP3,243,442,279,281,381,135,117
ENSG00000149930.18,TAOK2,3401,2249,2896,2758,3249,2716,2759
ENSG00000149932.17,TMEM219,2330,1142,1842,1502,1781,1592,1385
ENSG00000149948.14,HMGA2,4301,12674,6454,7849,20339,9592,11889
ENSG00000149970.16,CNKSR2,94,35,70,71,315,60,62
ENSG00000149972.12,CNTN5,27,18,402,49,22,96,45
ENSG00000150051.14,MKX,10,124,7,22,162,24,17
ENSG00000150054.19,MPP7,308,417,211,302,437,230,200
ENSG00000150093.20,ITGB1,113291,39002,88652,84827,87928,130207,84774
ENSG00000150281.7,CTF1,219,95,120,105,112,156,116
ENSG00000150316.12,CWC15,1217,912,974,1018,1302,933,901
ENSG00000150347.17,ARID5B,2373,2276,2736,3106,2477,3063,2678
ENSG00000150394.14,CDH8,340,99,88,179,352,361,142
ENSG00000150401.15,DCUN1D2,373,344,333,418,457,327,245
ENSG00000150403.18,TMCO3,4787,3212,3911,3934,3611,4213,3430
ENSG00000150433.10,TMEM218,344,317,317,275,375,206,238
ENSG00000150455.15,TIRAP,349,300,226,275,326,281,259
ENSG00000150456.11,EEF1AKMT1,121,102,96,93,158,98,123
ENSG00000150457.9,LATS2,1763,2154,1453,1721,2956,1852,1989
ENSG00000150459.13,SAP18,3244,2192,2219,2159,3188,2835,2704
ENSG00000150471.17,ADGRL3,1654,2067,1511,1142,3535,2226,2215
ENSG00000150477.15,KIAA1328,200,181,147,168,228,162,114
ENSG00000150510.17,FAM124A,167,235,39,30,117,45,43
ENSG00000150527.18,MIA2,837,557,590,603,801,797,527
ENSG00000150540.14,HNMT,447,619,651,436,502,591,574
ENSG00000150551.11,LYPD1,2468,423,2275,2984,2229,3059,5076
ENSG00000150556.17,LYPD6B,141,190,91,50,36,8,132
ENSG00000150593.18,PDCD4,2362,1164,1611,1894,1659,2004,1896
ENSG00000150625.17,GPM6A,53,59,128,17,116,14,168
ENSG00000150627.16,WDR17,49,55,32,38,78,30,15
ENSG00000150630.4,VEGFC,393,228,209,154,456,327,195
ENSG00000150636.17,CCDC102B,52,193,61,70,135,47,218
ENSG00000150637.9,CD226,35,142,10,55,90,31,20
ENSG00000150667.8,FSIP1,25,39,25,22,40,28,27
ENSG00000150672.19,DLG2,54,62,18,29,104,44,62
ENSG00000150687.12,PRSS23,51123,20607,57369,40284,18188,40521,31082
ENSG00000150712.11,MTMR12,1064,1034,816,1086,1025,869,812
ENSG00000150722.11,PPP1R1C,41,22,15,0,50,26,9
ENSG00000150753.12,CCT5,6180,4312,7970,8908,4842,5286,4963
ENSG00000150756.14,ATPSCKMT,504,426,434,362,389,310,236
ENSG00000150760.13,DOCK1,3116,4019,2187,3008,3756,2926,2828
ENSG00000150764.14,DIXDC1,1956,1354,1106,1821,1680,2015,2081
ENSG00000150768.17,DLAT,1649,1043,1297,1897,1537,1424,1443
ENSG00000150773.12,PIH1D2,35,24,12,29,51,16,36
ENSG00000150776.18,NKAPD1,1158,884,745,911,1512,861,787
ENSG00000150779.12,TIMM8B,1330,519,949,1016,1060,976,953
ENSG00000150782.12,IL18,272,1,408,268,2,93,89
ENSG00000150787.8,PTS,1002,316,557,634,812,775,640
ENSG00000150867.14,PIP4K2A,924,884,723,864,1066,886,941
ENSG00000150893.11,FREM2,229,1176,27,47,205,158,121
ENSG00000150907.10,FOXO1,434,503,318,390,1852,355,637
ENSG00000150938.10,CRIM1,14475,4891,19644,16180,5465,11880,16667
ENSG00000150961.15,SEC24D,7926,5489,4172,6854,5861,7736,7130
ENSG00000150967.19,ABCB9,270,294,286,272,301,157,134
ENSG00000150977.11,RILPL2,153,193,137,150,322,197,163
ENSG00000150990.9,DHX37,788,697,953,885,941,829,793
ENSG00000150991.16,UBC,18477,13301,14961,15528,14889,12422,11634
ENSG00000150995.21,ITPR1,329,771,317,512,724,391,563
ENSG00000151006.8,PRSS53,53,68,71,99,103,47,36
ENSG00000151012.13,SLC7A11,223,1613,240,702,827,354,505
ENSG00000151014.6,NOCT,339,187,285,469,436,481,514
ENSG00000151065.14,DCP1B,475,358,340,386,554,350,359
ENSG00000151067.23,CACNA1C,330,2102,165,289,1738,359,286
ENSG00000151079.8,KCNA6,106,177,51,146,363,239,214
ENSG00000151090.20,THRB,54,188,35,40,30,51,40
ENSG00000151092.18,NGLY1,652,438,404,451,583,543,347
ENSG00000151093.8,OXSM,191,101,126,156,137,107,81
ENSG00000151116.17,UEVLD,988,626,845,876,722,826,684
ENSG00000151117.9,TMEM86A,245,120,128,83,180,137,106
ENSG00000151131.11,NOPCHAP1,395,342,504,363,361,499,401
ENSG00000151135.10,TMEM263,5931,3200,3092,4385,5192,5723,4479
ENSG00000151136.15,ABTB3,265,31,235,250,852,258,221
ENSG00000151148.14,UBE3B,1774,1295,1163,1405,1713,1235,1221
ENSG00000151150.22,ANK3,562,743,174,607,664,639,669
ENSG00000151151.6,IPMK,206,208,191,213,268,251,290
ENSG00000151176.8,PLBD2,4782,3164,5470,3239,3050,4779,4129
ENSG00000151208.17,DLG5,4338,5381,2988,2904,7136,5209,3978
ENSG00000151229.13,SLC2A13,830,306,372,501,746,1005,655
ENSG00000151233.11,GXYLT1,1814,2999,2269,1957,1900,2383,1379
ENSG00000151239.14,TWF1,2719,1387,2267,2188,2303,2723,2640
ENSG00000151240.18,DIP2C,2115,1665,1513,1405,4136,2051,1726
ENSG00000151247.13,EIF4E,1137,720,847,983,928,915,800
ENSG00000151276.24,MAGI1,1070,1237,715,820,1427,1468,1454
ENSG00000151287.17,TEX30,146,188,205,235,217,112,124
ENSG00000151292.19,CSNK1G3,1358,930,932,1190,1639,1445,1337
ENSG00000151304.6,SRFBP1,232,236,225,260,376,254,223
ENSG00000151320.11,AKAP6,190,128,57,267,287,112,295
ENSG00000151322.20,NPAS3,98,359,24,45,483,105,106
ENSG00000151327.14,FAM177A1,3248,992,2320,1985,1694,3454,2326
ENSG00000151332.20,MBIP,468,575,346,386,734,367,346
ENSG00000151338.21,MIPOL1,307,215,212,237,278,199,179
ENSG00000151348.16,EXT2,3809,4296,4558,3271,6125,3625,2848
ENSG00000151353.15,TMEM18,521,713,700,421,555,397,376
ENSG00000151364.17,KCTD14,30,52,39,20,9,10,10
ENSG00000151366.13,NDUFC2,627,450,528,403,500,534,453
ENSG00000151376.18,ME3,1151,537,1265,1054,653,751,573
ENSG00000151388.11,ADAMTS12,7300,7669,6605,11709,9947,12697,16531
ENSG00000151413.17,NUBPL,449,313,270,388,363,321,276
ENSG00000151414.15,NEK7,1983,2253,978,1778,2337,1679,1856
ENSG00000151422.14,FER,887,887,552,896,988,795,804
ENSG00000151445.16,VIPAS39,979,742,805,764,1139,829,763
ENSG00000151458.12,ANKRD50,2244,2631,1028,1885,3421,2202,2005
ENSG00000151461.20,UPF2,938,1152,826,960,1471,1122,912
ENSG00000151465.14,CDC123,2241,1357,1971,2121,2008,1944,1624
ENSG00000151466.12,SCLT1,368,528,292,434,548,314,277
ENSG00000151468.11,CCDC3,1306,3594,948,1512,7635,3586,4550
ENSG00000151470.13,C4orf33,321,177,189,250,203,155,133
ENSG00000151474.23,FRMD4A,6925,3451,3958,5535,4521,5050,4703
ENSG00000151490.15,PTPRO,21,12,226,19,152,60,33
ENSG00000151491.14,EPS8,1549,2399,1138,1347,2417,1491,1431
ENSG00000151498.12,ACAD8,778,478,632,590,707,438,375
ENSG00000151500.15,THYN1,679,455,588,496,636,344,337
ENSG00000151502.11,VPS26B,2809,1950,1976,2063,3461,2375,2163
ENSG00000151503.14,NCAPD3,790,1392,736,1098,1379,615,733
ENSG00000151532.15,VTI1A,749,537,560,588,807,635,606
ENSG00000151552.13,QDPR,1122,894,714,946,829,826,823
ENSG00000151553.16,FHIP2A,1256,1352,1016,1384,1611,1571,1125
ENSG00000151572.18,ANO4,6701,2242,3375,4526,3607,4889,2662
ENSG00000151575.15,TEX9,312,103,105,138,501,291,148
ENSG00000151576.10,QTRT2,620,404,630,612,668,522,514
ENSG00000151611.17,MMAA,292,183,218,231,273,268,163
ENSG00000151612.18,ZNF827,2123,1891,1418,1652,2475,1770,1711
ENSG00000151617.17,EDNRA,105,4462,162,546,5022,137,362
ENSG00000151623.15,NR3C2,194,11,18,19,33,60,87
ENSG00000151640.13,DPYSL4,526,1380,1422,1013,2872,1368,1706
ENSG00000151651.16,ADAM8,28,29,46,18,54,30,24
ENSG00000151657.12,KIN,373,380,362,364,423,329,292
ENSG00000151665.13,PIGF,425,318,477,370,315,248,271
ENSG00000151687.15,ANKAR,59,38,26,48,42,38,24
ENSG00000151689.13,INPP1,425,255,455,372,282,381,332
ENSG00000151690.15,MFSD6,480,8,214,110,54,172,49
ENSG00000151692.15,RNF144A,311,1128,238,307,1579,277,401
ENSG00000151693.11,ASAP2,6316,2482,2594,3508,4807,5267,4391
ENSG00000151694.15,ADAM17,2438,1995,2506,2176,2484,2052,2285
ENSG00000151702.18,FLI1,44,1506,245,299,1258,183,366
ENSG00000151718.16,WWC2,1930,1729,1450,2066,2344,1889,1510
ENSG00000151725.12,CENPU,259,993,313,637,868,153,177
ENSG00000151726.16,ACSL1,965,470,346,462,570,804,253
ENSG00000151729.11,SLC25A4,2053,361,1100,1241,687,1307,928
ENSG00000151743.11,AMN1,145,83,85,79,158,98,89
ENSG00000151746.15,BICD1,1248,394,981,840,784,1488,937
ENSG00000151748.15,SAV1,587,943,389,475,1003,550,527
ENSG00000151773.13,CCDC122,72,54,54,62,64,82,74
ENSG00000151778.11,SERP2,177,76,127,100,105,105,89
ENSG00000151779.14,NBAS,3051,1939,1791,2562,1994,2997,2535
ENSG00000151789.13,ZNF385D,46,44,38,31,93,76,126
ENSG00000151806.14,GUF1,863,660,599,467,808,723,625
ENSG00000151834.16,GABRA2,19,1,9,5,18,36,32
ENSG00000151835.17,SACS,6096,3048,6012,8385,3924,8936,5279
ENSG00000151849.16,CENPJ,303,669,421,524,675,342,315
ENSG00000151876.13,FBXO4,65,49,40,61,74,87,52
ENSG00000151881.15,TMEM267,386,187,337,339,261,290,216
ENSG00000151883.19,PARP8,758,597,687,722,860,566,731
ENSG00000151892.16,GFRA1,3416,921,5331,3524,1722,2157,1687
ENSG00000151893.15,CACUL1,2253,1236,1455,1695,1643,1899,1685
ENSG00000151914.22,DST,11938,11012,12441,9674,6894,18308,10233
ENSG00000151917.18,BEND6,250,96,164,197,239,423,233
ENSG00000151923.18,TIAL1,2485,2403,2665,2369,3008,2202,2158
ENSG00000151929.10,BAG3,2329,1505,1935,1888,1437,2101,1898
ENSG00000151948.12,GLT1D1,58,31,38,32,385,43,70
ENSG00000151952.16,TMEM132D,1185,605,1133,1909,784,221,1665
ENSG00000151967.18,SCHIP1,186,62,169,234,99,76,109
ENSG00000152049.7,KCNE4,10,4,3,20,78,23,29
ENSG00000152056.18,AP1S3,138,38,131,62,105,363,118
ENSG00000152061.24,RABGAP1L,1397,727,621,834,994,1771,830
ENSG00000152076.19,CCDC74B,28,79,78,49,110,30,140
ENSG00000152078.10,TLCD4,536,170,254,151,109,279,162
ENSG00000152082.15,MZT2B,2156,1390,1540,1510,2786,2141,1897
ENSG00000152092.16,ASTN1,28,29,23,20,52,23,89
ENSG00000152102.18,FAM168B,6089,5959,4405,6065,7283,5559,5226
ENSG00000152104.12,PTPN14,5061,4016,3772,5289,5783,8076,5028
ENSG00000152127.9,MGAT5,4888,2642,3524,3722,3327,7006,4975
ENSG00000152133.17,GPATCH11,440,372,328,461,645,457,473
ENSG00000152137.8,HSPB8,3412,500,3302,3132,659,3072,2817
ENSG00000152147.11,GEMIN6,279,222,256,232,255,176,175
ENSG00000152154.12,TMEM178A,1499,382,336,442,1216,887,859
ENSG00000152193.8,OBI1,464,630,420,525,861,379,417
ENSG00000152207.8,CYSLTR2,325,0,35,7,4,29,84
ENSG00000152217.20,SETBP1,606,2871,133,453,2560,543,891
ENSG00000152219.5,ARL14EP,602,559,529,516,721,434,399
ENSG00000152223.16,EPG5,1441,1682,1397,1133,1200,1883,1022
ENSG00000152229.18,PSTPIP2,143,226,189,95,250,229,156
ENSG00000152234.16,ATP5F1A,15621,10201,11005,13581,10252,8666,8163
ENSG00000152240.13,HAUS1,652,803,512,687,1073,423,446
ENSG00000152242.11,C18orf25,799,430,653,759,766,770,684
ENSG00000152253.9,SPC25,63,483,118,182,460,32,30
ENSG00000152256.14,PDK1,342,300,256,299,258,448,278
ENSG00000152270.9,PDE3B,181,140,250,194,190,282,238
ENSG00000152284.5,TCF7L1,841,1030,697,892,1912,832,1221
ENSG00000152291.15,TGOLN2,9463,4899,8599,8467,5601,9205,6324
ENSG00000152332.16,UHMK1,2543,953,2103,2105,1504,2681,1865
ENSG00000152348.16,ATG10,273,193,208,299,327,215,158
ENSG00000152359.15,POC5,266,283,224,314,237,185,146
ENSG00000152377.15,SPOCK1,1251,1190,657,751,1060,1279,1997
ENSG00000152380.10,FAM151B,68,35,50,48,110,50,47
ENSG00000152382.6,TADA1,340,407,274,348,536,254,285
ENSG00000152402.11,GUCY1A2,712,2778,272,488,759,1008,1454
ENSG00000152404.16,CWF19L2,402,346,255,323,430,307,231
ENSG00000152409.9,JMY,595,564,244,371,1133,613,437
ENSG00000152413.15,HOMER1,685,476,369,678,871,634,568
ENSG00000152422.16,XRCC4,280,100,157,202,140,275,167
ENSG00000152433.15,ZNF547,105,93,127,77,87,66,44
ENSG00000152439.13,ZNF773,145,132,136,118,199,110,94
ENSG00000152443.13,ZNF776,504,638,362,520,828,449,432
ENSG00000152454.4,ZNF256,114,150,94,120,209,115,116
ENSG00000152455.16,SUV39H2,275,389,259,359,442,215,222
ENSG00000152457.19,DCLRE1C,328,304,266,303,314,256,204
ENSG00000152464.15,RPP38,365,200,280,259,359,302,276
ENSG00000152465.18,NMT2,761,1390,548,756,617,633,487
ENSG00000152475.7,ZNF837,73,54,59,54,159,100,95
ENSG00000152484.14,USP12,1294,769,763,973,1208,1278,954
ENSG00000152492.15,CCDC50,3649,2078,3830,3474,1843,3598,2299
ENSG00000152495.11,CAMK4,316,152,141,66,715,214,327
ENSG00000152503.10,TRIM36,228,166,191,254,424,180,257
ENSG00000152518.8,ZFP36L2,879,1711,985,991,3259,947,1533
ENSG00000152520.14,PAN3,784,782,633,771,989,735,714
ENSG00000152527.14,PLEKHH2,516,152,273,158,144,452,173
ENSG00000152556.17,PFKM,3686,3119,2702,2884,2907,2251,1859
ENSG00000152558.15,TMEM123,7418,6111,7403,6952,5393,5975,4502
ENSG00000152580.9,IGSF10,11,69,5,12,112,19,11
ENSG00000152582.14,SPEF2,80,117,57,40,179,53,72
ENSG00000152583.13,SPARCL1,32,51,18,13,442,25,55
ENSG00000152601.18,MBNL1,1640,1513,1746,1723,1882,1967,1539
ENSG00000152620.13,NADK2,811,796,426,602,1033,778,554
ENSG00000152642.11,GPD1L,481,251,365,368,484,380,234
ENSG00000152661.9,GJA1,20099,38909,27012,25947,37168,20420,21309
ENSG00000152683.14,SLC30A6,1587,1184,1402,1240,1496,1508,1091
ENSG00000152684.11,PELO,1226,914,1590,1072,1024,1947,2034
ENSG00000152689.18,RASGRP3,27,59,4,34,30,24,24
ENSG00000152700.14,SAR1B,1584,935,1585,1194,1112,1161,1073
ENSG00000152749.8,GPR180,1314,623,1143,1153,772,1175,942
ENSG00000152763.17,DNAI4,83,79,57,49,139,72,50
ENSG00000152767.17,FARP1,8181,9747,7570,7179,14304,6818,6603
ENSG00000152778.10,IFIT5,335,507,294,653,891,169,241
ENSG00000152782.19,PANK1,376,369,333,360,879,383,439
ENSG00000152795.18,HNRNPDL,5131,8204,5166,5738,7488,3854,4229
ENSG00000152818.20,UTRN,4455,5930,3156,6243,5058,6113,5309
ENSG00000152894.15,PTPRK,4707,1739,4302,3889,1999,5268,4594
ENSG00000152904.11,GGPS1,527,407,381,328,680,466,426
ENSG00000152926.16,ZNF117,602,954,754,580,1037,443,364
ENSG00000152931.9,PART1,1,39,0,1,48,1,2
ENSG00000152932.8,RAB3C,2,46,7,11,36,2,9
ENSG00000152939.17,MARVELD2,265,24,170,139,27,194,84
ENSG00000152942.19,RAD17,1112,769,735,912,1152,791,755
ENSG00000152944.9,MED21,859,637,566,727,933,625,701
ENSG00000152952.14,PLOD2,5408,2414,1876,2738,3288,3381,3506
ENSG00000152953.13,STK32B,304,367,455,454,430,353,199
ENSG00000152977.10,ZIC1,225,3348,36,759,2684,19,115
ENSG00000152990.14,ADGRA3,2250,2787,2480,1712,3784,2043,1884
ENSG00000153006.16,SREK1IP1,1051,614,637,570,1088,875,568
ENSG00000153012.12,LGI2,16,146,16,60,878,23,17
ENSG00000153015.17,CWC27,1005,738,695,844,1140,768,732
ENSG00000153029.16,MR1,28,35,6,8,69,10,7
ENSG00000153037.15,SRP19,851,349,600,553,540,675,543
ENSG00000153044.10,CENPH,176,417,194,282,557,110,111
ENSG00000153046.18,CDYL,1318,641,734,997,1047,1344,1246
ENSG00000153048.11,CARHSP1,1632,2533,1311,1600,2273,859,1219
ENSG00000153064.12,BANK1,49,54,8,29,97,128,18
ENSG00000153066.13,TXNDC11,1136,717,1107,966,1010,1321,914
ENSG00000153071.15,DAB2,5870,3513,6363,7080,4528,6093,3172
ENSG00000153094.25,BCL2L11,1498,1562,347,1169,1548,614,563
ENSG00000153107.13,ANAPC1,825,841,741,894,858,878,828
ENSG00000153113.24,CAST,4058,2576,4043,3643,4510,4541,4220
ENSG00000153130.18,SCOC,3249,1357,2089,2197,2404,2586,1932
ENSG00000153132.13,CLGN,139,55,222,90,257,79,97
ENSG00000153140.9,CETN3,384,279,324,313,356,289,266
ENSG00000153147.6,SMARCA5,5383,5148,4062,5588,6911,5022,4951
ENSG00000153157.14,SYCP2L,18,29,51,73,58,7,17
ENSG00000153162.9,BMP6,590,15,619,339,120,840,595
ENSG00000153179.14,RASSF3,801,580,560,625,1012,589,635
ENSG00000153187.21,HNRNPU,10725,13207,10575,11640,15811,9941,9503
ENSG00000153201.17,RANBP2,4403,4276,3629,4472,4912,5345,4183
ENSG00000153207.16,AHCTF1,1684,1741,1315,1969,2037,1655,1496
ENSG00000153208.19,MERTK,159,283,290,138,949,132,158
ENSG00000153214.11,TMEM87B,1240,692,1669,1380,1041,1716,1480
ENSG00000153233.13,PTPRR,62,3,38,39,33,29,31
ENSG00000153237.19,CCDC148,49,39,42,65,54,39,29
ENSG00000153246.13,PLA2R1,455,782,198,388,1704,1115,310
ENSG00000153250.21,RBMS1,5820,4710,3523,4104,5433,4791,5067
ENSG00000153291.16,SLC25A27,67,107,54,72,54,29,42
ENSG00000153294.12,ADGRF4,164,0,52,152,15,258,214
ENSG00000153310.22,CYRIB,1770,783,1390,1598,1387,1606,1318
ENSG00000153317.15,ASAP1,2446,3851,1994,2119,1661,2197,2289
ENSG00000153339.15,TRAPPC8,1578,1283,1020,1271,1425,1232,1063
ENSG00000153363.15,LINC00467,102,61,76,72,106,58,97
ENSG00000153391.16,INO80C,548,297,380,477,238,277,252
ENSG00000153395.10,LPCAT1,2041,3077,2100,1604,2725,1600,1259
ENSG00000153404.15,PLEKHG4B,1332,3666,933,1461,5338,1010,1700
ENSG00000153406.14,NMRAL1,867,620,654,429,904,507,506
ENSG00000153443.13,UBALD1,607,385,518,601,981,618,911
ENSG00000153485.6,LYSET,159,81,104,125,197,122,128
ENSG00000153487.13,ING1,382,424,343,412,731,342,388
ENSG00000153531.15,ADPRHL1,47,39,31,55,321,61,54
ENSG00000153551.14,CMTM7,448,349,535,423,361,412,366
ENSG00000153558.17,FBXL2,747,434,599,535,652,521,334
ENSG00000153560.12,UBP1,2697,2523,2126,2587,3395,2164,2024
ENSG00000153561.13,RMND5A,1386,1197,933,1108,1839,1182,1154
ENSG00000153574.9,RPIA,326,509,382,337,594,255,230
ENSG00000153707.19,PTPRD,5219,1635,1201,1326,5358,4845,4735
ENSG00000153714.6,LURAP1L,195,5,48,100,31,198,93
ENSG00000153721.19,CNKSR3,446,317,574,360,339,622,315
ENSG00000153767.10,GTF2E1,689,480,547,591,726,472,540
ENSG00000153774.9,CFDP1,1319,1555,894,1178,1737,1049,729
ENSG00000153786.13,ZDHHC7,2250,1653,2529,2139,2070,1764,1759
ENSG00000153790.12,C7orf31,178,183,92,140,265,143,133
ENSG00000153814.13,JAZF1,595,780,273,707,2254,461,548
ENSG00000153815.18,CMIP,2477,1181,1236,1723,2243,2723,2331
ENSG00000153822.15,KCNJ16,605,5,369,650,10,1387,409
ENSG00000153823.19,PID1,164,24,77,38,70,283,161
ENSG00000153827.15,TRIP12,9318,7660,6717,8443,8376,9050,7343
ENSG00000153832.12,FBXO36,124,116,61,78,165,109,69
ENSG00000153879.9,CEBPG,730,473,663,756,1061,783,648
ENSG00000153885.15,KCTD15,1665,2804,1407,1988,4202,1907,2017
ENSG00000153896.19,ZNF599,202,181,119,120,251,153,110
ENSG00000153902.14,LGI4,186,156,16,27,292,105,61
ENSG00000153904.21,DDAH1,4235,1878,3676,3998,4133,3647,3754
ENSG00000153914.16,SREK1,1802,2316,1876,1901,2288,1399,1176
ENSG00000153922.12,CHD1,1362,1611,998,1339,2230,1457,1250
ENSG00000153933.10,DGKE,84,88,114,81,124,83,54
ENSG00000153936.18,HS2ST1,1984,1633,1582,1326,2125,1803,1518
ENSG00000153944.12,MSI2,1922,1884,1604,2128,3017,2089,3407
ENSG00000153956.17,CACNA2D1,1156,348,1382,702,862,2582,1650
ENSG00000153975.10,ZUP1,373,288,301,414,416,300,249
ENSG00000153976.3,HS3ST3A1,169,13,159,99,134,289,204
ENSG00000153982.11,GDPD1,250,71,218,142,172,134,140
ENSG00000153989.8,NUS1,1772,1064,1408,1427,1705,1866,1275
ENSG00000153993.14,SEMA3D,1912,3314,651,403,4625,1776,710
ENSG00000154001.14,PPP2R5E,1677,1248,1411,1645,2030,1769,1643
ENSG00000154016.14,GRAP,5,55,34,39,57,23,34
ENSG00000154027.19,AK5,91,41,84,60,127,137,51
ENSG00000154040.21,CABYR,255,165,195,255,289,237,141
ENSG00000154059.11,IMPACT,1221,1151,818,802,1678,1078,1065
ENSG00000154079.6,SDHAF4,275,131,211,175,269,179,165
ENSG00000154080.14,CHST9,323,3,38,60,9,360,77
ENSG00000154096.14,THY1,1880,4788,4335,4027,10468,3657,6529
ENSG00000154102.11,C16orf74,53,12,34,19,3,48,19
ENSG00000154114.13,TBCEL,650,496,439,563,713,559,461
ENSG00000154118.13,JPH3,61,41,50,49,479,261,171
ENSG00000154122.14,ANKH,300,422,219,119,1589,517,321
ENSG00000154124.6,OTULIN,896,734,589,795,1164,840,727
ENSG00000154127.10,UBASH3B,3429,208,3965,3736,483,5237,3641
ENSG00000154134.15,ROBO3,178,308,161,210,258,94,106
ENSG00000154144.13,TBRG1,1281,835,943,1017,1284,1016,866
ENSG00000154146.13,NRGN,42,123,96,98,198,40,124
ENSG00000154153.15,RETREG1,120,4,177,31,83,109,46
ENSG00000154174.8,TOMM70,2677,1850,1883,2491,2439,2305,2002
ENSG00000154175.19,ABI3BP,54,172,38,12,141,91,82
ENSG00000154188.10,ANGPT1,1254,1550,74,151,665,377,422
ENSG00000154217.16,PITPNC1,216,232,213,191,524,354,411
ENSG00000154222.15,CC2D1B,1537,802,1534,1251,1232,1021,1291
ENSG00000154229.12,PRKCA,1714,2370,1583,1588,892,1614,1559
ENSG00000154237.13,LRRK1,3,67,23,7,37,19,22
ENSG00000154240.18,CEP112,481,527,375,435,777,531,427
ENSG00000154265.16,ABCA5,243,183,272,154,166,233,111
ENSG00000154274.15,C4orf19,35,13,8,9,30,67,22
ENSG00000154277.13,UCHL1,25437,4477,15727,15004,13144,15446,14059
ENSG00000154305.18,MIA3,2456,2452,1932,2218,3375,3044,2163
ENSG00000154309.9,DISP1,616,1165,332,464,936,421,557
ENSG00000154310.17,TNIK,3542,4174,1420,2299,3265,3025,3010
ENSG00000154319.16,FAM167A,17,26,43,37,101,33,79
ENSG00000154328.16,NEIL2,474,401,332,445,581,402,288
ENSG00000154330.13,PGM5,23,0,2,21,64,48,35
ENSG00000154358.23,OBSCN,1205,2250,1205,1275,1544,1106,1136
ENSG00000154359.13,LONRF1,569,719,460,575,712,535,552
ENSG00000154370.16,TRIM11,690,573,868,798,860,590,671
ENSG00000154380.19,ENAH,11256,5815,12011,16122,10612,17266,20644
ENSG00000154429.11,CCSAP,522,532,382,504,725,460,437
ENSG00000154447.15,SH3RF1,877,344,735,776,651,1229,1054
ENSG00000154473.18,BUB3,2029,2289,2356,2236,2259,1724,1631
ENSG00000154511.12,DIPK1A,556,253,391,371,463,358,336
ENSG00000154518.10,ATP5MC3,4483,2616,3428,3667,3087,2862,2826
ENSG00000154529.15,CNTNAP3B,182,61,39,35,47,22,21
ENSG00000154548.9,SRSF12,350,299,454,445,588,317,291
ENSG00000154553.17,PDLIM3,770,473,531,902,724,739,1823
ENSG00000154556.20,SORBS2,5327,2394,1882,3121,4161,5804,3411
ENSG00000154582.18,ELOC,1609,792,1260,1265,1094,1306,1304
ENSG00000154639.19,CXADR,1206,211,2544,839,557,1417,1690
ENSG00000154640.15,BTG3,1291,551,1162,1032,735,1029,968
ENSG00000154642.11,C21orf91,676,525,315,511,831,409,419
ENSG00000154654.15,NCAM2,171,1090,138,110,148,329,252
ENSG00000154678.18,PDE1C,543,1199,1171,1953,549,590,374
ENSG00000154710.18,RABGEF1,123,40,72,79,66,69,56
ENSG00000154721.15,JAM2,603,235,499,444,1286,307,448
ENSG00000154723.13,ATP5PF,2191,1090,1335,1518,1840,1431,1481
ENSG00000154727.11,GABPA,1050,1127,659,780,1789,979,850
ENSG00000154734.16,ADAMTS1,2282,692,3669,6496,1003,2580,2162
ENSG00000154736.6,ADAMTS5,1624,313,1856,2668,674,1902,919
ENSG00000154743.19,TSEN2,190,175,209,221,251,143,160
ENSG00000154760.14,SLFN13,409,452,222,362,288,104,84
ENSG00000154767.15,XPC,1501,1419,1616,1299,1794,1297,1136
ENSG00000154781.17,CCDC174,565,550,428,471,1106,475,447
ENSG00000154783.12,FGD5,4,635,26,72,311,14,19
ENSG00000154803.13,FLCN,1287,934,774,718,1018,593,704
ENSG00000154813.10,DPH3,2294,1123,1642,1957,1624,1989,1911
ENSG00000154814.14,OXNAD1,263,174,176,226,233,206,210
ENSG00000154822.18,PLCL2,33,178,51,48,139,39,56
ENSG00000154832.16,CXXC1,1249,1180,1135,1142,1601,878,1017
ENSG00000154839.10,SKA1,71,339,166,269,275,49,75
ENSG00000154845.16,PPP4R1,3948,3431,2793,3639,4429,3143,2872
ENSG00000154856.13,APCDD1,114,314,21,89,5227,135,190
ENSG00000154864.14,PIEZO2,657,1767,454,281,1291,528,449
ENSG00000154889.17,MPPE1,559,402,598,343,409,413,293
ENSG00000154914.17,USP43,244,138,189,306,95,127,187
ENSG00000154917.11,RAB6B,1477,386,1101,723,854,1502,1106
ENSG00000154920.15,EME1,84,264,147,184,187,30,58
ENSG00000154928.19,EPHB1,57,68,117,154,1644,64,216
ENSG00000154930.15,ACSS1,7,68,23,31,38,13,11
ENSG00000154945.7,ANKRD40,1498,1531,1187,1681,2026,1528,1684
ENSG00000154957.14,ZNF18,334,196,257,224,302,202,173
ENSG00000154975.14,CA10,0,91,0,0,175,0,0
ENSG00000154978.13,VOPP1,1547,1019,1731,1307,1359,1421,1374
ENSG00000155008.16,APOOL,641,449,537,600,672,565,628
ENSG00000155011.9,DKK2,690,11829,517,2174,5987,536,173
ENSG00000155016.18,CYP2U1,734,535,628,691,596,647,481
ENSG00000155034.21,FBXL18,1606,847,1241,1480,1573,2273,1855
ENSG00000155085.16,AK9,187,101,77,104,234,97,106
ENSG00000155090.15,KLF10,1017,1256,831,756,1522,834,851
ENSG00000155093.20,PTPRN2,210,82,204,81,187,66,124
ENSG00000155096.15,AZIN1,4920,3392,4043,4844,4042,4108,4228
ENSG00000155097.12,ATP6V1C1,2761,1095,1675,1749,1426,1810,1747
ENSG00000155099.8,PIP4P2,951,487,515,563,606,809,731
ENSG00000155100.11,OTUD6B,744,334,518,737,525,583,498
ENSG00000155111.15,CDK19,979,1679,536,816,2105,894,1062
ENSG00000155115.7,GTF3C6,1344,698,1178,1250,1150,1289,1175
ENSG00000155158.20,TTC39B,170,149,146,161,155,144,113
ENSG00000155189.12,AGPAT5,993,1180,1030,1088,1549,546,643
ENSG00000155229.21,MMS19,3490,1995,2820,2854,2101,2584,1989
ENSG00000155252.14,PI4K2A,1648,756,1355,1265,1431,1498,1507
ENSG00000155254.13,MARVELD1,5450,3791,3377,3667,5971,5215,4134
ENSG00000155256.18,ZFYVE27,1191,599,1389,932,879,808,822
ENSG00000155275.19,TRMT44,399,292,314,295,371,261,242
ENSG00000155287.12,SLC25A28,658,493,561,673,654,529,487
ENSG00000155304.6,HSPA13,3281,2878,2175,2705,4191,2883,2368
ENSG00000155313.16,USP25,1736,991,932,1269,1249,1281,1016
ENSG00000155324.10,GRAMD2B,2041,3552,667,942,2901,1685,1139
ENSG00000155329.12,ZCCHC10,473,426,410,461,539,345,335
ENSG00000155330.10,C16orf87,721,492,286,509,971,445,410
ENSG00000155363.19,MOV10,2152,2338,2113,1909,1723,1574,1138
ENSG00000155366.17,RHOC,9929,2578,10223,6578,4042,7757,7752
ENSG00000155367.16,PPM1J,95,42,151,129,47,76,88
ENSG00000155368.18,DBI,3611,1681,2711,4438,2129,2281,2290
ENSG00000155380.13,SLC16A1,3005,2250,3324,2793,2328,2311,2148
ENSG00000155393.14,HEATR3,770,490,577,777,739,623,657
ENSG00000155438.12,NIFK,904,546,950,969,901,763,656
ENSG00000155463.14,OXA1L,3090,2258,2239,2016,2391,1927,2218
ENSG00000155465.21,SLC7A7,678,204,107,170,926,421,188
ENSG00000155506.19,LARP1,9669,7089,5854,8366,9074,7820,7991
ENSG00000155508.14,CNOT8,1518,1266,1017,1268,2036,1033,1166
ENSG00000155511.19,GRIA1,684,1709,212,250,436,554,487
ENSG00000155542.12,SETD9,227,85,83,144,120,172,75
ENSG00000155545.20,MIER3,683,722,509,712,952,655,684
ENSG00000155561.15,NUP205,1793,2675,1575,2457,2380,1572,1624
ENSG00000155592.16,ZKSCAN2,364,491,289,384,740,408,423
ENSG00000155621.15,C9orf85,263,187,217,196,209,218,196
ENSG00000155629.15,PIK3AP1,255,31,447,1526,620,1060,892
ENSG00000155636.16,RBM45,285,257,253,314,357,240,235
ENSG00000155657.29,TTN,55,8,11,48,10,65,9
ENSG00000155660.11,PDIA4,12303,8709,14194,14244,14453,10398,9229
ENSG00000155666.12,KDM8,112,157,100,119,159,106,112
ENSG00000155729.13,KCTD18,397,226,172,206,525,243,178
ENSG00000155744.10,HYCC2,471,361,353,487,538,442,334
ENSG00000155755.20,TMEM237,1478,2051,2315,1786,1596,1540,968
ENSG00000155760.3,FZD7,726,1283,1682,1449,3013,1342,2413
ENSG00000155761.14,SPAG17,23,76,9,13,66,18,17
ENSG00000155816.21,FMN2,105,31,127,73,76,189,64
ENSG00000155827.12,RNF20,1613,1728,1249,1747,2226,1407,1254
ENSG00000155846.17,PPARGC1B,83,185,35,89,147,67,55
ENSG00000155849.16,ELMO1,88,58,61,105,57,64,198
ENSG00000155850.9,SLC26A2,1737,1574,1206,1459,2056,1892,1628
ENSG00000155858.6,LSM11,434,456,344,444,651,362,383
ENSG00000155868.8,MED7,405,231,313,312,343,329,282
ENSG00000155876.6,RRAGA,2211,1669,1771,1796,2321,1869,1881
ENSG00000155893.13,PXYLP1,1040,547,1694,536,765,1363,493
ENSG00000155897.10,ADCY8,154,5,18,39,28,77,25
ENSG00000155903.14,RASA2,511,362,511,449,405,521,563
ENSG00000155906.20,RMND1,1271,393,1049,1223,500,761,603
ENSG00000155957.19,TMBIM4,145,210,296,129,204,228,161
ENSG00000155959.12,VBP1,1201,813,1059,1213,1070,986,959
ENSG00000155961.5,RAB39B,35,21,22,43,64,20,56
ENSG00000155966.14,AFF2,123,1222,41,104,1154,168,220
ENSG00000155970.12,MICU3,131,131,205,148,240,156,112
ENSG00000155974.14,GRIP1,347,320,215,327,1447,372,338
ENSG00000155975.10,VPS37A,1536,799,1198,1245,1230,1396,1415
ENSG00000155980.13,KIF5A,804,35,222,216,264,579,205
ENSG00000156011.19,PSD3,2267,1820,1051,2218,1934,2068,2818
ENSG00000156017.13,CARNMT1,598,373,423,365,457,581,421
ENSG00000156026.15,MCU,1164,606,802,956,1082,1049,1023
ENSG00000156030.14,MIDEAS,859,1052,763,764,1027,862,837
ENSG00000156042.19,CFAP70,30,31,38,24,70,19,27
ENSG00000156049.7,GNA14,631,18,84,241,55,608,74
ENSG00000156050.10,FAM161B,217,191,135,120,266,146,146
ENSG00000156052.11,GNAQ,3158,2291,1870,2246,3465,3357,2781
ENSG00000156103.16,MMP16,3472,4690,1687,3500,6761,3319,3402
ENSG00000156110.15,ADK,1168,465,754,928,558,999,792
ENSG00000156113.25,KCNMA1,578,734,2170,616,876,1134,535
ENSG00000156136.10,DCK,411,465,357,432,591,339,269
ENSG00000156140.11,ADAMTS3,427,488,379,372,266,504,296
ENSG00000156162.16,DPY19L4,1826,1824,1380,1397,1909,1748,1290
ENSG00000156170.14,NDUFAF6,272,202,222,254,403,250,189
ENSG00000156171.15,DRAM2,862,509,836,600,541,677,550
ENSG00000156172.6,CFAP418,72,76,50,61,80,74,74
ENSG00000156218.13,ADAMTSL3,35,56,39,16,129,49,58
ENSG00000156232.7,WHAMM,518,231,517,488,370,491,440
ENSG00000156239.12,N6AMT1,275,202,218,170,289,218,150
ENSG00000156253.7,RWDD2B,386,325,353,167,395,345,320
ENSG00000156256.15,USP16,1141,984,841,1088,1295,1098,965
ENSG00000156261.13,CCT8,5352,3605,5583,6596,4611,4081,4790
ENSG00000156265.17,MAP3K7CL,2988,54,1480,3033,510,1841,1811
ENSG00000156273.16,BACH1,2874,2542,1857,2854,2620,2641,2208
ENSG00000156298.13,TSPAN7,183,34,324,64,49,224,67
ENSG00000156299.15,TIAM1,271,503,280,469,319,430,398
ENSG00000156304.15,SCAF4,978,1088,859,1043,1533,1002,1164
ENSG00000156313.15,RPGR,132,176,118,179,198,109,124
ENSG00000156345.18,CDK20,248,243,214,210,466,206,197
ENSG00000156374.16,PCGF6,274,248,260,262,332,216,194
ENSG00000156381.9,ANKRD9,539,682,448,482,876,495,260
ENSG00000156384.15,SFR1,93,99,76,93,118,39,60
ENSG00000156398.13,SFXN2,602,192,289,496,209,291,223
ENSG00000156411.10,ATP5MJ,1915,1180,1415,1400,1501,1230,1095
ENSG00000156427.8,FGF18,110,139,49,40,109,104,27
ENSG00000156453.14,PCDH1,50,205,305,227,676,299,589
ENSG00000156463.18,SH3RF2,140,24,1021,44,26,277,63
ENSG00000156466.11,GDF6,2890,357,3026,2685,882,2783,4056
ENSG00000156467.10,UQCRB,3931,2016,2446,2864,2554,2593,2229
ENSG00000156469.9,MTERF3,229,311,292,267,477,263,224
ENSG00000156471.13,PTDSS1,2475,1694,2871,2344,1966,2093,1804
ENSG00000156475.19,PPP2R2B,210,184,377,189,378,251,513
ENSG00000156500.16,PABIR3,71,95,29,59,131,46,51
ENSG00000156502.14,SUPV3L1,734,567,684,661,853,626,599
ENSG00000156504.17,PABIR2,651,397,699,583,413,456,431
ENSG00000156508.19,EEF1A1,204910,156368,105203,134901,116561,87006,80750
ENSG00000156509.14,FBXO43,6,57,20,29,43,2,6
ENSG00000156510.13,HKDC1,309,2,524,161,3,84,354
ENSG00000156515.25,HK1,5089,3338,4015,5196,3684,4407,4357
ENSG00000156521.14,TYSND1,1122,286,651,560,468,668,566
ENSG00000156531.18,PHF6,1712,2090,1226,1610,2799,1203,1389
ENSG00000156535.15,CD109,1603,2147,935,1178,1465,2686,1149
ENSG00000156564.10,LRFN2,44,8,14,11,15,12,60
ENSG00000156587.16,UBE2L6,426,1222,276,341,754,139,228
ENSG00000156599.11,ZDHHC5,3860,2325,3918,3078,3183,3993,3415
ENSG00000156603.20,MED19,604,312,370,398,635,457,488
ENSG00000156639.12,ZFAND3,3869,2386,2678,2685,3879,3519,3852
ENSG00000156642.17,NPTN,9550,4232,8297,7749,5199,7534,7852
ENSG00000156650.14,KAT6B,906,898,446,640,1199,809,755
ENSG00000156671.15,SAMD8,1224,895,1244,1029,1284,1393,1127
ENSG00000156675.16,RAB11FIP1,2194,1054,2514,1420,692,1624,1065
ENSG00000156687.11,UNC5D,652,355,188,297,581,191,767
ENSG00000156697.13,UTP14A,587,433,609,634,559,499,530
ENSG00000156709.15,AIFM1,1968,926,1820,1756,1105,1210,1113
ENSG00000156711.17,MAPK13,582,146,372,330,84,436,226
ENSG00000156735.11,BAG4,491,468,451,479,791,543,529
ENSG00000156787.17,TBC1D31,162,270,153,209,201,116,130
ENSG00000156795.8,NTAQ1,406,321,247,349,287,232,226
ENSG00000156802.13,ATAD2,835,1939,714,1294,1401,424,508
ENSG00000156804.7,FBXO32,375,363,350,340,490,501,522
ENSG00000156831.8,NSMCE2,626,480,420,530,657,365,378
ENSG00000156853.13,ZNF689,407,477,302,395,718,319,379
ENSG00000156858.12,PRR14,651,664,755,548,1078,614,636
ENSG00000156860.16,FBRS,2772,1879,2084,2263,3813,2712,2936
ENSG00000156869.14,FRRS1,54,74,62,41,55,28,21
ENSG00000156873.16,PHKG2,691,431,893,687,525,431,498
ENSG00000156875.14,MFSD14A,99,90,73,84,204,116,120
ENSG00000156876.10,SASS6,157,234,188,221,268,106,124
ENSG00000156925.12,ZIC3,7,85,2,74,154,1,1
ENSG00000156928.5,MALSU1,545,261,422,464,465,410,455
ENSG00000156931.16,VPS8,1636,1615,1080,1058,2018,1322,973
ENSG00000156958.15,GALK2,385,284,320,319,333,292,283
ENSG00000156966.7,B3GNT7,29,52,12,4,162,39,16
ENSG00000156968.9,MPV17L,57,6,36,19,68,50,23
ENSG00000156970.13,BUB1B,400,2086,610,1201,1462,208,345
ENSG00000156973.14,PDE6D,372,305,294,279,612,315,329
ENSG00000156976.17,EIF4A2,10610,9388,8480,7437,9185,5690,5924
ENSG00000156983.17,BRPF1,761,859,616,765,983,700,735
ENSG00000156990.14,RPUSD3,816,613,625,738,808,532,565
ENSG00000157014.11,TATDN2,511,467,502,514,597,460,346
ENSG00000157020.18,SEC13,7937,4411,5482,6721,4809,5817,4921
ENSG00000157036.13,EXOG,364,380,427,369,462,316,290
ENSG00000157045.9,NTAN1,1198,703,778,1157,1239,1098,1024
ENSG00000157064.11,NMNAT2,13,136,16,22,53,1,32
ENSG00000157077.16,ZFYVE9,813,968,562,767,1286,800,656
ENSG00000157103.13,SLC6A1,27,13,18,53,64,139,124
ENSG00000157106.18,SMG1,3055,4034,2726,3220,3593,4338,3483
ENSG00000157107.14,FCHO2,570,728,437,517,757,590,527
ENSG00000157110.16,RBPMS,4381,1761,3821,3115,2038,3239,3501
ENSG00000157111.13,TMEM171,20,2,16,62,21,30,6
ENSG00000157150.5,TIMP4,113,12,16,47,43,70,64
ENSG00000157152.17,SYN2,28,19,34,28,135,76,37
ENSG00000157168.22,NRG1,1564,173,1265,1342,796,1524,1246
ENSG00000157181.16,ODR4,765,672,883,685,952,727,624
ENSG00000157184.7,CPT2,624,482,431,446,611,386,402
ENSG00000157191.20,NECAP2,2470,1502,2307,2132,1851,1918,1740
ENSG00000157193.18,LRP8,658,241,1090,1103,425,872,637
ENSG00000157212.20,PAXIP1,824,560,398,584,794,494,542
ENSG00000157214.14,STEAP2,7,14,21,2,67,38,12
ENSG00000157216.17,SSBP3,4096,4743,1231,3517,6254,2028,2906
ENSG00000157224.16,CLDN12,1212,799,1469,1018,971,963,844
ENSG00000157227.14,MMP14,56291,32729,30975,27919,58438,59147,50718
ENSG00000157240.4,FZD1,2520,2854,455,1026,3716,2470,2032
ENSG00000157259.8,GATAD1,1438,1051,973,1031,1188,1142,960
ENSG00000157322.18,CLEC18A,66,32,42,66,239,135,94
ENSG00000157326.19,DHRS4,331,240,195,253,260,232,226
ENSG00000157335.21,CLEC18C,43,9,14,39,83,93,28
ENSG00000157349.17,DDX19B,372,274,373,362,286,301,228
ENSG00000157350.13,ST3GAL2,3535,2453,1956,2776,4333,2793,3202
ENSG00000157353.17,FCSK,441,280,544,312,401,267,226
ENSG00000157379.14,DHRS1,807,432,514,574,413,456,324
ENSG00000157388.20,CACNA1D,50,36,117,11,119,30,56
ENSG00000157399.17,ARSL,464,497,123,193,714,415,198
ENSG00000157404.17,KIT,57,1003,114,432,452,137,345
ENSG00000157426.14,AASDH,254,275,156,208,261,181,142
ENSG00000157429.16,ZNF19,57,72,44,41,90,35,34
ENSG00000157445.16,CACNA2D3,48,12,33,159,10,85,20
ENSG00000157450.16,RNF111,1023,967,878,1161,1362,1103,1179
ENSG00000157456.8,CCNB2,295,1242,568,863,1091,163,276
ENSG00000157483.9,MYO1E,3214,545,2535,2322,1218,2934,3086
ENSG00000157500.12,APPL1,1104,1166,938,1139,1519,1093,1033
ENSG00000157502.13,PWWP3B,346,473,217,796,989,322,482
ENSG00000157510.14,AFAP1L1,184,32,422,244,92,159,159
ENSG00000157514.18,TSC22D3,750,953,536,614,1424,1499,959
ENSG00000157538.14,VPS26C,1803,1042,1170,1320,1288,1190,1288
ENSG00000157540.22,DYRK1A,1491,1503,1191,1239,2038,1450,1244
ENSG00000157542.11,KCNJ6,227,84,71,86,94,204,361
ENSG00000157551.19,KCNJ15,90,1,40,175,8,39,42
ENSG00000157554.20,ERG,301,877,21,327,7035,205,430
ENSG00000157557.13,ETS2,1092,1308,506,818,2449,1492,706
ENSG00000157570.12,TSPAN18,364,897,934,729,1793,484,1218
ENSG00000157578.14,LCA5L,39,22,17,28,63,63,44
ENSG00000157593.20,SLC35B2,3864,2250,3136,2531,2494,2895,2608
ENSG00000157600.12,TMEM164,697,900,585,665,1231,1357,1028
ENSG00000157601.15,MX1,210,155,301,2460,2734,592,12
ENSG00000157613.11,CREB3L1,4681,2429,4952,4309,4159,6899,7056
ENSG00000157617.17,C2CD2,315,404,490,271,188,305,275
ENSG00000157625.16,TAB3,1080,699,620,631,1034,1032,830
ENSG00000157637.13,SLC38A10,6215,4703,4741,3664,5845,5523,3663
ENSG00000157654.19,PALM2AKAP2,7308,8436,8750,7831,14671,8390,9942
ENSG00000157657.15,ZNF618,1836,4259,1139,2312,6163,2416,2254
ENSG00000157680.17,DGKI,197,27,138,147,83,219,226
ENSG00000157693.15,TMEM268,281,393,286,334,720,305,274
ENSG00000157734.14,SNX22,63,16,127,111,36,8,16
ENSG00000157741.15,UBN2,671,704,389,572,931,690,639
ENSG00000157764.14,BRAF,839,712,516,700,909,909,757
ENSG00000157766.19,ACAN,6,19,4,8,72,13,32
ENSG00000157778.9,PSMG3,788,476,608,685,569,497,523
ENSG00000157796.18,WDR19,884,952,457,742,1356,569,611
ENSG00000157800.18,SLC37A3,1889,1671,1773,1769,1705,1584,1336
ENSG00000157823.17,AP3S2,642,632,484,477,682,709,485
ENSG00000157827.20,FMNL2,3329,2650,1916,2540,3547,2598,2966
ENSG00000157833.13,GAREM2,104,457,67,202,710,242,180
ENSG00000157837.16,SPPL3,1781,1557,1517,1173,2294,1314,1300
ENSG00000157851.17,DPYSL5,783,262,623,1246,1669,204,837
ENSG00000157869.16,RAB28,336,313,257,315,550,300,331
ENSG00000157870.17,PRXL2B,813,900,1000,837,1045,1067,921
ENSG00000157881.16,PANK4,658,548,671,529,697,530,510
ENSG00000157895.11,C12orf43,714,556,541,534,783,544,523
ENSG00000157911.11,PEX10,850,559,679,685,896,655,708
ENSG00000157916.20,RER1,4770,2688,5034,3955,3546,3973,3036
ENSG00000157927.17,RADIL,26,89,53,53,189,39,49
ENSG00000157933.11,SKI,3642,3745,1931,2532,7397,3451,3363
ENSG00000157954.15,WIPI2,2805,1932,1825,2068,3271,2767,2376
ENSG00000157978.12,LDLRAP1,1209,1170,489,615,698,599,715
ENSG00000157985.20,AGAP1,835,1312,771,898,1893,1070,960
ENSG00000158006.14,PAFAH2,718,282,671,514,497,621,463
ENSG00000158008.10,EXTL1,682,325,395,458,1416,676,445
ENSG00000158019.21,BABAM2,645,411,530,423,451,449,382
ENSG00000158023.10,CFAP251,336,164,262,278,303,254,295
ENSG00000158055.17,GRHL3,26,30,20,10,193,24,8
ENSG00000158062.21,UBXN11,295,405,336,319,503,221,203
ENSG00000158079.16,PTPDC1,347,272,227,281,480,235,234
ENSG00000158089.15,GALNT14,2194,37,2165,1775,64,2736,416
ENSG00000158092.7,NCK1,804,521,451,550,705,571,501
ENSG00000158106.14,RHPN1,212,112,254,76,533,81,82
ENSG00000158109.15,TPRG1L,3071,782,2132,1916,1351,2699,1828
ENSG00000158122.12,PRXL2C,365,204,387,341,226,302,297
ENSG00000158125.10,XDH,32,2,31,28,44,43,18
ENSG00000158156.9,XKR8,732,547,804,531,636,603,519
ENSG00000158158.12,CNNM4,418,475,279,345,585,318,221
ENSG00000158161.16,EYA3,851,800,721,893,1021,815,680
ENSG00000158163.15,DZIP1L,370,386,210,574,442,226,364
ENSG00000158164.7,TMSB15A,76,731,124,166,1383,32,84
ENSG00000158169.14,FANCC,441,472,426,383,363,436,298
ENSG00000158186.13,MRAS,2147,1865,815,1356,2859,1845,1365
ENSG00000158195.11,WASF2,3258,4432,2128,3008,4513,2713,2661
ENSG00000158201.10,ABHD3,144,148,156,141,96,69,89
ENSG00000158220.14,ESYT3,82,15,80,32,33,65,22
ENSG00000158234.13,FAIM,466,133,225,303,221,363,189
ENSG00000158246.8,TENT5B,77,300,147,157,208,66,135
ENSG00000158258.16,CLSTN2,55175,7954,27122,17286,10309,40136,30287
ENSG00000158270.12,COLEC12,1121,14311,1168,2168,4562,3177,1127
ENSG00000158286.13,RNF207,135,138,172,104,89,138,48
ENSG00000158290.19,CUL4B,3720,2405,3542,3267,3067,3279,3475
ENSG00000158292.7,GPR153,446,713,428,418,1717,277,533
ENSG00000158296.14,SLC13A3,179,151,128,62,136,92,88
ENSG00000158301.20,GPRASP2,655,713,388,469,1041,368,384
ENSG00000158321.19,AUTS2,2604,5054,1434,2178,8389,2363,2498
ENSG00000158352.18,SHROOM4,515,485,397,515,936,627,546
ENSG00000158373.9,H2BC5,178,151,114,107,232,113,99
ENSG00000158402.21,CDC25C,69,431,189,243,306,47,86
ENSG00000158406.6,H4C8,226,76,75,75,148,169,110
ENSG00000158411.11,MITD1,386,369,424,405,500,278,258
ENSG00000158417.11,EIF5B,5179,3358,5506,4925,4658,4808,3969
ENSG00000158423.17,RIBC1,24,22,28,15,36,14,27
ENSG00000158427.15,TMSB15B,66,30,72,45,53,35,66
ENSG00000158435.8,CNOT11,1885,1144,1283,1453,1891,1449,1392
ENSG00000158445.10,KCNB1,4,25,7,6,84,31,15
ENSG00000158457.6,TSPAN33,184,49,185,123,136,118,75
ENSG00000158467.17,AHCYL2,924,1238,568,615,1127,782,614
ENSG00000158470.5,B4GALT5,7562,5425,4125,5339,4472,3462,3385
ENSG00000158480.11,SPATA2,354,335,297,303,477,349,304
ENSG00000158526.8,TSR2,1251,909,938,1095,1031,917,848
ENSG00000158528.12,PPP1R9A,419,262,648,402,280,307,175
ENSG00000158545.16,ZC3H18,1161,1461,1016,1207,2229,1108,1137
ENSG00000158552.13,ZFAND2B,584,415,459,438,522,360,395
ENSG00000158555.15,GDPD5,214,252,589,296,284,309,330
ENSG00000158560.14,DYNC1I1,156,35,137,94,714,261,188
ENSG00000158604.15,TMED4,3222,2281,3213,2493,2392,2156,1886
ENSG00000158615.10,PPP1R15B,1621,1610,1364,1601,2157,1303,1213
ENSG00000158623.14,COPG2,1160,987,525,454,1224,752,513
ENSG00000158636.17,EMSY,774,1026,545,757,1268,700,832
ENSG00000158669.11,GPAT4,3407,2726,4126,3339,2691,2997,2724
ENSG00000158683.10,PKD1L1,17,37,9,42,19,19,101
ENSG00000158691.15,ZSCAN12,405,578,368,413,797,400,388
ENSG00000158710.15,TAGLN2,20622,2548,24778,29467,5688,23208,23326
ENSG00000158711.14,ELK4,717,655,771,666,864,830,614
ENSG00000158715.6,SLC45A3,559,238,522,448,616,458,387
ENSG00000158716.9,DUSP23,410,108,465,294,230,378,490
ENSG00000158717.11,RNF166,495,434,497,360,780,376,360
ENSG00000158747.15,NBL1,2290,1223,1105,1911,3963,2006,1585
ENSG00000158769.18,F11R,1289,145,2459,631,149,820,557
ENSG00000158773.14,USF1,937,919,1061,916,1473,642,751
ENSG00000158792.16,SPATA2L,258,129,248,191,322,213,212
ENSG00000158793.14,NIT1,821,605,559,570,793,426,411
ENSG00000158796.17,DEDD,1019,896,912,935,1524,757,955
ENSG00000158805.12,ZNF276,636,449,899,631,791,424,415
ENSG00000158813.18,EDA,83,118,86,73,77,69,126
ENSG00000158828.8,PINK1,2551,1575,1580,1596,2476,2132,1723
ENSG00000158850.15,B4GALT3,1423,1161,1343,1117,1781,1125,1117
ENSG00000158856.19,DMTN,166,23,65,35,61,129,83
ENSG00000158859.10,ADAMTS4,71,716,4,36,865,87,73
ENSG00000158863.22,FHIP2B,2296,1718,1811,877,2657,1864,1934
ENSG00000158864.13,NDUFS2,2930,2182,2461,2231,2624,1709,1693
ENSG00000158882.15,TOMM40L,613,482,502,524,711,473,460
ENSG00000158887.19,MPZ,19,36,24,16,109,12,22
ENSG00000158941.17,CCAR2,3140,3335,3048,3201,4541,2517,2799
ENSG00000158955.11,WNT9B,210,15,1,22,342,84,45
ENSG00000158966.16,CACHD1,1493,1513,1024,1300,3938,1270,1408
ENSG00000158985.14,CDC42SE2,955,600,810,716,851,694,621
ENSG00000158987.22,RAPGEF6,155,122,204,179,177,160,143
ENSG00000159023.23,EPB41,1220,1220,711,951,2355,864,849
ENSG00000159055.4,MIS18A,180,336,211,303,416,157,174
ENSG00000159063.14,ALG8,1124,809,1173,947,917,805,864
ENSG00000159069.14,FBXW5,3348,1883,2533,2139,2855,2163,2069
ENSG00000159079.19,CFAP298,136,113,195,147,217,145,140
ENSG00000159082.18,SYNJ1,543,416,363,555,499,495,463
ENSG00000159086.15,PAXBP1,755,1066,829,848,1360,469,554
ENSG00000159110.22,IFNAR2,476,372,471,457,322,446,218
ENSG00000159128.16,IFNGR2,2247,1737,2100,1881,1901,1968,1417
ENSG00000159131.17,GART,2330,1888,2113,2444,2201,1798,1949
ENSG00000159140.23,SON,9499,10450,6473,9569,10685,9504,8540
ENSG00000159147.18,DONSON,452,569,567,541,660,363,385
ENSG00000159164.10,SV2A,1228,299,1082,1006,1146,639,773
ENSG00000159166.15,LAD1,492,20,896,117,9,564,39
ENSG00000159167.12,STC1,928,619,320,174,356,779,254
ENSG00000159173.20,TNNI1,671,1833,108,178,703,83,198
ENSG00000159176.14,CSRP1,16349,3695,13512,15783,7580,9907,9295
ENSG00000159199.14,ATP5MC1,1310,673,1244,1093,689,838,798
ENSG00000159200.18,RCAN1,4887,2495,7051,6336,1680,6691,2957
ENSG00000159202.18,UBE2Z,5221,2918,4351,3902,3939,4094,3933
ENSG00000159208.16,CIART,96,119,66,48,177,50,58
ENSG00000159210.10,SNF8,2516,1436,1960,2180,2161,2036,1878
ENSG00000159212.13,CLIC6,15,42,72,142,449,8,134
ENSG00000159214.13,CCDC24,150,131,120,91,176,87,75
ENSG00000159216.19,RUNX1,3167,1600,1252,1897,11958,3955,2583
ENSG00000159217.10,IGF2BP1,8160,7760,6152,8153,8990,8569,8424
ENSG00000159228.13,CBR1,512,404,436,304,504,410,320
ENSG00000159231.6,CBR3,43,49,69,82,8,15,21
ENSG00000159251.9,ACTC1,32376,567,5618,26161,17815,10762,35283
ENSG00000159256.13,MORC3,926,770,651,920,1002,731,653
ENSG00000159259.8,CHAF1B,190,628,237,342,464,100,124
ENSG00000159263.16,SIM2,1028,0,354,283,6,783,377
ENSG00000159267.17,HLCS,1172,704,792,893,877,1197,906
ENSG00000159307.20,SCUBE1,11,564,6,4,674,2,23
ENSG00000159314.13,ARHGAP27,93,33,230,149,52,140,132
ENSG00000159322.18,ADPGK,2709,1766,2964,2186,1925,2182,1576
ENSG00000159335.19,PTMS,11674,9509,8818,10317,20422,11619,16615
ENSG00000159346.13,ADIPOR1,3301,1641,2173,2318,2428,2700,2008
ENSG00000159348.13,CYB5R1,1775,846,1885,1571,1305,1344,1066
ENSG00000159352.16,PSMD4,4046,2725,3644,3929,3690,2569,2479
ENSG00000159363.19,ATP13A2,4170,895,3809,2520,1903,3555,2512
ENSG00000159377.11,PSMB4,6026,3301,4573,4942,4575,3621,3464
ENSG00000159388.6,BTG2,1500,492,1322,806,1957,1747,1393
ENSG00000159399.10,HK2,310,460,801,707,405,822,1213
ENSG00000159403.18,C1R,190,630,67,20,520,195,115
ENSG00000159423.17,ALDH4A1,935,341,909,908,496,716,669
ENSG00000159433.12,STARD9,618,1257,564,480,958,399,292
ENSG00000159445.13,THEM4,550,349,337,329,389,402,260
ENSG00000159459.12,UBR1,1655,1212,1089,1314,1546,1691,1308
ENSG00000159461.15,AMFR,3002,1568,2708,2290,2503,2146,2005
ENSG00000159479.17,MED8,1451,896,1068,1189,1060,946,917
ENSG00000159556.10,ISL2,20,7,34,20,2,9,25
ENSG00000159579.14,RSPRY1,2633,1440,2130,2203,2197,2264,2177
ENSG00000159588.15,CCDC17,23,9,39,29,27,20,11
ENSG00000159592.11,GPBP1L1,2586,1715,1858,2169,2725,2037,1877
ENSG00000159593.15,NAE1,1183,1213,1217,1069,1841,984,1076
ENSG00000159596.7,TMEM69,787,567,603,506,687,604,582
ENSG00000159640.17,ACE,3,49,11,3,24,35,10
ENSG00000159658.15,EFCAB14,3094,2389,2357,2225,2784,2892,2377
ENSG00000159674.12,SPON2,4079,148,4785,1269,313,2179,1608
ENSG00000159685.11,CHCHD6,377,276,356,304,405,317,241
ENSG00000159692.18,CTBP1,4045,3070,3196,3192,5339,3303,3333
ENSG00000159713.11,TPPP3,8,81,33,29,29,8,19
ENSG00000159714.12,ZDHHC1,108,199,105,93,474,156,133
ENSG00000159720.13,ATP6V0D1,3830,2148,2908,2989,2817,2834,2747
ENSG00000159733.14,ZFYVE28,34,1,34,1,6,68,5
ENSG00000159753.15,CARMIL2,18,16,48,24,29,12,38
ENSG00000159761.15,C16orf86,21,42,23,16,42,11,16
ENSG00000159784.18,FAM131B,1257,763,965,516,1594,1351,667
ENSG00000159788.20,RGS12,805,1134,768,896,1591,661,682
ENSG00000159792.10,PSKH1,2230,1843,1173,1421,2744,1784,1620
ENSG00000159840.16,ZYX,12003,5672,11281,13020,8584,11762,13200
ENSG00000159842.16,ABR,5676,5077,4677,4496,7394,4948,4404
ENSG00000159873.10,CCDC117,1049,1222,645,922,1632,876,874
ENSG00000159882.13,ZNF230,105,136,78,103,173,80,78
ENSG00000159884.12,CCDC107,573,339,608,443,482,353,391
ENSG00000159885.14,ZNF222,110,81,77,89,132,95,64
ENSG00000159899.16,NPR2,990,1015,1107,1017,1553,1042,803
ENSG00000159905.15,ZNF221,41,65,14,50,83,42,37
ENSG00000159915.13,ZNF233,96,41,56,73,70,37,26
ENSG00000159917.17,ZNF235,196,163,165,173,248,174,143
ENSG00000159921.20,GNE,989,708,708,899,788,755,737
ENSG00000160007.20,ARHGAP35,3949,4377,2788,3252,6023,3585,3713
ENSG00000160013.9,PTGIR,6,42,1,1,35,5,2
ENSG00000160014.17,CALM3,7606,11239,6402,8296,9909,6942,8504
ENSG00000160049.12,DFFA,2077,1264,1810,1849,2025,1672,1633
ENSG00000160050.16,CCDC28B,577,473,373,439,423,296,307
ENSG00000160051.12,IQCC,48,105,62,74,159,37,45
ENSG00000160055.20,TMEM234,542,341,545,334,370,302,275
ENSG00000160058.19,BSDC1,3634,1781,2447,3056,2811,3030,2735
ENSG00000160062.15,ZBTB8A,220,289,196,198,428,237,211
ENSG00000160072.20,ATAD3B,1300,614,813,1451,864,819,401
ENSG00000160075.12,SSU72,2348,1551,1662,1886,2817,2179,2242
ENSG00000160087.21,UBE2J2,1706,1087,1426,1638,2016,1474,1346
ENSG00000160094.15,ZNF362,2001,2603,1001,1785,6194,2053,2466
ENSG00000160097.21,FNDC5,19,81,6,7,245,16,17
ENSG00000160111.15,CPAMD8,148,292,37,93,391,98,83
ENSG00000160113.6,NR2F6,2697,1345,1357,1405,2058,1819,1732
ENSG00000160117.16,ANKLE1,63,79,63,57,60,23,49
ENSG00000160124.9,MIX23,207,173,200,193,211,175,155
ENSG00000160131.14,VMA21,1356,744,1266,948,1041,983,1086
ENSG00000160145.16,KALRN,1001,1216,687,898,1705,1209,1327
ENSG00000160161.9,CILP2,321,309,169,249,1320,336,428
ENSG00000160179.19,ABCG1,242,22,42,52,106,67,36
ENSG00000160190.14,SLC37A1,231,427,448,416,399,158,189
ENSG00000160191.18,PDE9A,168,309,161,150,369,132,224
ENSG00000160193.12,WDR4,224,205,219,341,203,249,166
ENSG00000160194.18,NDUFV3,1122,597,935,886,859,885,726
ENSG00000160199.15,PKNOX1,485,250,327,386,377,419,448
ENSG00000160200.18,CBS,257,29,253,419,59,106,210
ENSG00000160201.12,U2AF1,220,256,218,301,302,148,177
ENSG00000160207.9,HSF2BP,49,28,33,40,40,38,23
ENSG00000160208.13,RRP1B,1622,1647,1417,1832,2166,1313,1453
ENSG00000160209.19,PDXK,4861,1731,2294,3760,1994,2937,2292
ENSG00000160211.20,G6PD,2139,1455,1666,2901,1682,1381,1494
ENSG00000160213.9,CSTB,2560,1071,1012,2086,1330,1350,858
ENSG00000160214.13,RRP1,790,616,1040,808,798,665,607
ENSG00000160216.21,AGPAT3,1705,1933,2136,1406,2192,1291,874
ENSG00000160218.13,TRAPPC10,1471,1014,753,1129,1306,1486,1197
ENSG00000160219.12,GAB3,29,85,33,41,68,46,28
ENSG00000160226.16,CFAP410,702,443,408,397,624,507,429
ENSG00000160229.13,ZNF66,49,61,31,58,65,43,49
ENSG00000160233.8,LRRC3,903,1299,630,838,1194,1000,584
ENSG00000160256.14,SLX9,230,252,144,293,397,236,188
ENSG00000160271.16,RALGDS,489,523,525,436,592,282,181
ENSG00000160282.15,FTCD,33,33,2,26,56,28,3
ENSG00000160284.15,SPATC1L,432,265,87,307,567,324,110
ENSG00000160285.15,LSS,6577,4867,7170,9332,5556,2971,5319
ENSG00000160293.17,VAV2,3856,1399,2907,2468,3689,3924,2597
ENSG00000160294.11,MCM3AP,3266,3553,2831,3545,4128,2683,2760
ENSG00000160298.18,C21orf58,142,557,220,249,448,110,115
ENSG00000160299.19,PCNT,1039,1853,1233,1576,1870,1023,899
ENSG00000160305.18,DIP2A,1558,1866,1159,1471,1516,1138,1301
ENSG00000160307.10,S100B,7,31,2,10,48,2,7
ENSG00000160310.19,PRMT2,4344,3029,2851,3295,3946,3372,3094
ENSG00000160321.16,ZNF208,140,50,38,0,127,161,14
ENSG00000160323.19,ADAMTS13,220,209,90,104,288,94,59
ENSG00000160325.15,CACFD1,1447,1436,517,619,2050,849,676
ENSG00000160326.14,SLC2A6,1280,661,3153,1796,2166,1098,1263
ENSG00000160336.17,ZNF761,521,287,432,402,402,338,298
ENSG00000160345.13,PIERCE1,70,44,75,35,145,90,87
ENSG00000160352.16,ZNF714,638,670,375,935,825,521,651
ENSG00000160360.13,GPSM1,2905,1486,3141,1526,2064,3042,2010
ENSG00000160392.14,C19orf47,540,386,294,520,591,493,497
ENSG00000160404.18,TOR2A,276,353,385,246,370,212,230
ENSG00000160410.15,SHKBP1,1410,1383,1301,1315,1524,1067,1035
ENSG00000160439.16,RDH13,397,149,479,192,206,429,477
ENSG00000160445.11,ZER1,2306,1755,1287,1447,2598,1919,1764
ENSG00000160446.19,ZDHHC12,729,185,742,412,305,432,331
ENSG00000160447.7,PKN3,157,413,288,388,250,75,115
ENSG00000160469.17,BRSK1,404,410,537,407,1016,458,504
ENSG00000160472.5,TMEM190,379,3,93,91,21,168,55
ENSG00000160539.6,PLPP7,19,77,24,10,65,10,16
ENSG00000160551.12,TAOK1,4865,3788,2424,4168,4757,5576,4553
ENSG00000160563.14,MED27,538,395,503,599,574,406,437
ENSG00000160570.14,DEDD2,775,294,536,555,763,638,602
ENSG00000160584.17,SIK3,1103,938,698,718,1024,993,916
ENSG00000160588.10,MPZL3,156,70,257,93,79,295,107
ENSG00000160602.14,NEK8,240,100,181,171,97,115,180
ENSG00000160606.11,TLCD1,306,65,236,185,88,274,260
ENSG00000160613.15,PCSK7,2050,1605,1879,1421,1498,1500,1225
ENSG00000160633.13,SAFB,1963,2237,2338,2294,3078,1748,1749
ENSG00000160679.14,CHTOP,1914,1995,1689,1718,2461,1319,1540
ENSG00000160683.5,CXCR5,49,7,8,57,20,12,22
ENSG00000160685.14,ZBTB7B,1383,482,1095,1044,1101,1470,1360
ENSG00000160688.19,FLAD1,1216,628,1189,800,1144,889,896
ENSG00000160691.19,SHC1,16169,8393,13436,12605,16890,15793,17512
ENSG00000160695.16,VPS11,1267,873,917,722,972,800,748
ENSG00000160703.17,NLRX1,309,277,291,249,443,303,228
ENSG00000160710.18,ADAR,8429,9674,5428,9107,15844,7583,7626
ENSG00000160712.13,IL6R,49,211,236,128,49,83,115
ENSG00000160714.10,UBE2Q1,2650,1922,2048,2270,3327,2222,2295
ENSG00000160741.17,CRTC2,1147,987,1299,1119,1297,874,972
ENSG00000160746.13,ANO10,1971,897,2057,1560,1115,1567,1149
ENSG00000160752.15,FDPS,4992,4496,8381,9245,5630,2580,4791
ENSG00000160753.17,RUSC1,1802,1277,1456,1429,1872,1572,1250
ENSG00000160767.23,ENTREP3,1989,1386,2039,1726,2681,1772,2047
ENSG00000160781.17,PAQR6,139,252,273,162,408,138,178
ENSG00000160783.19,PMF1,413,393,316,336,547,306,456
ENSG00000160785.14,SLC25A44,1364,808,1188,1065,1355,1032,1043
ENSG00000160789.24,LMNA,6009,5587,8960,7079,5121,6366,6086
ENSG00000160796.18,NBEAL2,811,755,845,660,667,368,311
ENSG00000160799.12,CCDC12,542,469,501,441,557,375,381
ENSG00000160801.14,PTH1R,190,5092,37,309,3273,105,128
ENSG00000160803.8,UBQLN4,1715,1668,1319,1502,2155,1336,1385
ENSG00000160808.12,MYL3,21,171,11,23,100,49,17
ENSG00000160813.7,PPP1R35,387,226,410,266,404,277,284
ENSG00000160818.17,GPATCH4,783,460,943,951,713,656,651
ENSG00000160867.15,FGFR4,603,81,779,636,149,445,107
ENSG00000160877.7,NACC1,3074,1643,2420,2501,2964,3494,3394
ENSG00000160888.7,IER2,1579,941,1457,1154,1411,1010,1187
ENSG00000160908.15,ZNF394,392,270,341,374,377,324,317
ENSG00000160917.15,CPSF4,701,668,661,761,855,514,594
ENSG00000160932.11,LY6E,1149,1932,1529,1638,2782,1406,984
ENSG00000160948.14,VPS28,1856,1524,1603,1571,2070,1086,1093
ENSG00000160949.18,TONSL,298,808,544,501,634,147,238
ENSG00000160953.17,PWWP3A,1632,1880,1521,1538,1993,1263,1085
ENSG00000160957.15,RECQL4,335,944,660,650,812,214,346
ENSG00000160959.8,LRRC14,971,939,707,734,1414,714,772
ENSG00000160961.12,ZNF333,287,346,288,227,531,158,239
ENSG00000160963.14,COL26A1,989,13764,130,1261,26567,1020,2761
ENSG00000160972.10,PPP1R16A,781,577,776,589,1235,668,733
ENSG00000160991.17,ORAI2,4057,1974,3526,2528,4195,4615,3995
ENSG00000160993.4,ALKBH4,351,268,251,297,433,263,277
ENSG00000160999.11,SH2B2,91,54,38,34,224,100,107
ENSG00000161010.16,MRNIP,547,560,573,553,710,315,369
ENSG00000161011.20,SQSTM1,15234,3728,14547,9243,5164,9805,8802
ENSG00000161013.17,MGAT4B,10204,3235,9556,6157,4548,7199,6073
ENSG00000161021.13,MAML1,1449,2380,924,1624,3353,1429,1665
ENSG00000161036.13,LRWD1,1393,712,1323,974,1214,892,1045
ENSG00000161040.19,FBXL13,48,12,31,30,29,57,47
ENSG00000161048.12,NAPEPLD,322,370,199,236,366,263,162
ENSG00000161057.13,PSMC2,3067,2008,2522,2791,2648,2343,2174
ENSG00000161082.13,CELF5,5,6,20,8,54,25,30
ENSG00000161091.15,MFSD12,3670,1177,3508,3242,1990,3099,2198
ENSG00000161179.14,YDJC,581,173,573,379,306,411,443
ENSG00000161202.20,DVL3,6604,4571,3443,5083,8232,5548,4958
ENSG00000161203.14,AP2M1,20117,10368,16516,18599,12268,15379,15523
ENSG00000161204.12,ABCF3,1638,1006,1566,1541,1275,1212,1190
ENSG00000161217.12,PCYT1A,2662,1424,1950,2320,1856,2510,1951
ENSG00000161243.10,FBXO27,193,71,79,117,135,178,90
ENSG00000161249.21,DMKN,24,7,45,16,23,39,64
ENSG00000161265.15,U2AF1L4,91,58,107,132,86,63,81
ENSG00000161267.12,BDH1,99,37,154,133,70,148,53
ENSG00000161277.11,THAP8,245,171,126,173,250,135,157
ENSG00000161281.11,COX7A1,206,1,2,0,13,139,3
ENSG00000161298.19,ZNF382,208,192,165,184,288,142,122
ENSG00000161328.11,LRRC56,73,81,60,37,138,66,53
ENSG00000161381.14,PLXDC1,73,182,33,37,366,119,37
ENSG00000161395.14,PGAP3,817,686,411,472,779,579,328
ENSG00000161513.12,FDXR,463,173,789,318,360,431,398
ENSG00000161526.15,SAP30BP,2041,1476,2163,1887,1934,1611,1463
ENSG00000161533.12,ACOX1,1690,771,1263,1247,1029,1376,1200
ENSG00000161542.17,PRPSAP1,1048,1398,813,894,1082,646,748
ENSG00000161544.10,CYGB,646,162,563,208,106,432,230
ENSG00000161547.17,SRSF2,3997,4853,4147,4478,5552,3053,3651
ENSG00000161551.15,ZNF577,339,268,188,274,429,165,149
ENSG00000161558.11,TMEM143,130,100,62,70,169,76,124
ENSG00000161618.10,ALDH16A1,612,793,686,598,823,500,422
ENSG00000161638.11,ITGA5,9894,6996,16861,10589,8940,14789,10876
ENSG00000161642.18,ZNF385A,650,736,612,507,1246,618,651
ENSG00000161647.19,MPP3,130,147,166,133,130,102,95
ENSG00000161653.11,NAGS,48,30,22,21,48,35,16
ENSG00000161654.10,LSM12,311,211,188,277,281,284,250
ENSG00000161671.17,EMC10,9067,5278,9482,5787,8632,7370,8510
ENSG00000161677.12,JOSD2,410,188,362,250,441,343,314
ENSG00000161681.17,SHANK1,69,336,87,186,4173,484,704
ENSG00000161682.15,FAM171A2,977,1487,613,539,3030,954,1160
ENSG00000161692.18,DBF4B,241,606,456,542,459,93,152
ENSG00000161714.12,PLCD3,1768,994,1291,1286,1425,1609,1615
ENSG00000161791.14,FMNL3,1805,4054,2210,2444,6769,2253,3928
ENSG00000161800.13,RACGAP1,792,2065,1081,1456,1280,380,514
ENSG00000161813.23,LARP4,1576,1320,1305,1623,1514,1305,1341
ENSG00000161835.11,TAMALIN,172,480,131,121,864,199,100
ENSG00000161847.15,RAVER1,724,749,430,686,1112,772,861
ENSG00000161888.12,SPC24,96,432,184,257,272,43,64
ENSG00000161896.12,IP6K3,946,127,587,597,245,599,517
ENSG00000161904.13,LEMD2,2528,1914,2746,2142,3185,2340,2062
ENSG00000161914.10,ZNF653,127,96,116,89,168,94,113
ENSG00000161920.11,MED11,268,181,198,195,245,180,144
ENSG00000161921.17,CXCL16,46,28,147,16,13,71,12
ENSG00000161956.14,SENP3,691,437,642,588,936,621,684
ENSG00000161958.11,FGF11,45,6,17,21,34,18,8
ENSG00000161960.16,EIF4A1,108,105,169,160,133,108,108
ENSG00000161980.6,POLR3K,292,237,352,383,238,184,178
ENSG00000161981.11,SNRNP25,858,640,587,811,804,591,565
ENSG00000161996.19,WDR90,367,619,665,435,712,264,299
ENSG00000161999.13,JMJD8,1853,1340,1684,1451,1841,1499,1223
ENSG00000162004.19,CCDC78,45,12,73,35,14,26,20
ENSG00000162032.16,SPSB3,1156,820,984,815,1237,712,714
ENSG00000162062.15,TEDC2,149,255,236,173,296,101,123
ENSG00000162063.13,CCNF,397,1387,707,841,946,230,273
ENSG00000162065.14,TBC1D24,398,501,430,410,660,317,341
ENSG00000162066.16,AMDHD2,906,576,786,655,744,379,532
ENSG00000162068.2,NTN3,38,113,12,16,218,20,22
ENSG00000162073.14,PAQR4,251,480,343,253,579,174,176
ENSG00000162076.13,FLYWCH2,519,294,508,358,587,446,520
ENSG00000162086.16,ZNF75A,439,454,402,524,608,426,348
ENSG00000162104.10,ADCY9,850,931,710,813,682,1164,760
ENSG00000162105.21,SHANK2,108,23,149,134,256,321,186
ENSG00000162129.15,CLPB,656,475,703,661,595,534,521
ENSG00000162139.10,NEU3,780,566,496,607,624,652,491
ENSG00000162144.10,CYB561A3,1793,743,1371,1416,1054,1104,816
ENSG00000162148.11,PPP1R32,13,36,7,26,57,14,16
ENSG00000162174.12,ASRGL1,216,112,138,162,345,139,126
ENSG00000162188.6,GNG3,64,25,21,54,26,30,40
ENSG00000162191.14,UBXN1,1946,1578,1582,1591,2100,1280,1223
ENSG00000162194.13,LBHD1,136,67,208,177,80,65,85
ENSG00000162222.14,TTC9C,565,411,544,549,587,373,457
ENSG00000162227.8,TAF6L,469,507,434,479,743,306,375
ENSG00000162231.14,NXF1,1949,2127,2499,2360,2931,1405,1617
ENSG00000162236.13,STX5,1317,954,827,1005,1337,1073,1040
ENSG00000162241.13,SLC25A45,94,64,28,67,84,65,52
ENSG00000162267.14,ITIH3,65,269,55,76,312,64,61
ENSG00000162298.19,SYVN1,1745,1066,1458,1579,1971,1842,1855
ENSG00000162300.13,ZFPL1,866,630,695,709,837,733,763
ENSG00000162337.12,LRP5,1800,1714,1422,1216,5304,1531,1153
ENSG00000162341.18,TPCN2,189,196,207,159,172,135,132
ENSG00000162367.12,TAL1,57,19,35,132,32,259,7
ENSG00000162368.15,CMPK1,5356,2547,4075,4535,4015,5132,4075
ENSG00000162373.13,BEND5,36,149,17,23,229,24,29
ENSG00000162377.6,COA7,619,576,540,646,692,481,448
ENSG00000162378.13,ZYG11B,1483,1412,1093,1373,1915,1531,1418
ENSG00000162384.14,CZIB,878,810,651,610,1025,533,578
ENSG00000162385.11,MAGOH,425,433,401,477,498,335,272
ENSG00000162390.18,ACOT11,158,153,31,92,139,94,43
ENSG00000162396.6,PARS2,212,144,118,149,172,102,142
ENSG00000162402.15,USP24,1501,2031,1564,1577,1618,1731,1497
ENSG00000162407.9,PLPP3,47,308,86,66,302,65,159
ENSG00000162408.11,NOL9,444,465,625,525,649,496,419
ENSG00000162409.12,PRKAA2,307,68,310,196,116,260,248
ENSG00000162413.17,KLHL21,2813,788,2287,3018,1664,2042,2405
ENSG00000162415.7,ZSWIM5,190,25,55,72,116,198,153
ENSG00000162419.13,GMEB1,575,559,426,505,711,391,401
ENSG00000162426.16,SLC45A1,43,100,37,38,317,81,35
ENSG00000162430.18,SELENON,6868,9204,6110,5863,9444,6443,6805
ENSG00000162433.15,AK4,836,120,762,661,137,1063,602
ENSG00000162434.14,JAK1,3350,3215,2745,3264,4119,4117,3696
ENSG00000162437.15,RAVER2,573,865,324,409,1168,446,417
ENSG00000162441.12,LZIC,1000,1144,762,905,1362,811,730
ENSG00000162458.13,FBLIM1,5333,3998,6996,5139,4677,5296,6291
ENSG00000162461.8,SLC25A34,19,27,6,25,43,14,12
ENSG00000162490.7,DRAXIN,4,86,9,13,331,17,17
ENSG00000162493.17,PDPN,5285,2434,2971,3836,3244,2943,2302
ENSG00000162496.9,DHRS3,50,45,22,51,20,47,11
ENSG00000162511.8,LAPTM5,26,69,74,62,40,50,104
ENSG00000162512.16,SDC3,7981,16070,6758,7929,19891,8058,6395
ENSG00000162517.13,PEF1,1945,1156,1626,1697,1646,1377,1528
ENSG00000162520.15,SYNC,1241,506,898,1043,527,1155,735
ENSG00000162521.19,RBBP4,5033,5970,4280,4854,6809,3456,3755
ENSG00000162522.11,KIAA1522,3187,1435,1788,2116,2630,2585,2531
ENSG00000162542.14,TMCO4,48,318,120,106,80,109,38
ENSG00000162545.6,CAMK2N1,1384,145,773,906,523,1940,1092
ENSG00000162551.14,ALPL,704,132,218,968,271,114,192
ENSG00000162552.15,WNT4,62,40,43,25,516,101,14
ENSG00000162572.21,SCNN1D,298,135,202,134,282,137,71
ENSG00000162576.17,MXRA8,9317,8576,6376,5103,9982,8871,6896
ENSG00000162585.17,FAAP20,1378,925,1234,818,1969,1143,1441
ENSG00000162591.17,MEGF6,28439,5803,11610,13717,6808,14361,11434
ENSG00000162595.8,DIRAS3,22,54,28,26,59,17,26
ENSG00000162599.18,NFIA,49,538,45,72,816,58,73
ENSG00000162600.12,OMA1,192,115,137,101,134,86,83
ENSG00000162601.12,MYSM1,944,1191,879,1149,1151,871,680
ENSG00000162604.13,TM2D1,878,527,719,597,642,726,494
ENSG00000162607.13,USP1,845,1430,713,1118,1650,578,578
ENSG00000162613.18,FUBP1,3092,3814,2922,3399,5325,2990,2912
ENSG00000162614.19,NEXN,3276,848,2174,3088,2595,2937,2136
ENSG00000162616.9,DNAJB4,1057,559,511,679,1039,1062,530
ENSG00000162618.15,ADGRL4,651,1061,1177,1136,669,1584,896
ENSG00000162623.16,TYW3,292,427,555,341,586,614,554
ENSG00000162624.16,LHX8,1,2,0,2,68,40,9
ENSG00000162627.17,SNX7,1239,631,1088,886,725,1341,993
ENSG00000162630.6,B3GALT2,191,1816,77,221,2289,139,12
ENSG00000162631.20,NTNG1,265,319,125,65,714,366,107
ENSG00000162636.16,EEIG2,520,733,245,417,799,308,306
ENSG00000162639.16,HENMT1,251,164,107,203,346,216,194
ENSG00000162642.14,C1orf52,656,443,524,543,671,601,561
ENSG00000162643.13,DNAI3,174,55,69,72,138,235,101
ENSG00000162645.13,GBP2,295,61,146,49,23,85,114
ENSG00000162650.17,ATXN7L2,244,253,263,226,356,172,231
ENSG00000162664.17,ZNF326,854,963,1008,1098,1188,781,695
ENSG00000162669.16,HFM1,25,66,32,23,65,7,14
ENSG00000162687.19,KCNT2,314,344,270,208,297,187,180
ENSG00000162688.17,AGL,867,590,674,665,774,756,547
ENSG00000162692.12,VCAM1,8,518,50,9,56,0,3
ENSG00000162694.14,EXTL2,1538,1773,1447,1255,1627,1145,1089
ENSG00000162695.12,SLC30A7,1481,956,1705,1159,1219,1569,1173
ENSG00000162702.8,ZNF281,1317,1080,1048,1252,1982,1511,1391
ENSG00000162704.16,ARPC5,5858,3756,4612,5948,6081,5469,5878
ENSG00000162706.13,CADM3,662,146,719,448,713,1165,1711
ENSG00000162714.13,ZNF496,1759,1921,1278,1510,2471,1420,1477
ENSG00000162722.9,TRIM58,3513,80,2059,3047,302,3201,1431
ENSG00000162729.14,IGSF8,1003,900,1666,1006,1149,977,716
ENSG00000162733.19,DDR2,300,7268,146,1582,9778,637,795
ENSG00000162734.13,PEA15,21675,6518,16838,16994,11905,20253,23392
ENSG00000162735.19,PEX19,2132,1182,1174,1590,1850,1483,1491
ENSG00000162736.18,NCSTN,7945,4778,7261,5447,6875,6884,5970
ENSG00000162738.7,VANGL2,1960,3438,1855,1208,5098,1698,1905
ENSG00000162745.11,OLFML2B,3724,1684,4600,4116,2283,1967,3568
ENSG00000162755.14,KLHDC9,70,54,55,32,95,41,38
ENSG00000162761.14,LMX1A,0,72,0,37,337,0,7
ENSG00000162769.13,FLVCR1,393,567,569,680,858,444,363
ENSG00000162772.18,ATF3,524,236,526,1013,318,475,638
ENSG00000162775.17,RBM15,215,259,190,286,369,279,260
ENSG00000162783.11,IER5,968,951,911,781,2100,1141,802
ENSG00000162804.15,SNED1,5,32,13,4,13,36,21
ENSG00000162813.18,BPNT1,997,534,732,796,728,575,600
ENSG00000162814.11,SPATA17,21,31,18,23,47,23,30
ENSG00000162817.7,C1orf115,69,48,105,40,20,25,22
ENSG00000162819.12,BROX,1199,832,822,894,1250,978,946
ENSG00000162825.18,NBPF20,87,105,102,114,175,127,107
ENSG00000162836.12,ACP6,407,316,290,396,450,273,243
ENSG00000162849.16,KIF26B,438,1630,117,313,7719,792,871
ENSG00000162851.8,TFB2M,368,246,321,331,454,375,340
ENSG00000162852.14,CNST,737,499,487,643,851,717,734
ENSG00000162869.16,PPP1R21,853,402,597,593,642,637,433
ENSG00000162873.15,KLHDC8A,31,23,115,71,79,100,168
ENSG00000162878.13,PKDCC,192,5309,250,546,2713,179,298
ENSG00000162881.7,OXER1,21,128,12,37,274,5,17
ENSG00000162882.15,HAAO,64,392,22,172,856,21,109
ENSG00000162885.14,B3GALNT2,899,1301,986,840,1505,624,702
ENSG00000162889.11,MAPKAPK2,4590,2802,3586,3976,5151,4330,4161
ENSG00000162909.18,CAPN2,20089,7341,18392,15114,9192,20404,15042
ENSG00000162913.10,OBSCN-AS1,47,55,30,57,90,41,32
ENSG00000162923.18,WDR26,5775,4038,4016,4690,6829,5794,5171
ENSG00000162924.16,REL,91,172,33,85,159,88,79
ENSG00000162927.14,PUS10,221,144,170,161,237,201,171
ENSG00000162928.9,PEX13,1037,637,771,803,1002,903,861
ENSG00000162929.14,SANBR,787,609,632,795,681,561,608
ENSG00000162931.12,TRIM17,31,100,39,45,93,44,32
ENSG00000162944.11,RFTN2,673,949,200,471,1536,604,465
ENSG00000162946.24,DISC1,476,464,297,355,426,457,298
ENSG00000162959.14,MEMO1,125,123,110,93,216,126,189
ENSG00000162961.14,DPY30,947,520,617,747,845,716,546
ENSG00000162971.11,TYW5,379,249,344,356,298,311,291
ENSG00000162972.11,MAIP1,305,220,313,307,285,194,168
ENSG00000162975.5,KCNF1,7,28,35,26,29,13,64
ENSG00000162976.13,SLC66A3,468,269,532,325,362,497,343
ENSG00000162980.17,ARL5A,1001,906,570,784,1445,1061,891
ENSG00000162981.14,LRATD1,962,25,242,147,146,644,819
ENSG00000162994.16,CLHC1,212,201,198,198,185,101,161
ENSG00000162998.5,FRZB,304,9719,37,183,3699,107,95
ENSG00000162999.13,DUSP19,105,58,48,81,67,34,55
ENSG00000163001.12,CFAP36,867,574,449,704,889,691,576
ENSG00000163002.13,NUP35,251,260,251,305,290,185,172
ENSG00000163006.12,CCDC138,190,234,242,260,351,161,165
ENSG00000163013.12,FBXO41,297,236,403,203,420,308,486
ENSG00000163017.14,ACTG2,1994,2934,882,5605,6492,519,580
ENSG00000163026.12,WDCP,536,410,429,485,534,302,331
ENSG00000163029.16,SMC6,1239,1216,1014,1217,1334,794,861
ENSG00000163032.12,VSNL1,166,23,45,39,49,155,40
ENSG00000163040.15,CCDC74A,414,219,213,288,378,471,384
ENSG00000163041.13,H3-3A,1623,1573,919,1187,2015,758,1025
ENSG00000163053.11,SLC16A14,41,282,81,34,505,69,140
ENSG00000163064.7,EN1,7,173,7,73,42,4,19
ENSG00000163069.13,SGCB,4520,2756,3379,2932,3835,4216,2775
ENSG00000163071.11,SPATA18,1029,241,628,449,632,1133,583
ENSG00000163075.13,CFAP221,34,19,14,14,59,50,8
ENSG00000163083.6,INHBB,145,269,1363,237,213,257,103
ENSG00000163093.12,BBS5,187,318,220,142,506,139,151
ENSG00000163104.18,SMARCAD1,1998,2005,1330,1840,2817,1832,1638
ENSG00000163110.15,PDLIM5,7279,3392,5162,7027,4844,7265,7562
ENSG00000163125.16,RPRD2,1276,1620,857,1164,2241,1132,1221
ENSG00000163131.12,CTSS,16,52,64,43,23,11,29
ENSG00000163132.8,MSX1,13,710,30,220,6748,36,77
ENSG00000163138.19,PACRGL,341,231,261,308,330,270,248
ENSG00000163155.12,LYSMD1,374,295,199,331,418,246,263
ENSG00000163156.12,SCNM1,748,474,671,712,756,629,642
ENSG00000163159.15,VPS72,1106,1138,1020,998,1903,839,906
ENSG00000163161.14,ERCC3,1819,1407,1443,1595,1853,1194,1179
ENSG00000163162.9,RNF149,1012,574,1173,829,901,924,676
ENSG00000163166.15,IWS1,2502,1983,1964,2382,2569,1885,1824
ENSG00000163170.12,BOLA3,317,144,263,239,235,337,326
ENSG00000163171.8,CDC42EP3,1940,902,2868,2827,1957,2746,4168
ENSG00000163191.6,S100A11,16585,8518,16708,14471,11301,14837,18212
ENSG00000163214.21,DHX57,1092,1150,893,1044,1491,998,944
ENSG00000163235.16,TGFA,37,3,19,6,5,29,31
ENSG00000163249.13,CCNYL1,1318,549,872,1108,895,1323,1119
ENSG00000163251.4,FZD5,250,90,117,107,24,181,147
ENSG00000163257.11,DCAF16,860,1156,629,745,1625,744,840
ENSG00000163281.12,GNPDA2,573,393,405,464,627,477,427
ENSG00000163291.14,PAQR3,850,460,1146,797,706,844,1020
ENSG00000163293.12,NIPAL1,58,198,165,64,35,130,120
ENSG00000163297.18,ANTXR2,940,1181,1971,1000,1373,1643,1248
ENSG00000163312.11,HELQ,347,245,190,251,344,232,203
ENSG00000163320.12,CGGBP1,2670,3075,2021,2507,4341,2152,2199
ENSG00000163322.14,ABRAXAS1,500,464,303,422,499,348,283
ENSG00000163328.14,GPR155,1085,173,592,393,298,1059,446
ENSG00000163344.6,PMVK,761,427,531,500,783,445,351
ENSG00000163346.17,PBXIP1,10096,4767,6062,4197,7678,6381,4853
ENSG00000163347.6,CLDN1,1058,59,2335,735,136,229,888
ENSG00000163348.4,PYGO2,1351,1295,1052,1114,2527,999,1128
ENSG00000163349.22,HIPK1,2522,2333,1527,2354,3100,2393,2709
ENSG00000163359.17,COL6A3,232,45022,223,2699,30164,1303,4189
ENSG00000163362.11,INAVA,404,447,284,606,1092,339,543
ENSG00000163374.20,YY1AP1,992,968,739,932,1348,745,782
ENSG00000163376.11,KBTBD8,110,85,135,91,50,157,81
ENSG00000163378.14,EOGT,944,1009,1548,1090,919,1299,962
ENSG00000163382.13,NAXE,1219,1033,1837,853,1626,1051,805
ENSG00000163389.12,POGLUT1,1091,635,1183,839,824,953,694
ENSG00000163393.13,SLC22A15,245,118,223,280,122,177,103
ENSG00000163399.16,ATP1A1,16838,8326,17475,14313,8516,15741,15014
ENSG00000163412.13,EIF4E3,221,128,212,167,383,230,170
ENSG00000163428.4,LRRC58,449,1110,481,626,1335,689,579
ENSG00000163430.13,FSTL1,68027,72962,63208,70876,97217,64628,46979
ENSG00000163431.14,LMOD1,982,1059,530,1080,756,449,637
ENSG00000163435.16,ELF3,212,52,634,92,6,61,163
ENSG00000163444.12,TMEM183A,1245,925,707,1080,1553,911,944
ENSG00000163449.11,TMEM169,824,180,757,489,452,418,961
ENSG00000163453.11,IGFBP7,46912,9154,26927,24551,36886,53592,32286
ENSG00000163462.19,TRIM46,548,375,1035,508,474,415,397
ENSG00000163463.13,KRTCAP2,108,129,146,140,139,73,77
ENSG00000163466.16,ARPC2,14030,5847,12350,13255,9729,13510,12470
ENSG00000163468.15,CCT3,8539,5359,9646,9307,6726,6341,5976
ENSG00000163472.19,TMEM79,69,68,68,85,108,61,56
ENSG00000163479.14,SSR2,7480,6606,7543,6300,8013,5381,4487
ENSG00000163481.8,RNF25,923,503,768,746,834,762,802
ENSG00000163482.12,STK36,1229,1161,1393,1007,1316,761,797
ENSG00000163485.18,ADORA1,142,419,433,159,288,100,211
ENSG00000163491.18,NEK10,89,33,143,113,39,115,76
ENSG00000163507.15,CIP2A,293,758,419,624,617,216,244
ENSG00000163510.14,CWC22,484,603,352,507,883,461,446
ENSG00000163512.14,AZI2,1722,1201,931,1310,1962,1379,1142
ENSG00000163513.19,TGFBR2,2691,3311,2569,1281,4380,2075,1176
ENSG00000163516.14,ANKZF1,782,800,838,830,979,477,490
ENSG00000163517.15,HDAC11,424,543,315,302,564,351,284
ENSG00000163520.14,FBLN2,5409,15006,1644,3377,11289,2886,4114
ENSG00000163521.16,GLB1L,214,246,155,118,261,130,104
ENSG00000163527.10,STT3B,7072,6025,6475,5872,5824,6030,5260
ENSG00000163528.13,CHCHD4,207,173,202,227,284,179,183
ENSG00000163531.17,NFASC,240,30,339,109,318,515,277
ENSG00000163535.18,SGO2,287,910,451,601,896,201,348
ENSG00000163536.13,SERPINI1,245,94,131,70,177,263,154
ENSG00000163539.18,CLASP2,2761,1526,1462,2179,1727,1919,1546
ENSG00000163541.12,SUCLG1,1308,933,1075,1124,972,852,760
ENSG00000163545.11,NUAK2,692,156,1984,1417,235,921,1137
ENSG00000163558.13,PRKCI,2676,1498,1577,2192,2067,2352,1577
ENSG00000163565.20,IFI16,269,1967,491,458,854,386,492
ENSG00000163576.18,EFHB,5,21,11,16,46,39,1
ENSG00000163577.8,EIF5A2,476,284,321,398,414,435,242
ENSG00000163590.14,PPM1L,218,236,299,161,522,350,377
ENSG00000163596.17,ICA1L,104,218,108,72,188,106,73
ENSG00000163597.17,SNHG16,2018,1129,1713,1528,1597,1275,1177
ENSG00000163602.12,RYBP,2301,1260,898,1522,3239,1960,1829
ENSG00000163605.16,PPP4R2,2257,1653,1588,2009,3637,2094,1871
ENSG00000163607.18,GTPBP8,442,262,342,394,437,352,320
ENSG00000163608.15,NEPRO,930,808,838,824,861,724,698
ENSG00000163611.11,SPICE1,96,79,76,72,81,97,68
ENSG00000163617.11,CCDC191,111,111,107,59,127,79,84
ENSG00000163618.18,CADPS,11,21,22,15,259,26,56
ENSG00000163624.6,CDS1,112,21,129,91,84,181,158
ENSG00000163625.17,WDFY3,3035,2716,2548,2313,2732,3506,2998
ENSG00000163626.17,COX18,524,359,390,388,501,375,282
ENSG00000163629.13,PTPN13,3853,4920,2105,3635,4914,3851,3746
ENSG00000163634.12,THOC7,710,459,717,635,728,675,601
ENSG00000163635.20,ATXN7,617,519,440,609,658,543,499
ENSG00000163636.11,PSMD6,2133,1433,1842,2071,2092,1712,1594
ENSG00000163637.13,PRICKLE2,5245,1210,2419,4550,2062,4813,3047
ENSG00000163638.13,ADAMTS9,1514,917,874,908,1168,1455,736
ENSG00000163644.15,PPM1K,652,337,451,629,499,535,379
ENSG00000163655.16,GMPS,2164,2333,1726,2077,2287,1705,1491
ENSG00000163659.13,TIPARP,3111,562,876,1678,2015,1799,859
ENSG00000163660.12,CCNL1,1229,1498,1551,1264,1248,715,793
ENSG00000163661.4,PTX3,119,2984,312,272,70,91,29
ENSG00000163681.17,SLMAP,1762,1231,1195,1451,1804,1749,1404
ENSG00000163683.12,SMIM14,2121,1246,841,1234,1721,1934,1439
ENSG00000163684.12,RPP14,172,155,234,170,237,162,232
ENSG00000163686.15,ABHD6,180,93,205,92,151,136,131
ENSG00000163689.21,CFAP20DC,49,99,53,40,119,35,20
ENSG00000163694.15,RBM47,266,42,545,58,138,346,115
ENSG00000163697.18,APBB2,8591,2345,2866,5237,8807,8080,4875
ENSG00000163701.19,IL17RE,80,59,144,110,30,49,61
ENSG00000163702.21,IL17RC,159,95,128,59,120,99,69
ENSG00000163703.20,CRELD1,262,73,197,131,150,97,60
ENSG00000163704.13,PRRT3,306,235,186,132,428,251,166
ENSG00000163710.9,PCOLCE2,91,50,179,169,120,115,100
ENSG00000163714.18,U2SURP,2099,2670,2000,2533,3142,1965,2018
ENSG00000163719.20,MTMR14,951,595,720,640,716,657,626
ENSG00000163728.11,TTC14,1123,1064,889,924,1471,918,760
ENSG00000163735.7,CXCL5,12,20,537,59,15,43,63
ENSG00000163738.19,MTHFD2L,268,142,198,165,325,172,217
ENSG00000163739.5,CXCL1,95,127,430,200,288,86,73
ENSG00000163743.14,RCHY1,648,407,519,424,429,575,428
ENSG00000163754.18,GYG1,1408,973,1142,1109,841,882,692
ENSG00000163755.9,HPS3,1215,961,614,676,907,707,557
ENSG00000163762.7,TM4SF18,81,44,138,126,69,76,119
ENSG00000163781.14,TOPBP1,1413,2044,1133,1618,2150,1194,1222
ENSG00000163785.14,RYK,2014,2414,2068,1898,2729,1860,1694
ENSG00000163788.14,SNRK,525,543,361,384,886,443,466
ENSG00000163795.14,ZNF513,932,617,749,650,916,567,625
ENSG00000163798.14,SLC4A1AP,1057,713,794,1056,1064,884,800
ENSG00000163803.13,PLB1,57,30,36,83,58,44,41
ENSG00000163807.6,KIAA1143,1175,985,615,813,1232,881,781
ENSG00000163808.17,KIF15,109,760,172,292,751,64,76
ENSG00000163811.12,WDR43,1332,754,1402,1518,1134,1563,1150
ENSG00000163812.16,ZDHHC3,2293,1849,1703,1745,2353,1691,1748
ENSG00000163814.8,CDCP1,37,5,78,12,2,72,12
ENSG00000163818.20,LZTFL1,664,565,445,499,859,869,735
ENSG00000163820.16,FYCO1,1642,1258,1299,1122,1521,1459,769
ENSG00000163832.16,ELP6,823,675,763,743,784,553,423
ENSG00000163840.10,DTX3L,388,812,541,1435,953,337,211
ENSG00000163848.21,ZNF148,1385,1350,1000,1199,2048,1478,1241
ENSG00000163864.18,NMNAT3,233,62,158,103,99,80,65
ENSG00000163866.9,SMIM12,1077,718,1011,953,961,834,866
ENSG00000163867.17,ZMYM6,314,205,300,254,259,292,212
ENSG00000163870.16,TPRA1,712,663,807,539,805,516,396
ENSG00000163872.16,YEATS2,2189,2946,1766,2244,3573,1618,1590
ENSG00000163874.11,ZC3H12A,669,219,734,511,359,415,361
ENSG00000163875.16,MEAF6,1255,930,1005,1035,1361,945,1013
ENSG00000163877.11,SNIP1,519,436,391,396,685,459,370
ENSG00000163879.11,DNALI1,427,452,244,276,623,262,242
ENSG00000163882.10,POLR2H,1107,678,1067,925,798,554,610
ENSG00000163888.4,CAMK2N2,64,23,119,28,54,189,101
ENSG00000163898.10,LIPH,353,1,705,154,3,1820,199
ENSG00000163900.11,TMEM41A,1080,625,1344,868,840,1041,699
ENSG00000163902.12,RPN1,11677,6757,12864,10962,8797,11600,8838
ENSG00000163904.13,SENP2,1860,1338,1229,1432,2101,1712,1216
ENSG00000163909.8,HEYL,60,48,30,106,466,56,564
ENSG00000163913.14,IFT122,1051,1147,756,996,1169,870,762
ENSG00000163918.12,RFC4,382,523,405,539,558,253,243
ENSG00000163930.10,BAP1,3040,3023,2412,2783,4537,2604,2769
ENSG00000163931.17,TKT,10593,5951,11115,11501,6327,6368,7740
ENSG00000163932.16,PRKCD,507,744,777,698,1012,549,479
ENSG00000163933.10,RFT1,486,476,718,513,530,384,433
ENSG00000163935.14,SFMBT1,140,98,134,165,175,189,143
ENSG00000163938.17,GNL3,1992,1330,1916,2237,1793,1764,1750
ENSG00000163939.19,PBRM1,2664,3306,2077,2764,3663,2698,2485
ENSG00000163945.19,UVSSA,808,787,459,664,913,652,512
ENSG00000163946.14,TASOR,2450,2663,1618,1818,3047,2135,1813
ENSG00000163947.12,ARHGEF3,483,263,378,268,361,489,507
ENSG00000163950.13,SLBP,1226,987,1198,1093,1334,969,1119
ENSG00000163956.13,LRPAP1,6360,2870,5767,3599,4086,5196,3351
ENSG00000163960.12,UBXN7,3098,2958,1438,2624,3722,2714,2331
ENSG00000163961.4,RNF168,557,518,446,664,805,556,516
ENSG00000163964.18,PIGX,480,582,516,428,800,447,407
ENSG00000163975.14,MELTF,216,81,102,102,60,301,118
ENSG00000163995.22,ABLIM2,16,42,4,12,34,12,12
ENSG00000164002.12,EXO5,240,244,191,215,275,191,173
ENSG00000164008.17,C1orf50,252,151,159,179,212,190,184
ENSG00000164010.15,ERMAP,566,319,429,357,464,415,283
ENSG00000164011.18,ZNF691,193,183,152,193,310,131,137
ENSG00000164022.18,AIMP1,1350,1332,1404,1466,1755,959,880
ENSG00000164023.15,SGMS2,1328,465,1152,1078,572,2016,1374
ENSG00000164024.12,METAP1,2100,1096,1911,2108,1246,1545,1423
ENSG00000164031.17,DNAJB14,2132,1461,1676,1620,2050,2013,1457
ENSG00000164032.12,H2AZ1,4732,6170,5755,6976,5194,2646,2737
ENSG00000164038.16,SLC9B2,528,363,451,430,545,531,461
ENSG00000164039.15,BDH2,1082,1144,711,650,1574,511,518
ENSG00000164040.18,PGRMC2,7149,3094,5138,5753,3594,6845,5018
ENSG00000164045.12,CDC25A,304,512,440,536,486,188,206
ENSG00000164048.14,ZNF589,431,311,337,405,501,217,222
ENSG00000164050.13,PLXNB1,3332,1774,4940,2742,3228,3048,3395
ENSG00000164051.14,CCDC51,458,255,403,400,304,255,383
ENSG00000164053.22,ATRIP,293,284,296,356,374,201,206
ENSG00000164054.17,SHISA5,8401,4471,9390,6791,6678,7303,6693
ENSG00000164056.11,SPRY1,698,3242,310,444,1602,430,582
ENSG00000164061.5,BSN,75,96,36,74,167,132,125
ENSG00000164062.13,APEH,2453,1755,2812,2669,1642,1651,1427
ENSG00000164066.13,INTU,1069,577,1080,1061,656,713,638
ENSG00000164068.16,RNF123,1696,1310,1099,1054,1567,1045,1007
ENSG00000164070.12,HSPA4L,361,60,396,190,152,298,218
ENSG00000164073.11,MFSD8,549,459,489,464,456,415,301
ENSG00000164074.17,ABHD18,364,234,285,282,259,229,169
ENSG00000164077.15,MON1A,397,217,303,321,472,330,279
ENSG00000164080.14,RAD54L2,1300,1583,1164,1176,2029,1200,1258
ENSG00000164081.13,TEX264,856,603,925,577,866,567,453
ENSG00000164086.10,DUSP7,741,1227,784,1028,1048,1013,832
ENSG00000164087.8,POC1A,161,449,258,373,302,104,133
ENSG00000164088.18,PPM1M,536,442,239,340,350,287,145
ENSG00000164091.12,WDR82,4580,4659,3012,4307,5769,3288,3072
ENSG00000164093.18,PITX2,67,7,6,79,1078,60,86
ENSG00000164096.13,C4orf3,2430,1717,934,1717,2553,1436,1320
ENSG00000164099.3,PRSS12,53,73,59,16,53,36,57
ENSG00000164100.9,NDST3,31,672,35,22,37,37,24
ENSG00000164104.12,HMGB2,639,3036,1245,1330,2117,280,462
ENSG00000164105.4,SAP30,258,231,204,242,369,125,176
ENSG00000164106.8,SCRG1,48,22,17,60,308,19,21
ENSG00000164109.14,MAD2L1,372,965,560,804,820,280,289
ENSG00000164111.15,ANXA5,28328,12970,16581,16308,26845,23315,19985
ENSG00000164114.19,MAP9,1178,727,826,770,1203,1469,1022
ENSG00000164116.17,GUCY1A1,159,27,34,38,317,122,115
ENSG00000164117.14,FBXO8,427,256,243,306,310,319,288
ENSG00000164118.13,CEP44,290,386,265,342,331,252,196
ENSG00000164120.14,HPGD,34,4,9,43,2,39,42
ENSG00000164124.11,TMEM144,413,47,207,182,104,276,201
ENSG00000164125.16,GASK1B,17620,7649,6308,9223,12157,12625,11161
ENSG00000164128.7,NPY1R,123,13,94,88,100,156,57
ENSG00000164134.14,NAA15,1980,1150,1741,2002,1648,1987,1736
ENSG00000164136.17,IL15,68,7,101,91,5,21,45
ENSG00000164142.16,FHIP1A,14,87,7,22,65,15,18
ENSG00000164144.16,ARFIP1,1051,676,866,793,804,1088,849
ENSG00000164151.12,ICE1,3091,2051,1629,2178,3603,2426,2929
ENSG00000164161.10,HHIP,127,79,111,335,703,851,225
ENSG00000164162.14,ANAPC10,112,95,121,118,148,107,97
ENSG00000164163.11,ABCE1,2614,1743,2561,3241,2424,2346,2161
ENSG00000164164.17,OTUD4,1528,1308,1306,1729,1638,1420,1311
ENSG00000164167.12,LSM6,171,262,180,178,338,127,100
ENSG00000164168.8,TMEM184C,1508,1176,1286,1207,1934,1449,1236
ENSG00000164169.13,PRMT9,353,341,271,323,441,297,287
ENSG00000164171.11,ITGA2,695,273,890,456,368,2865,940
ENSG00000164172.20,MOCS2,1766,672,1132,1222,1250,1355,1124
ENSG00000164175.15,SLC45A2,45,43,28,28,79,33,45
ENSG00000164176.13,EDIL3,19101,10004,7499,7374,24362,21020,8027
ENSG00000164180.14,TMEM161B,297,272,293,229,246,241,180
ENSG00000164181.14,ELOVL7,99,7,126,21,22,41,36
ENSG00000164182.12,NDUFAF2,460,214,357,439,358,471,301
ENSG00000164187.7,LMBRD2,588,437,368,474,607,578,376
ENSG00000164190.19,NIPBL,2184,3027,1259,2098,3702,2461,2310
ENSG00000164197.12,RNF180,139,179,109,130,330,123,178
ENSG00000164199.18,ADGRV1,34,150,40,147,387,35,132
ENSG00000164209.17,SLC25A46,2020,1224,1365,1652,1637,1633,1359
ENSG00000164211.13,STARD4,3107,1471,2291,2880,2562,2328,2754
ENSG00000164219.10,PGGT1B,768,535,647,643,752,730,624
ENSG00000164220.7,F2RL2,1060,881,3021,822,209,1206,1753
ENSG00000164221.13,CCDC112,388,240,358,370,440,392,291
ENSG00000164236.12,ANKRD33B,190,175,195,341,196,170,913
ENSG00000164237.9,CMBL,996,809,980,604,782,945,804
ENSG00000164241.14,C5orf63,2,0,32,0,1,3,28
ENSG00000164244.21,PRRC1,4870,3135,3053,4236,3836,4622,3706
ENSG00000164251.5,F2RL1,1759,286,4432,3564,166,4343,6596
ENSG00000164252.13,AGGF1,582,468,480,380,698,530,539
ENSG00000164253.14,WDR41,3093,2150,1943,2181,2685,2666,2294
ENSG00000164258.12,NDUFS4,1116,752,680,860,1111,856,617
ENSG00000164283.13,ESM1,2,0,49,223,44,76,77
ENSG00000164284.15,GRPEL2,353,244,345,404,437,292,303
ENSG00000164291.17,ARSK,607,464,422,401,696,571,543
ENSG00000164292.13,RHOBTB3,7006,12632,2418,3084,8245,5643,4719
ENSG00000164294.14,GPX8,7235,6118,5434,5607,7468,7466,6071
ENSG00000164296.7,TIGD6,242,121,143,163,238,216,197
ENSG00000164300.17,SERINC5,3663,1633,1427,1841,1628,2392,2638
ENSG00000164305.20,CASP3,3250,1643,2133,3144,2259,2680,2820
ENSG00000164306.11,PRIMPOL,167,223,127,144,252,122,77
ENSG00000164307.13,ERAP1,1218,1814,2217,1355,1576,1583,1220
ENSG00000164308.17,ERAP2,83,464,15,101,19,16,5
ENSG00000164309.15,CMYA5,95,103,37,48,105,78,64
ENSG00000164318.18,EGFLAM,133,590,49,78,404,78,178
ENSG00000164323.15,CFAP97,782,963,641,784,1026,670,588
ENSG00000164327.14,RICTOR,1146,996,793,1024,1037,1195,1037
ENSG00000164329.15,TENT2,1090,838,767,859,934,733,673
ENSG00000164330.18,EBF1,4,423,10,20,52,7,8
ENSG00000164331.10,ANKRA2,595,367,312,384,502,422,377
ENSG00000164332.8,UBLCP1,1106,962,897,987,1592,1075,1026
ENSG00000164338.10,UTP15,469,314,491,539,555,495,444
ENSG00000164342.14,TLR3,33,151,20,98,71,26,6
ENSG00000164346.10,NSA2,1828,1459,1245,1285,1952,1244,1231
ENSG00000164347.18,GFM2,2027,741,1326,1405,911,961,1093
ENSG00000164366.4,CCDC127,969,834,896,678,1023,756,611
ENSG00000164379.7,FOXQ1,0,0,1,12,43,10,27
ENSG00000164393.10,ADGRF2,74,3,20,164,43,116,120
ENSG00000164402.14,SEPTIN8,6571,3614,2860,5192,5158,3530,6146
ENSG00000164403.15,SHROOM1,100,99,156,97,81,116,120
ENSG00000164405.11,UQCRQ,2167,1146,1349,1511,1717,1388,1118
ENSG00000164414.19,SLC35A1,181,131,265,132,186,99,119
ENSG00000164418.22,GRIK2,159,90,54,56,471,462,89
ENSG00000164430.17,CGAS,22,26,16,34,48,28,13
ENSG00000164434.12,FABP7,10,64,8,36,76,2,6
ENSG00000164442.11,CITED2,6282,3945,4593,5102,4550,4213,4925
ENSG00000164463.12,CREBRF,353,250,199,206,487,249,324
ENSG00000164465.19,DCBLD1,3914,313,1622,2005,2642,4695,3245
ENSG00000164466.13,SFXN1,2485,1388,1738,1992,2103,2060,1881
ENSG00000164484.12,TMEM200A,1314,1240,523,425,1834,1583,1117
ENSG00000164488.12,DACT2,12,400,2,6,133,17,37
ENSG00000164494.12,PDSS2,451,285,297,338,372,349,308
ENSG00000164506.16,STXBP5,1174,933,652,859,918,1105,865
ENSG00000164509.16,IL31RA,457,40,513,373,225,369,294
ENSG00000164535.15,DAGLB,872,412,1056,795,619,608,603
ENSG00000164542.13,MATCAP2,250,324,265,150,346,203,163
ENSG00000164543.7,STK17A,1596,275,1203,759,520,1344,988
ENSG00000164548.12,TRA2A,1919,1591,2002,1799,1499,983,1050
ENSG00000164574.16,GALNT10,9173,11244,6661,7075,11667,10017,6367
ENSG00000164576.12,SAP30L,767,1092,571,612,1281,651,700
ENSG00000164591.14,MYOZ3,225,495,94,182,466,159,201
ENSG00000164597.15,COG5,2042,1274,1028,1435,1826,1827,1255
ENSG00000164603.12,BMT2,526,473,315,366,681,433,374
ENSG00000164604.14,GPR85,197,86,64,57,342,117,127
ENSG00000164609.10,SLU7,1465,957,971,1133,1494,1176,1120
ENSG00000164610.10,RP9,373,259,323,351,451,291,323
ENSG00000164611.13,PTTG1,294,1045,636,829,803,248,305
ENSG00000164615.6,CAMLG,1319,1106,930,966,1272,839,794
ENSG00000164620.9,RELL2,258,84,337,214,165,298,270
ENSG00000164626.9,KCNK5,1,91,12,36,43,11,26
ENSG00000164627.18,KIF6,38,55,31,31,84,67,24
ENSG00000164631.19,ZNF12,739,779,534,680,1088,823,683
ENSG00000164638.11,SLC29A4,457,650,361,411,1404,443,520
ENSG00000164647.9,STEAP1,2,13,16,6,121,32,5
ENSG00000164649.20,CDCA7L,436,685,421,469,576,262,277
ENSG00000164651.18,SP8,137,0,88,38,17,9,73
ENSG00000164654.16,MIOS,560,451,467,583,527,431,399
ENSG00000164659.15,ELAPOR2,621,511,238,359,967,783,311
ENSG00000164663.15,USP49,117,253,91,148,279,72,106
ENSG00000164674.17,SYTL3,45,27,26,20,27,26,24
ENSG00000164675.11,IQUB,24,27,13,21,30,37,34
ENSG00000164683.19,HEY1,63,47,84,195,421,201,456
ENSG00000164684.13,ZNF704,649,1341,228,450,2572,1137,615
ENSG00000164687.11,FABP5,724,557,1134,971,995,647,1895
ENSG00000164690.8,SHH,10,2,18,13,46,33,12
ENSG00000164692.19,COL1A2,413924,431269,144858,199946,380531,507820,299197
ENSG00000164694.17,FNDC1,1148,325,260,605,2136,2085,2895
ENSG00000164695.5,CHMP4C,225,10,161,18,18,131,111
ENSG00000164707.16,SLC13A4,73,219,5,30,200,9,14
ENSG00000164713.10,BRI3,3327,1429,1504,2016,2963,2616,2942
ENSG00000164715.6,LMTK2,969,873,858,863,1243,897,799
ENSG00000164733.23,CTSB,12750,7632,14795,7354,9849,13229,10669
ENSG00000164741.15,DLC1,10193,6459,4085,8595,9116,8452,8381
ENSG00000164742.16,ADCY1,124,70,57,98,372,220,176
ENSG00000164743.5,C8orf48,145,45,93,124,175,129,137
ENSG00000164751.15,PEX2,1055,953,539,635,1175,636,494
ENSG00000164754.16,RAD21,3814,7700,3108,3882,6646,2841,3374
ENSG00000164756.13,SLC30A8,3,506,0,151,12,0,0
ENSG00000164758.7,MED30,72,127,79,85,183,65,52
ENSG00000164761.9,TNFRSF11B,76,59,73,108,109,124,85
ENSG00000164796.18,CSMD3,20,8,37,11,7,39,48
ENSG00000164808.17,SPIDR,862,995,567,543,1225,664,465
ENSG00000164815.11,ORC5,387,301,342,412,379,410,282
ENSG00000164818.16,DNAAF5,877,1081,1160,1168,1221,794,949
ENSG00000164823.11,OSGIN2,1412,410,856,1581,883,1338,711
ENSG00000164828.18,SUN1,3653,3498,3478,3414,3094,2457,2156
ENSG00000164830.19,OXR1,1398,965,1025,1033,1273,1306,1007
ENSG00000164841.5,TMEM74,96,20,37,78,70,38,78
ENSG00000164850.16,GPER1,679,378,327,597,414,681,605
ENSG00000164855.16,TMEM184A,387,24,384,268,56,267,137
ENSG00000164867.11,NOS3,54,103,14,46,57,50,51
ENSG00000164877.19,MICALL2,1063,553,1402,1191,666,903,906
ENSG00000164879.7,CA3,459,1069,162,155,110,210,518
ENSG00000164880.16,INTS1,4736,4374,3514,4654,5490,4236,4069
ENSG00000164885.13,CDK5,1005,365,581,533,695,617,572
ENSG00000164889.15,SLC4A2,11582,4511,8603,7403,5817,7347,6195
ENSG00000164896.21,FASTK,1802,1502,1309,1593,2321,1123,1304
ENSG00000164897.14,TMUB1,840,537,932,705,903,751,751
ENSG00000164898.13,FMC1,65,39,54,56,34,33,40
ENSG00000164902.14,PHAX,1500,1200,1357,1244,1818,1526,1334
ENSG00000164904.18,ALDH7A1,3991,5687,2963,3122,4407,2910,2087
ENSG00000164916.11,FOXK1,2527,1472,1684,2076,2124,2288,2355
ENSG00000164919.11,COX6C,2046,1175,1446,1571,1484,1125,963
ENSG00000164924.18,YWHAZ,33427,23654,27344,31593,23998,26431,32007
ENSG00000164929.17,BAALC,18,561,10,45,352,30,25
ENSG00000164930.12,FZD6,2698,1231,1903,2025,1205,2027,1315
ENSG00000164932.13,CTHRC1,2052,2901,1839,4561,8294,9129,4024
ENSG00000164933.13,SLC25A32,104,66,50,78,122,121,105
ENSG00000164934.15,DCAF13,2033,1240,1668,1936,1767,1816,1640
ENSG00000164938.14,TP53INP1,3743,2271,2397,2794,5281,3973,3622
ENSG00000164941.14,INTS8,1242,1182,892,1050,1736,910,801
ENSG00000164944.12,VIRMA,2144,2286,1405,2055,2445,1945,1701
ENSG00000164946.20,FREM1,37,3251,9,35,775,23,24
ENSG00000164949.8,GEM,253,181,164,172,191,210,258
ENSG00000164951.16,PDP1,1588,462,540,686,812,1224,780
ENSG00000164953.17,TMEM67,338,343,262,293,470,247,218
ENSG00000164961.16,WASHC5,2563,1684,1462,1867,2255,1905,1692
ENSG00000164967.10,RPP25L,206,170,176,144,193,123,124
ENSG00000164970.15,FAM219A,1433,741,1533,1405,1315,1563,1491
ENSG00000164975.16,SNAPC3,1811,1046,1236,1619,1537,1529,1385
ENSG00000164976.9,MYORG,807,673,453,507,508,749,410
ENSG00000164978.18,NUDT2,592,308,247,357,342,233,149
ENSG00000164983.9,TMEM65,1096,1274,798,1136,1538,1148,1319
ENSG00000164985.15,PSIP1,1774,2924,1560,1842,2872,925,1141
ENSG00000164989.17,CCDC171,101,88,62,78,140,71,72
ENSG00000165006.14,UBAP1,2514,1107,1857,1974,1771,2188,1769
ENSG00000165023.7,DIRAS2,619,102,173,556,208,306,135
ENSG00000165028.12,NIPSNAP3B,48,62,12,15,134,21,16
ENSG00000165029.17,ABCA1,5854,1229,5088,3203,2429,4010,5629
ENSG00000165030.4,NFIL3,799,412,424,835,450,729,677
ENSG00000165046.13,LETM2,21,60,53,47,153,26,45
ENSG00000165055.16,METTL2B,833,624,850,798,852,748,591
ENSG00000165060.15,FXN,137,240,184,132,130,160,136
ENSG00000165061.15,ZMAT4,26,274,16,30,140,31,47
ENSG00000165072.10,MAMDC2,6766,1294,14097,7366,1629,3648,12128
ENSG00000165084.16,C8orf34,47,16,45,50,19,94,55
ENSG00000165092.13,ALDH1A1,54,13,9,64,66,13,92
ENSG00000165097.16,KDM1B,790,447,670,589,1024,765,634
ENSG00000165102.15,HGSNAT,4428,2956,4086,3742,3726,4513,3811
ENSG00000165105.10,RASEF,290,4,283,91,21,204,189
ENSG00000165113.13,GKAP1,51,31,62,27,85,23,33
ENSG00000165115.15,KIF27,98,173,55,94,310,114,70
ENSG00000165118.15,C9orf64,0,1,39,3,13,230,35
ENSG00000165119.22,HNRNPK,15317,15187,13289,16294,19155,13757,13299
ENSG00000165124.19,SVEP1,191,6255,104,252,1504,257,279
ENSG00000165138.18,ANKS6,721,1014,434,520,1188,571,573
ENSG00000165152.9,PGAP4,1519,1188,1099,1138,1019,963,884
ENSG00000165156.15,ZHX1,834,776,520,802,933,714,777
ENSG00000165169.11,DYNLT3,2801,624,1197,1348,1342,3156,1994
ENSG00000165175.17,MID1IP1,1445,843,790,1276,1538,1051,1319
ENSG00000165185.15,KIAA1958,1019,392,359,766,881,753,643
ENSG00000165186.12,PTCHD1,9,5,9,21,35,237,12
ENSG00000165194.15,PCDH19,350,697,47,641,2668,335,1438
ENSG00000165195.16,PIGA,247,249,225,301,271,241,353
ENSG00000165209.19,STRBP,712,624,631,616,950,564,487
ENSG00000165219.23,GAPVD1,1879,1621,1161,1520,2125,1615,1528
ENSG00000165233.18,CARD19,663,302,551,385,412,456,345
ENSG00000165238.17,WNK2,32,93,57,43,475,18,187
ENSG00000165240.22,ATP7A,1114,950,571,678,1394,1014,925
ENSG00000165244.7,ZNF367,84,179,87,108,146,33,42
ENSG00000165246.15,NLGN4Y,579,0,0,535,0,0,0
ENSG00000165259.14,HDX,208,214,219,240,385,233,229
ENSG00000165264.11,NDUFB6,981,545,777,734,793,729,584
ENSG00000165271.17,NOL6,1984,1393,2155,2192,1661,2036,1856
ENSG00000165272.16,AQP3,260,204,115,266,336,125,234
ENSG00000165275.10,TRMT10B,147,125,116,117,160,101,93
ENSG00000165280.18,VCP,16012,10772,16278,18252,14278,13653,12817
ENSG00000165282.15,PIGO,1010,697,1114,891,768,788,621
ENSG00000165283.16,STOML2,1593,1566,1661,1565,1856,1036,1181
ENSG00000165288.11,BRWD3,1548,1267,669,1410,1499,1310,1146
ENSG00000165300.8,SLITRK5,999,756,200,217,614,400,394
ENSG00000165304.8,MELK,471,1222,823,1133,894,331,387
ENSG00000165312.7,OTUD1,163,107,142,114,249,248,201
ENSG00000165322.18,ARHGAP12,1013,849,641,871,978,856,839
ENSG00000165323.16,FAT3,2356,12467,1150,1427,5085,3077,2379
ENSG00000165338.17,HECTD2,872,1005,734,830,1484,725,752
ENSG00000165349.12,SLC7A3,14,50,10,5,59,8,8
ENSG00000165355.8,FBXO33,481,332,379,352,582,509,414
ENSG00000165359.16,INTS6L,533,609,556,500,846,398,306
ENSG00000165376.12,CLDN2,42,3,40,37,1,175,19
ENSG00000165379.14,LRFN5,45,432,44,60,272,71,61
ENSG00000165389.7,SPTSSA,1087,841,924,1298,1094,1064,1029
ENSG00000165392.11,WRN,755,990,617,822,1185,807,617
ENSG00000165406.16,MARCHF8,1190,1031,483,797,1521,919,840
ENSG00000165410.15,CFL2,2272,1270,1786,2599,1286,1890,1746
ENSG00000165416.15,SUGT1,1880,921,1478,1648,1313,1580,1448
ENSG00000165417.12,GTF2A1,1471,1203,866,1327,1953,1551,1439
ENSG00000165424.7,ZCCHC24,2317,4582,856,1575,4766,2249,1904
ENSG00000165434.8,PGM2L1,3065,1109,4122,3309,2158,5204,4157
ENSG00000165449.12,SLC16A9,58,968,96,48,1932,38,69
ENSG00000165458.15,INPPL1,12125,8216,8863,9485,12774,9445,9297
ENSG00000165475.15,CRYL1,127,154,116,41,169,89,70
ENSG00000165476.14,REEP3,3645,2733,3217,2941,3316,3709,3394
ENSG00000165480.16,SKA3,122,445,279,338,354,74,114
ENSG00000165487.14,MICU2,1386,903,1001,1049,1257,954,898
ENSG00000165490.13,DDIAS,88,249,170,252,260,83,131
ENSG00000165494.12,PCF11,1360,1380,1004,1372,1849,844,1026
ENSG00000165495.16,PKNOX2,2562,3346,890,2039,3868,1892,1410
ENSG00000165501.17,LRR1,210,231,215,280,246,143,129
ENSG00000165506.15,DNAAF2,452,415,412,396,559,348,388
ENSG00000165507.9,DEPP1,142,129,176,134,65,75,152
ENSG00000165511.6,ZNF22-AS1,56,60,46,63,93,53,57
ENSG00000165512.5,ZNF22,657,1093,556,850,1195,499,489
ENSG00000165516.11,KLHDC2,1316,1343,705,1008,1754,978,979
ENSG00000165525.18,NEMF,2063,1548,1595,1896,2274,1744,1608
ENSG00000165526.9,RPUSD4,776,517,700,701,635,435,501
ENSG00000165527.8,ARF6,3228,1493,3069,2983,2643,2935,2584
ENSG00000165533.19,TTC8,793,569,470,454,890,699,615
ENSG00000165548.11,TMEM63C,698,124,225,327,371,979,467
ENSG00000165566.13,AMER2,25,5,4,5,201,56,10
ENSG00000165568.18,AKR1E2,77,39,35,52,55,37,18
ENSG00000165572.8,KBTBD6,531,606,382,486,821,408,389
ENSG00000165588.19,OTX2,41,10,78,113,251,20,283
ENSG00000165609.14,NUDT5,2015,1296,1585,1740,1456,1516,1326
ENSG00000165617.16,DACT1,1091,834,620,1808,2788,1525,1671
ENSG00000165621.9,OXGR1,47,2,11,15,11,35,27
ENSG00000165626.19,BEND7,809,318,583,733,662,691,484
ENSG00000165629.20,ATP5F1C,3391,2141,2653,2910,2816,2446,2385
ENSG00000165630.15,PRPF18,592,420,430,498,579,499,425
ENSG00000165632.9,TAF3,415,316,245,395,518,420,403
ENSG00000165633.13,VSTM4,239,286,183,156,785,515,294
ENSG00000165637.14,VDAC2,3492,1428,3059,3699,1891,2341,2371
ENSG00000165644.11,COMTD1,277,36,205,188,53,271,202
ENSG00000165650.12,PDZD8,1174,943,983,960,1553,1215,673
ENSG00000165655.17,ZNF503,313,448,175,145,425,355,694
ENSG00000165660.8,ABRAXAS2,715,558,564,662,774,605,546
ENSG00000165661.18,QSOX2,770,840,1170,1012,913,742,823
ENSG00000165669.14,FAM204A,762,563,592,682,913,720,605
ENSG00000165671.22,NSD1,4350,4664,2587,4021,5723,4273,3624
ENSG00000165672.7,PRDX3,4198,2691,4054,3799,2705,2666,2473
ENSG00000165675.19,ENOX2,185,203,151,183,344,192,226
ENSG00000165678.22,GHITM,4452,2414,3723,3752,2774,3046,2712
ENSG00000165684.6,SNAPC4,709,514,1015,807,877,598,804
ENSG00000165688.14,PMPCA,2089,1472,2378,2055,1779,1638,1639
ENSG00000165689.17,ENTR1,1426,787,1435,1399,1371,1052,1133
ENSG00000165694.11,FRMD7,26,22,36,17,3,21,138
ENSG00000165698.16,SPACA9,149,121,63,78,196,62,58
ENSG00000165699.15,TSC1,1962,2023,1541,1622,1914,1516,1393
ENSG00000165704.15,HPRT1,257,305,345,302,262,175,191
ENSG00000165714.11,BORCS5,280,211,162,161,321,236,177
ENSG00000165716.11,DIPK1B,650,1115,760,700,1556,374,639
ENSG00000165724.6,ZMYND19,656,455,644,802,896,638,526
ENSG00000165730.16,STOX1,21,19,15,48,45,4,30
ENSG00000165731.21,RET,14,90,13,23,62,36,29
ENSG00000165732.14,DDX21,3814,2278,4204,4736,3281,3863,3688
ENSG00000165733.8,BMS1,2252,1853,1928,2415,2253,2397,1861
ENSG00000165752.17,STK32C,318,161,278,231,272,250,249
ENSG00000165757.9,JCAD,2045,298,2315,1284,859,3361,2128
ENSG00000165775.18,FUNDC2,1119,889,710,798,1242,774,842
ENSG00000165782.11,PIP4P1,1034,616,895,864,1023,677,939
ENSG00000165792.18,METTL17,1076,1014,1380,1388,1098,656,773
ENSG00000165795.25,NDRG2,616,737,171,306,1312,728,527
ENSG00000165801.10,ARHGEF40,9131,9580,6682,7080,18223,8262,8895
ENSG00000165802.23,NSMF,2695,1922,1468,2121,3668,1605,1804
ENSG00000165804.16,ZNF219,1579,796,1138,829,2925,1129,1251
ENSG00000165806.21,CASP7,522,581,659,901,623,469,585
ENSG00000165807.8,PPP1R36,65,38,23,35,40,40,25
ENSG00000165813.20,CCDC186,1515,924,573,1005,1326,1802,1164
ENSG00000165819.12,METTL3,1501,1243,2138,1836,1278,959,1178
ENSG00000165821.12,SALL2,2065,2081,1438,1552,2758,1751,1902
ENSG00000165832.6,TRUB1,1140,581,856,984,1025,903,970
ENSG00000165861.14,ZFYVE1,1637,1064,1011,1222,1794,1340,1292
ENSG00000165868.16,HSPA12A,3582,206,1801,1351,606,3053,921
ENSG00000165879.9,FRAT1,46,70,18,42,124,29,50
ENSG00000165886.5,UBTD1,1863,613,1584,913,1116,2100,1508
ENSG00000165891.16,E2F7,389,624,711,694,735,1933,771
ENSG00000165895.19,ARHGAP42,1270,2115,782,1045,1533,1059,1293
ENSG00000165898.14,ISCA2,500,373,360,365,560,348,334
ENSG00000165899.12,OTOGL,15,34,7,61,171,12,13
ENSG00000165912.16,PACSIN3,929,686,730,749,489,504,527
ENSG00000165914.15,TTC7B,987,881,820,833,1143,940,779
ENSG00000165915.14,SLC39A13,3843,2029,4212,2896,2769,3540,3056
ENSG00000165916.9,PSMC3,3963,3006,3737,4278,3379,2880,2864
ENSG00000165934.13,CPSF2,2297,1892,1475,1906,2584,1836,1628
ENSG00000165943.5,MOAP1,1394,508,921,866,1106,948,789
ENSG00000165948.11,IFI27L1,589,363,375,283,315,305,197
ENSG00000165949.13,IFI27,21,33,37,88,66,9,25
ENSG00000165959.12,CLMN,754,452,345,663,215,495,89
ENSG00000165983.15,PTER,132,64,111,165,90,182,133
ENSG00000165985.11,C1QL3,12,0,6,3,44,29,3
ENSG00000165995.24,CACNB2,23,189,21,20,123,27,89
ENSG00000165996.14,HACD1,1961,288,1908,1261,425,1897,1265
ENSG00000165997.5,ARL5B,2387,3079,1685,2345,3719,2416,2094
ENSG00000166002.7,SMCO4,392,461,179,271,944,275,337
ENSG00000166004.15,CEP295,549,833,419,575,951,450,441
ENSG00000166012.17,TAF1D,1471,1007,1634,1721,1221,1231,1010
ENSG00000166016.6,ABTB2,135,153,129,97,145,86,168
ENSG00000166024.14,R3HCC1L,503,486,522,506,655,537,477
ENSG00000166025.18,AMOTL1,3248,4102,2318,3608,8089,3899,3894
ENSG00000166033.13,HTRA1,20557,17931,2798,5871,24939,11368,10909
ENSG00000166037.11,CEP57,935,1191,669,951,1346,616,502
ENSG00000166046.11,TCP11L2,181,138,87,131,302,170,155
ENSG00000166068.13,SPRED1,1656,1014,1053,1299,1922,1635,1222
ENSG00000166073.12,GPR176,1293,1442,1035,1443,1177,1027,813
ENSG00000166086.13,JAM3,2848,3298,3565,2908,4614,2793,3001
ENSG00000166106.4,ADAMTS15,1398,495,1140,1186,653,411,1380
ENSG00000166123.14,GPT2,1471,1148,1090,1462,1796,1212,976
ENSG00000166126.11,AMN,80,13,30,8,11,42,19
ENSG00000166128.13,RAB8B,1370,1241,1564,1161,1542,1574,1136
ENSG00000166130.15,IKBIP,3392,1437,4281,3136,2043,4654,3739
ENSG00000166133.18,RPUSD2,282,293,278,280,346,274,244
ENSG00000166135.14,HIF1AN,3291,2266,2249,2487,2523,2528,2019
ENSG00000166136.16,NDUFB8,370,263,336,348,449,363,288
ENSG00000166140.17,ZFYVE19,520,423,480,474,651,294,298
ENSG00000166145.15,SPINT1,296,297,626,114,171,397,84
ENSG00000166147.15,FBN1,45559,41581,21745,46622,70328,83087,28759
ENSG00000166148.4,AVPR1A,17,100,1,1,36,8,3
ENSG00000166164.17,BRD7,1745,1612,1268,1445,2766,1409,1357
ENSG00000166165.14,CKB,6699,185,3353,3975,14956,3897,3382
ENSG00000166166.13,TRMT61A,617,244,467,557,585,515,557
ENSG00000166167.18,BTRC,1740,1413,1222,1315,1793,1622,1270
ENSG00000166169.17,POLL,917,540,619,564,835,523,529
ENSG00000166170.12,BAG5,1244,826,962,1179,1331,1118,972
ENSG00000166171.13,DPCD,530,259,391,394,518,428,474
ENSG00000166173.11,LARP6,1426,641,1502,913,1122,1810,1241
ENSG00000166181.13,API5,2891,2984,2552,2891,3876,2675,2997
ENSG00000166188.3,ZNF319,792,473,624,643,765,586,610
ENSG00000166189.8,HPS6,715,521,720,609,723,657,628
ENSG00000166192.15,SENP8,103,100,85,71,121,59,87
ENSG00000166197.17,NOLC1,2969,2684,3803,3663,3120,2997,2958
ENSG00000166199.13,ALKBH3,392,267,354,351,356,363,320
ENSG00000166200.15,COPS2,2448,1629,1780,2060,2664,2288,2112
ENSG00000166206.16,GABRB3,984,181,915,468,1310,2244,1517
ENSG00000166224.18,SGPL1,2601,2458,2915,2613,3568,2338,2329
ENSG00000166225.9,FRS2,1456,1183,770,1272,2273,1647,1573
ENSG00000166226.13,CCT2,6520,3780,6963,6955,5436,4944,4552
ENSG00000166228.9,PCBD1,1820,284,1390,1388,609,1058,743
ENSG00000166233.15,ARIH1,2944,2412,1963,2064,3101,2720,2282
ENSG00000166246.14,DNAAF8,54,14,27,49,37,91,62
ENSG00000166250.12,CLMP,786,3546,275,465,3219,510,241
ENSG00000166257.10,SCN3B,131,17,95,64,107,230,121
ENSG00000166260.13,COX11,857,616,768,823,969,813,789
ENSG00000166261.11,ZNF202,364,360,426,419,485,252,216
ENSG00000166262.16,FAM227B,45,51,29,30,86,21,27
ENSG00000166263.13,STXBP4,365,362,357,390,497,344,299
ENSG00000166265.13,CYYR1,136,870,123,200,1657,120,286
ENSG00000166266.14,CUL5,1495,1198,990,1298,1762,1483,1225
ENSG00000166272.18,WBP1L,4109,2812,2456,2506,5209,3781,3081
ENSG00000166275.16,BORCS7,430,388,336,310,445,382,339
ENSG00000166289.6,PLEKHF1,29,39,40,44,58,52,86
ENSG00000166292.12,TMEM100,36,96,19,33,199,79,114
ENSG00000166295.9,ANAPC16,1199,1132,921,1015,1137,813,785
ENSG00000166311.10,SMPD1,2509,1500,1859,1305,2254,2182,1329
ENSG00000166313.20,APBB1,1455,1473,1256,1194,1652,1233,1347
ENSG00000166321.14,NUDT13,85,59,33,59,40,39,14
ENSG00000166326.7,TRIM44,5481,4510,3517,4259,5990,4624,4292
ENSG00000166333.14,ILK,7743,4468,7240,7568,4509,5459,6063
ENSG00000166337.11,TAF10,198,100,115,132,271,230,194
ENSG00000166340.18,TPP1,5217,2161,4813,2508,2508,2136,2469
ENSG00000166341.9,DCHS1,1697,8286,1421,2185,11110,1742,2653
ENSG00000166342.19,NETO1,29,8,78,49,25,133,196
ENSG00000166343.10,MSS51,31,41,49,47,45,11,18
ENSG00000166347.19,CYB5A,458,306,338,478,445,388,309
ENSG00000166348.20,USP54,1669,666,2312,929,849,2321,1412
ENSG00000166349.11,RAG1,181,210,102,130,208,156,112
ENSG00000166352.18,IFTAP,439,337,233,263,628,247,208
ENSG00000166377.21,ATP9B,549,487,427,435,693,471,424
ENSG00000166387.14,PPFIBP2,62,355,28,145,245,37,52
ENSG00000166394.15,CYB5R2,169,292,261,338,152,144,98
ENSG00000166396.13,SERPINB7,53,3,191,121,10,161,176
ENSG00000166398.14,GARRE1,1457,1024,644,1014,1462,1240,1054
ENSG00000166401.15,SERPINB8,300,123,527,301,234,471,407
ENSG00000166402.9,TUB,521,2219,289,614,2481,690,513
ENSG00000166405.16,RIC3,37,5,82,28,23,26,18
ENSG00000166411.14,IDH3A,675,374,585,636,501,547,425
ENSG00000166415.15,WDR72,369,14,304,346,35,638,48
ENSG00000166426.8,CRABP1,14,535,13,159,276,6,20
ENSG00000166432.16,ZMAT1,140,76,115,77,120,58,47
ENSG00000166435.17,XRRA1,447,160,124,188,303,208,156
ENSG00000166436.18,TRIM66,366,137,289,175,177,186,195
ENSG00000166439.6,RNF169,407,527,399,454,809,410,363
ENSG00000166444.19,DENND2B,3539,3067,1791,2456,4187,2756,3600
ENSG00000166446.15,CDYL2,133,548,327,414,723,504,550
ENSG00000166448.15,TMEM130,528,1804,199,499,2474,868,756
ENSG00000166450.13,PRTG,966,1024,687,1022,624,732,1900
ENSG00000166451.14,CENPN,387,596,483,578,579,353,413
ENSG00000166452.12,AKIP1,747,451,594,507,578,740,648
ENSG00000166454.10,ATMIN,2301,1788,1311,1829,3146,1954,1792
ENSG00000166471.11,TMEM41B,1118,686,1426,915,726,869,873
ENSG00000166477.13,LEO1,930,731,687,891,1065,839,714
ENSG00000166478.10,ZNF143,541,497,464,508,547,405,397
ENSG00000166479.10,TMX3,3145,2460,4106,2889,2553,2751,2601
ENSG00000166482.12,MFAP4,591,12362,82,275,17570,356,190
ENSG00000166483.12,WEE1,960,1138,901,1403,785,666,986
ENSG00000166484.20,MAPK7,1048,1093,734,948,1435,1015,970
ENSG00000166501.14,PRKCB,174,45,351,60,190,385,439
ENSG00000166503.9,HDGFL3,2131,2040,1924,1902,3258,1932,1842
ENSG00000166507.19,NDST2,20,24,27,19,66,21,19
ENSG00000166508.19,MCM7,2077,3799,2481,2883,3065,933,1368
ENSG00000166510.14,CCDC68,26,11,43,14,134,65,24
ENSG00000166523.8,CLEC4E,28,0,466,156,0,120,9
ENSG00000166526.19,ZNF3,812,898,792,783,1167,590,644
ENSG00000166529.16,ZSCAN21,340,303,316,293,415,204,247
ENSG00000166532.16,RIMKLB,1046,1147,886,1118,1693,945,700
ENSG00000166546.15,BEAN1,153,20,47,10,190,326,53
ENSG00000166548.17,TK2,778,340,508,359,555,646,331
ENSG00000166557.14,TMED3,7168,2624,5330,4118,4341,5733,4619
ENSG00000166562.9,SEC11C,605,235,779,534,546,849,411
ENSG00000166575.17,TMEM135,846,567,635,727,691,585,578
ENSG00000166578.10,IQCD,9,33,5,9,40,6,19
ENSG00000166579.16,NDEL1,2569,1153,1600,2174,1737,2603,2376
ENSG00000166582.11,CENPV,260,333,734,360,842,349,566
ENSG00000166592.13,RRAD,72,10,103,20,12,82,45
ENSG00000166595.12,CIAO2B,921,595,782,763,801,606,639
ENSG00000166598.16,HSP90B1,40459,21776,40769,43768,38363,35494,25256
ENSG00000166619.15,BLCAP,2147,1200,2141,1577,1664,2053,2027
ENSG00000166664.15,CHRFAM7A,55,19,24,9,9,11,28
ENSG00000166669.14,ATF7IP2,158,123,126,114,209,113,82
ENSG00000166670.10,MMP10,15,14,59,38,140,34,50
ENSG00000166676.17,TVP23A,68,19,28,44,84,41,38
ENSG00000166681.14,BEX3,5610,5421,3629,4143,7548,4030,4176
ENSG00000166685.13,COG1,1243,849,912,1053,989,1044,893
ENSG00000166689.18,PLEKHA7,458,106,189,370,437,256,223
ENSG00000166704.13,ZNF606,375,395,276,279,666,281,262
ENSG00000166707.12,ZCCHC18,54,94,75,50,140,47,64
ENSG00000166710.23,B2M,4613,8113,8525,5400,4454,2847,3265
ENSG00000166716.10,ZNF592,1814,1706,1023,1637,2704,1582,1590
ENSG00000166734.20,GOLM2,5581,3951,3183,3629,6277,5873,3961
ENSG00000166741.8,NNMT,6389,960,4764,7706,3250,8231,4775
ENSG00000166743.10,ACSM1,51,12,60,43,3,22,63
ENSG00000166747.13,AP1G1,4169,2632,2839,3786,3245,4042,3594
ENSG00000166750.10,SLFN5,1260,3015,896,933,3227,2105,1352
ENSG00000166762.19,CATSPER2,25,26,23,34,25,17,13
ENSG00000166770.12,ZNF667-AS1,954,363,318,367,580,420,450
ENSG00000166780.11,BMERB1,1448,419,1099,1010,1151,1464,2068
ENSG00000166783.22,MARF1,1728,2067,1085,1428,2660,1636,1413
ENSG00000166788.10,SAAL1,324,436,397,450,534,239,263
ENSG00000166794.6,PPIB,20130,9963,22124,18848,14662,14903,11509
ENSG00000166797.11,CIAO2A,890,644,760,801,875,675,610
ENSG00000166801.17,FAM111A,678,684,535,507,309,160,154
ENSG00000166803.14,PCLAF,55,290,143,134,180,25,22
ENSG00000166813.17,KIF7,412,718,471,475,923,310,289
ENSG00000166821.9,PEX11A,115,204,114,119,244,59,72
ENSG00000166822.13,TMEM170A,340,370,310,316,431,240,226
ENSG00000166825.15,ANPEP,24,1152,16,83,167,178,101
ENSG00000166831.9,RBPMS2,181,333,205,218,310,238,267
ENSG00000166833.23,NAV2,621,550,991,607,1177,800,748
ENSG00000166839.18,ANKDD1A,30,118,21,41,52,24,24
ENSG00000166845.15,C18orf54,415,610,441,552,834,537,441
ENSG00000166847.10,DCTN5,5386,3290,3127,3889,4539,4839,3592
ENSG00000166848.7,TERF2IP,2953,1287,2089,1973,2497,2706,1825
ENSG00000166851.15,PLK1,518,1908,1295,1577,1250,302,419
ENSG00000166855.9,CLPX,1059,998,792,932,1384,895,833
ENSG00000166860.3,ZBTB39,514,674,309,467,958,433,551
ENSG00000166863.13,TAC3,1,1,0,13,139,3,27
ENSG00000166881.10,NEMP1,530,1431,911,1055,1103,390,581
ENSG00000166886.13,NAB2,1162,1651,1081,1311,2288,825,1583
ENSG00000166887.16,VPS39,4105,2958,2283,2490,3816,2796,2346
ENSG00000166888.12,STAT6,2251,4844,1945,2514,4255,1198,1611
ENSG00000166889.14,PATL1,1489,1370,1228,1455,1524,1287,1223
ENSG00000166896.9,ATP23,95,87,65,38,93,36,44
ENSG00000166897.16,ELFN2,610,8,357,156,40,621,75
ENSG00000166900.17,STX3,3592,1274,3102,2593,1549,3547,3583
ENSG00000166908.18,PIP4K2C,1777,914,1152,1205,918,1236,1019
ENSG00000166912.17,MTMR10,762,831,513,739,1023,638,632
ENSG00000166913.13,YWHAB,9048,5323,8459,8416,6979,7892,7413
ENSG00000166920.13,C15orf48,349,1,36,41,6,52,8
ENSG00000166922.9,SCG5,56,9,27,22,6,22,14
ENSG00000166923.12,GREM1,28927,2520,12895,15634,2766,20908,19918
ENSG00000166924.9,NYAP1,75,152,49,66,185,34,59
ENSG00000166925.9,TSC22D4,1071,1094,1144,1012,1685,1073,1690
ENSG00000166938.13,DIS3L,377,824,311,385,784,389,302
ENSG00000166946.14,CCNDBP1,1643,317,1041,1084,601,1066,741
ENSG00000166949.17,SMAD3,1100,2502,1429,1340,2851,1155,1487
ENSG00000166960.17,CCDC178,81,96,1,48,175,15,34
ENSG00000166963.13,MAP1A,10382,4174,5030,8953,8355,12855,9374
ENSG00000166965.13,RCCD1,362,436,412,347,577,220,211
ENSG00000166971.17,AKTIP,781,328,439,515,484,630,382
ENSG00000166974.13,MAPRE2,5605,1909,2074,3180,1951,3767,3228
ENSG00000166986.15,MARS1,4628,2851,5695,5278,4279,3713,3864
ENSG00000166987.15,MBD6,1576,1189,1172,1121,2348,1479,1805
ENSG00000166997.8,CNPY4,797,1250,630,533,1084,485,414
ENSG00000167004.14,PDIA3,23489,14052,24471,24118,25173,21916,17022
ENSG00000167005.14,NUDT21,777,1314,805,903,1225,632,621
ENSG00000167034.10,NKX3-1,430,4,131,102,63,519,304
ENSG00000167065.14,DUSP18,198,173,117,172,345,204,158
ENSG00000167074.15,TEF,266,298,154,180,272,209,196
ENSG00000167081.18,PBX3,1745,1052,1453,1273,2004,1245,1831
ENSG00000167085.14,PHB1,3848,2159,3925,3939,2752,2863,2981
ENSG00000167088.11,SNRPD1,1176,1057,1292,1306,1280,793,796
ENSG00000167100.15,SAMD14,1177,1275,918,1087,1743,825,907
ENSG00000167103.12,PIP5KL1,40,38,75,20,38,54,44
ENSG00000167105.8,TMEM92,882,125,211,553,112,358,190
ENSG00000167106.12,EEIG1,1118,860,715,583,999,943,761
ENSG00000167107.13,ACSF2,438,890,367,300,908,255,262
ENSG00000167110.19,GOLGA2,4473,3267,3231,3646,4071,3808,3004
ENSG00000167112.10,TRUB2,1268,761,901,1073,1242,953,867
ENSG00000167113.11,COQ4,931,659,793,814,965,623,724
ENSG00000167114.13,SLC27A4,1245,943,1503,1214,1640,1067,1019
ENSG00000167118.11,URM1,1589,1057,1359,1314,1503,1270,1527
ENSG00000167123.20,CERCAM,3227,3340,2612,1974,4707,3619,2422
ENSG00000167130.18,DOLPP1,741,542,868,766,613,685,641
ENSG00000167131.17,CCDC103,53,54,23,26,71,48,30
ENSG00000167136.7,ENDOG,235,167,269,173,226,223,225
ENSG00000167157.11,PRRX2,4,675,2,1,2722,20,3
ENSG00000167173.19,C15orf39,366,484,321,593,770,530,476
ENSG00000167182.16,SP2,577,592,413,444,739,549,708
ENSG00000167186.11,COQ7,429,371,248,322,548,326,301
ENSG00000167191.12,GPRC5B,1621,944,786,886,3308,1074,1098
ENSG00000167193.8,CRK,3596,2094,2719,3424,3556,3471,3612
ENSG00000167196.14,FBXO22,1563,750,1489,1179,1157,1317,1069
ENSG00000167202.12,TBC1D2B,1977,2395,1522,1751,2207,2007,1910
ENSG00000167216.19,KATNAL2,98,215,41,70,221,60,47
ENSG00000167220.12,HDHD2,200,158,178,159,193,178,131
ENSG00000167232.14,ZNF91,672,609,421,589,1063,697,596
ENSG00000167244.22,IGF2,479,44410,342,711,1059,964,681
ENSG00000167257.11,RNF214,683,627,482,632,800,509,506
ENSG00000167258.16,CDK12,2306,1853,1599,2151,2781,2864,2611
ENSG00000167264.18,DUS2,333,270,421,295,318,238,247
ENSG00000167272.11,POP5,752,330,629,519,479,480,436
ENSG00000167280.17,ENGASE,457,548,342,413,830,365,299
ENSG00000167283.9,ATP5MG,1386,785,1001,1109,1081,789,743
ENSG00000167291.16,TBC1D16,4230,5508,2510,3817,10701,4375,4746
ENSG00000167302.11,TEPSIN,577,487,792,557,673,378,434
ENSG00000167306.21,MYO5B,232,37,484,117,143,753,347
ENSG00000167311.14,ART5,26,49,43,11,37,25,30
ENSG00000167315.18,ACAA2,2052,1526,1529,1750,2024,1378,1406
ENSG00000167323.13,STIM1,1442,1481,1612,1186,1782,1338,1175
ENSG00000167325.15,RRM1,1485,3104,1900,2377,2586,1050,943
ENSG00000167333.13,TRIM68,356,401,255,275,488,299,255
ENSG00000167363.14,FN3K,196,145,137,134,214,128,121
ENSG00000167371.21,PRRT2,170,448,177,201,335,71,113
ENSG00000167377.19,ZNF23,25,22,29,18,32,17,22
ENSG00000167378.10,IRGQ,1905,972,2270,1864,1557,1442,1478
ENSG00000167380.17,ZNF226,556,425,482,446,551,448,411
ENSG00000167384.11,ZNF180,184,272,199,182,326,167,174
ENSG00000167394.13,ZNF668,457,262,383,393,515,438,484
ENSG00000167395.10,ZNF646,923,787,612,832,1281,809,870
ENSG00000167397.15,VKORC1,844,648,719,484,629,801,601
ENSG00000167414.5,GNG8,18,44,3,7,84,2,4
ENSG00000167447.13,SMG8,862,749,622,712,919,751,656
ENSG00000167460.17,TPM4,37036,26157,31184,39105,37288,32872,32538
ENSG00000167461.12,RAB8A,1729,1342,1647,1894,1769,1565,1419
ENSG00000167468.20,GPX4,7689,3991,4662,4610,5189,4868,5893
ENSG00000167470.14,MIDN,3965,2748,3949,3137,5244,4550,5583
ENSG00000167487.12,KLHL26,233,161,139,206,296,164,160
ENSG00000167491.18,GATAD2A,2992,2602,2218,2619,3734,3129,3256
ENSG00000167508.12,MVD,2704,1829,3496,5203,2530,1344,2233
ENSG00000167513.9,CDT1,157,476,284,388,395,73,152
ENSG00000167515.11,TRAPPC2L,1554,787,1191,923,974,1089,784
ENSG00000167522.17,ANKRD11,4727,4249,3686,4604,6679,5523,5220
ENSG00000167523.15,SPATA33,281,225,199,277,462,236,251
ENSG00000167524.17,RSKR,128,147,255,197,190,100,114
ENSG00000167525.16,PROCA1,120,128,87,137,134,44,69
ENSG00000167528.13,ZNF641,625,348,459,420,647,529,483
ENSG00000167535.8,CACNB3,1244,2004,1568,1129,2099,870,1127
ENSG00000167536.14,DHRS13,165,217,235,138,208,98,113
ENSG00000167543.16,TP53I13,1213,869,1084,1042,1264,911,629
ENSG00000167548.18,KMT2D,3361,4394,2197,3016,4563,6141,5418
ENSG00000167549.19,CORO6,281,610,188,198,487,107,104
ENSG00000167552.15,TUBA1A,37771,31724,41327,36388,33847,23904,27416
ENSG00000167553.17,TUBA1C,7461,5388,12640,11008,3414,5456,5684
ENSG00000167554.15,ZNF610,125,101,70,92,152,92,96
ENSG00000167555.14,ZNF528,167,122,103,57,201,377,44
ENSG00000167562.14,ZNF701,206,176,110,185,177,115,97
ENSG00000167565.13,SERTAD3,787,650,671,650,796,684,798
ENSG00000167566.17,NCKAP5L,4148,2076,2675,3335,4552,3571,3818
ENSG00000167578.18,RAB4B,23,10,29,38,11,9,7
ENSG00000167588.13,GPD1,37,15,11,18,40,10,41
ENSG00000167595.16,PROSER3,585,515,623,610,726,643,657
ENSG00000167600.14,CYP2S1,51,97,484,93,27,65,56
ENSG00000167601.12,AXL,7625,4994,7711,6552,2846,5907,3844
ENSG00000167604.15,NFKBID,43,49,91,36,57,39,38
ENSG00000167614.14,TTYH1,23,154,13,77,1162,33,52
ENSG00000167615.18,LENG8,7402,4831,7182,7641,6095,4680,5518
ENSG00000167617.3,CDC42EP5,171,684,260,192,1382,381,358
ENSG00000167625.12,ZNF526,547,428,415,633,527,634,533
ENSG00000167632.18,TRAPPC9,758,656,473,439,927,537,447
ENSG00000167635.12,ZNF146,2666,2455,2239,2502,4195,2112,1749
ENSG00000167637.18,ZNF283,270,175,172,224,265,258,173
ENSG00000167641.11,PPP1R14A,986,354,266,204,411,658,477
ENSG00000167642.13,SPINT2,7421,2731,4082,2010,2073,5168,2070
ENSG00000167645.17,YIF1B,1823,923,1540,1356,1229,1513,1336
ENSG00000167654.18,ATCAY,21,166,71,57,691,45,298
ENSG00000167657.14,DAPK3,4757,1727,5055,4355,3609,3689,4460
ENSG00000167658.16,EEF2,92089,57116,54644,60557,65616,60559,56540
ENSG00000167670.16,CHAF1A,552,1233,637,890,1192,350,414
ENSG00000167671.12,UBXN6,2924,1523,2071,2155,2327,2342,1886
ENSG00000167674.15,HDGFL2,2986,2469,3046,2963,3591,2410,2618
ENSG00000167680.17,SEMA6B,206,2094,210,84,850,161,122
ENSG00000167685.15,ZNF444,1021,627,888,668,1125,750,945
ENSG00000167693.17,NXN,3150,2625,3421,2877,3618,2420,3268
ENSG00000167695.15,TLCD3A,971,923,1009,579,1001,734,713
ENSG00000167699.14,GLOD4,1666,1154,1389,1410,1524,1076,1122
ENSG00000167700.9,MFSD3,642,332,677,446,354,352,398
ENSG00000167702.13,KIFC2,779,443,1020,586,678,406,365
ENSG00000167703.15,SLC43A2,700,227,689,499,979,878,644
ENSG00000167705.12,RILP,109,107,82,92,144,112,65
ENSG00000167716.19,WDR81,715,503,467,544,1045,603,670
ENSG00000167720.13,SRR,414,438,282,235,537,278,292
ENSG00000167721.11,TSR1,1800,1372,1973,1895,1745,1612,1303
ENSG00000167723.15,TRPV3,46,43,25,42,43,24,13
ENSG00000167733.14,HSD11B1L,350,275,229,114,343,226,215
ENSG00000167740.10,CYB5D2,742,343,414,282,646,437,395
ENSG00000167747.17,C19orf48P,1078,1190,1083,1176,1370,703,862
ENSG00000167754.13,KLK5,1,34,0,1,49,26,5
ENSG00000167755.15,KLK6,386,243,145,199,698,518,920
ENSG00000167766.21,ZNF83,1416,857,498,1126,815,574,313
ENSG00000167767.14,KRT80,537,381,627,503,205,445,127
ENSG00000167770.13,OTUB1,2192,1614,2445,2067,2605,1961,2215
ENSG00000167771.6,RCOR2,517,791,246,501,1409,275,355
ENSG00000167772.12,ANGPTL4,4111,455,8163,1255,397,8388,6535
ENSG00000167775.11,CD320,1152,488,1765,1039,864,805,844
ENSG00000167778.9,SPRYD3,1159,513,1160,868,855,1091,949
ENSG00000167779.9,IGFBP6,32,45,137,35,51,90,72
ENSG00000167785.9,ZNF558,65,462,516,460,404,299,303
ENSG00000167792.13,NDUFV1,2908,2205,2843,2478,2591,1643,1582
ENSG00000167797.8,CDK2AP2,1800,475,1311,1664,1028,1489,1475
ENSG00000167799.10,NUDT8,84,73,89,97,100,63,73
ENSG00000167815.12,PRDX2,5052,5027,3749,3856,6128,3294,3786
ENSG00000167840.14,ZNF232,183,274,134,216,500,129,119
ENSG00000167842.16,MIS12,486,510,417,486,705,307,390
ENSG00000167861.16,HID1,329,17,258,75,75,119,77
ENSG00000167863.12,ATP5PD,2257,1408,1886,1571,1576,1462,1158
ENSG00000167874.7,TMEM88,614,107,574,629,156,461,702
ENSG00000167881.15,SRP68,2540,1851,1988,2302,2351,1949,1892
ENSG00000167889.13,MGAT5B,21,34,70,23,58,119,60
ENSG00000167900.12,TK1,349,1048,618,1017,516,97,202
ENSG00000167904.16,TMEM68,558,387,469,409,530,409,348
ENSG00000167912.8,TOX-DT,130,265,83,123,284,105,195
ENSG00000167920.12,KRT10-AS1,254,108,199,150,109,113,135
ENSG00000167925.17,GHDC,92,111,96,61,116,79,49
ENSG00000167930.17,FAM234A,4779,3301,3741,3104,3838,3242,2658
ENSG00000167941.3,SOST,0,365,0,40,3017,0,1
ENSG00000167962.15,ZNF598,1314,1036,1398,1450,1692,1100,1196
ENSG00000167964.13,RAB26,111,42,43,61,54,37,30
ENSG00000167965.18,MLST8,1299,1162,844,957,1534,975,923
ENSG00000167967.16,E4F1,827,640,929,775,932,476,654
ENSG00000167968.13,DNASE1L2,35,26,37,36,32,16,20
ENSG00000167969.13,ECI1,466,404,376,499,296,248,245
ENSG00000167971.16,CASKIN1,62,61,48,31,168,36,47
ENSG00000167972.14,ABCA3,1300,99,2318,844,305,943,587
ENSG00000167977.9,KCTD5,1359,910,1101,1282,1442,1430,1461
ENSG00000167978.19,SRRM2,13908,20944,14044,16173,19779,15899,15183
ENSG00000167981.7,ZNF597,221,127,122,187,121,252,172
ENSG00000167985.7,SDHAF2,283,154,232,293,202,184,200
ENSG00000167986.15,DDB1,13132,8708,9311,12536,9351,11370,10445
ENSG00000167987.11,VPS37C,661,591,635,636,914,577,720
ENSG00000167992.14,VWCE,192,92,317,204,86,212,235
ENSG00000167994.13,RAB3IL1,148,863,26,95,609,73,63
ENSG00000167995.17,BEST1,77,18,73,71,46,25,20
ENSG00000167996.16,FTH1,22297,13681,12186,12863,34754,21266,23136
ENSG00000168000.16,BSCL2,203,107,133,158,150,127,97
ENSG00000168002.12,POLR2G,1803,1090,1602,1763,1477,902,1030
ENSG00000168003.19,SLC3A2,7414,2607,5434,6546,3548,3399,4624
ENSG00000168004.10,PLAAT5,58,5,25,7,34,24,14
ENSG00000168005.9,SPINDOC,1525,1337,1224,1327,2482,1060,1416
ENSG00000168010.11,ATG16L2,175,463,507,137,210,88,112
ENSG00000168014.18,C2CD3,1713,1108,1138,1884,1593,1404,1299
ENSG00000168016.15,TRANK1,432,1098,431,328,1015,587,360
ENSG00000168026.19,TTC21A,106,91,67,65,119,62,56
ENSG00000168032.10,ENTPD3,35,7,536,35,75,106,160
ENSG00000168036.18,CTNNB1,23404,22428,13446,20132,53811,17924,21767
ENSG00000168038.11,ULK4,416,126,219,211,244,311,301
ENSG00000168040.5,FADD,1169,678,1115,1078,1190,1111,1172
ENSG00000168056.18,LTBP3,2808,3920,1686,1356,5981,2138,1460
ENSG00000168061.17,SAC3D1,426,363,460,451,441,371,328
ENSG00000168066.22,SF1,4751,5416,4509,4687,6781,4318,4901
ENSG00000168067.12,MAP4K2,506,772,604,415,720,317,286
ENSG00000168071.22,CCDC88B,52,31,39,44,76,37,25
ENSG00000168077.14,SCARA3,510,1311,683,438,868,721,340
ENSG00000168078.10,PBK,179,571,397,554,458,109,140
ENSG00000168090.10,COPS6,2434,1763,2212,2362,2256,1842,1623
ENSG00000168092.14,PAFAH1B2,3807,2113,2856,3259,3253,3616,3232
ENSG00000168096.15,ANKS3,1127,482,961,837,563,764,560
ENSG00000168101.15,NUDT16L1,1692,520,1175,1103,999,1152,1165
ENSG00000168116.14,KIAA1586,381,330,259,362,677,391,261
ENSG00000168118.12,RAB4A,1366,997,1045,973,1696,1155,1243
ENSG00000168135.4,KCNJ4,12,17,8,8,75,11,25
ENSG00000168137.20,SETD5,4143,5523,2703,4337,6154,3959,3991
ENSG00000168140.5,VASN,2857,3745,3565,3130,3672,2434,2833
ENSG00000168152.13,THAP9,159,164,55,95,185,105,134
ENSG00000168159.15,RNF187,4052,2555,2629,2775,5148,3193,3557
ENSG00000168172.9,HOOK3,2225,2113,1669,2234,3045,2920,2455
ENSG00000168175.16,MAPK1IP1L,3337,2296,3253,3139,3133,2883,3238
ENSG00000168209.6,DDIT4,1883,1194,1042,1168,2359,1419,1270
ENSG00000168214.22,RBPJ,3147,1935,1506,2361,3008,2825,2019
ENSG00000168216.13,LMBRD1,910,786,592,622,809,772,562
ENSG00000168228.16,ZCCHC4,265,253,264,319,319,206,219
ENSG00000168234.13,TTC39C,189,143,171,117,248,206,173
ENSG00000168237.18,GLYCTK,153,143,180,172,108,95,131
ENSG00000168243.11,GNG4,10,354,6,6,154,9,110
ENSG00000168246.6,UBTD2,1923,2177,1387,1707,3472,1926,1625
ENSG00000168256.18,NKIRAS2,3094,1735,1792,2243,3055,2535,2627
ENSG00000168259.17,DNAJC7,2314,1737,2163,2148,2268,1803,1739
ENSG00000168264.11,IRF2BP2,2908,2602,2964,2411,6285,3236,3225
ENSG00000168268.11,NT5DC2,11628,8499,6691,9385,11528,8706,7636
ENSG00000168273.8,UQCC5,240,111,148,203,208,184,185
ENSG00000168275.16,COA6,241,245,241,216,433,248,175
ENSG00000168280.18,KIF5C,689,293,799,961,408,433,1480
ENSG00000168282.6,MGAT2,2300,1484,2221,1934,2145,2249,1924
ENSG00000168283.14,BMI1,237,338,265,226,634,283,254
ENSG00000168286.3,THAP11,858,828,549,665,1070,474,547
ENSG00000168288.13,MMADHC,2969,1582,2258,2487,2126,2016,1892
ENSG00000168291.13,PDHB,3819,1823,2457,3435,2444,2465,2218
ENSG00000168297.16,PXK,331,404,228,172,482,189,267
ENSG00000168300.14,PCMTD1,1551,988,885,769,1411,1299,820
ENSG00000168301.13,KCTD6,202,314,160,235,314,141,146
ENSG00000168303.9,MPLKIP,899,420,350,499,838,589,529
ENSG00000168306.13,ACOX2,40,96,4,21,75,27,26
ENSG00000168310.12,IRF2,249,293,291,205,233,210,213
ENSG00000168334.9,XIRP1,42,2,7,84,13,68,130
ENSG00000168374.11,ARF4,17404,7272,9861,12499,11196,16325,11668
ENSG00000168385.18,SEPTIN2,25293,18100,17965,23547,19895,20685,19450
ENSG00000168386.19,FILIP1L,7016,3622,5540,3472,2972,6981,3819
ENSG00000168389.18,MFSD2A,87,31,207,121,145,176,119
ENSG00000168393.13,DTYMK,673,798,896,829,843,492,586
ENSG00000168394.13,TAP1,499,110,1776,973,210,444,295
ENSG00000168395.16,ING5,879,675,883,852,745,502,505
ENSG00000168397.17,ATG4B,2156,1640,1899,1974,2240,1491,1496
ENSG00000168398.7,BDKRB2,114,184,37,37,44,64,12
ENSG00000168404.13,MLKL,74,94,261,161,24,132,67
ENSG00000168411.14,RFWD3,899,1477,1100,1433,1422,897,874
ENSG00000168412.7,MTNR1A,15,13,25,48,38,23,100
ENSG00000168427.9,KLHL30,510,97,103,282,284,342,297
ENSG00000168434.13,COG7,900,687,697,620,776,701,683
ENSG00000168438.15,CDC40,533,543,399,496,593,458,424
ENSG00000168439.17,STIP1,4493,3280,4981,5368,4015,3338,3541
ENSG00000168453.16,HR,8,2,4,22,82,11,38
ENSG00000168461.13,RAB31,6969,4202,2754,4930,9580,4877,5767
ENSG00000168476.12,REEP4,737,710,1110,549,734,622,752
ENSG00000168477.21,TNXB,11,35,6,13,65,75,32
ENSG00000168487.20,BMP1,18235,4854,15828,5101,7925,22394,15872
ENSG00000168488.19,ATXN2L,3822,3427,4176,4130,4884,3433,4203
ENSG00000168491.10,CCDC110,22,26,13,27,26,38,35
ENSG00000168495.13,POLR3D,2062,1304,1155,903,1891,1761,1725
ENSG00000168496.4,FEN1,820,1462,1337,1335,1235,550,563
ENSG00000168497.5,CAVIN2,48,203,69,60,44,62,58
ENSG00000168502.18,MTCL1,2422,911,2221,2773,692,2374,1069
ENSG00000168505.7,GBX2,228,276,129,325,362,123,145
ENSG00000168517.11,HEXIM2,137,115,102,78,172,97,94
ENSG00000168522.13,FNTA,1341,964,1187,1044,1296,1166,1039
ENSG00000168528.12,SERINC2,2231,1466,2164,1190,2358,2110,2239
ENSG00000168530.16,MYL1,50,18,10,12,19,29,65
ENSG00000168538.16,TRAPPC11,1144,1252,831,1028,1744,1084,899
ENSG00000168542.17,COL3A1,269618,1211835,89659,137968,324327,175939,103501
ENSG00000168546.11,GFRA2,32,197,20,29,2525,17,125
ENSG00000168556.7,ING2,229,186,160,162,329,230,186
ENSG00000168564.6,CDKN2AIP,429,455,348,403,578,395,347
ENSG00000168566.13,SNRNP48,484,502,395,570,658,381,364
ENSG00000168569.8,TMEM223,340,236,283,294,289,210,218
ENSG00000168575.10,SLC20A2,3111,1982,3491,4294,2377,2654,2483
ENSG00000168591.16,TMUB2,1367,1114,1302,1067,1251,891,895
ENSG00000168610.16,STAT3,5567,6988,3667,4572,7893,5479,5176
ENSG00000168612.5,ZSWIM1,283,219,229,201,302,212,216
ENSG00000168615.13,ADAM9,17279,9825,21793,14395,6097,16310,10469
ENSG00000168621.15,GDNF,979,53,449,249,75,691,291
ENSG00000168646.14,AXIN2,647,1282,305,500,1658,478,594
ENSG00000168653.11,NDUFS5,4271,1454,4099,4309,2358,2574,3276
ENSG00000168661.15,ZNF30,129,104,100,103,149,124,70
ENSG00000168671.10,UGT3A2,12,29,6,28,59,13,37
ENSG00000168672.4,LRATD2,10429,713,6450,7639,4584,7255,7435
ENSG00000168675.19,LDLRAD4,1821,636,384,984,5909,1758,1189
ENSG00000168679.18,SLC16A4,689,497,337,434,557,565,248
ENSG00000168685.15,IL7R,155,23,54,143,516,192,214
ENSG00000168701.19,TMEM208,1128,401,994,691,569,728,552
ENSG00000168702.18,LRP1B,9,212,16,9,395,35,13
ENSG00000168710.18,AHCYL1,3854,3786,2728,3390,3434,2767,3010
ENSG00000168724.18,DNAJC21,1864,1147,1186,1396,1586,1462,1139
ENSG00000168734.14,PKIG,778,1034,467,806,2706,781,789
ENSG00000168743.13,NPNT,8,11,25,24,5,17,57
ENSG00000168758.11,SEMA4C,2274,2834,2264,2134,2982,1697,1914
ENSG00000168763.16,CNNM3,622,419,527,395,517,454,385
ENSG00000168765.19,GSTM4,357,495,250,161,467,240,210
ENSG00000168769.14,TET2,799,1175,445,727,1900,732,780
ENSG00000168772.12,CXXC4,724,633,160,370,2025,363,723
ENSG00000168778.13,TCTN2,553,572,470,431,711,431,362
ENSG00000168781.24,PPIP5K1,319,228,358,277,301,246,251
ENSG00000168785.8,TSPAN5,2469,1020,3883,2202,755,2626,1688
ENSG00000168792.5,ABHD15,557,161,319,362,352,557,255
ENSG00000168795.5,ZBTB5,1179,1479,677,966,1708,836,994
ENSG00000168802.14,CHTF8,60,57,42,60,81,49,57
ENSG00000168803.16,ADAL,325,252,130,262,296,200,128
ENSG00000168806.8,LCMT2,319,295,210,230,398,208,244
ENSG00000168807.17,SNTB2,954,1041,844,911,868,975,948
ENSG00000168811.8,IL12A,59,18,80,89,10,31,23
ENSG00000168813.17,ZNF507,584,923,362,537,1089,454,549
ENSG00000168818.10,STX18,823,862,633,710,1884,677,649
ENSG00000168824.15,NSG1,356,76,504,310,226,859,326
ENSG00000168826.16,ZBTB49,114,105,104,72,154,74,78
ENSG00000168827.15,GFM1,1530,1026,1157,1207,1233,1277,1096
ENSG00000168843.14,FSTL5,2,10,6,41,4,29,1
ENSG00000168872.17,DDX19A,646,526,533,548,738,553,467
ENSG00000168874.13,ATOH8,114,1402,20,71,369,38,41
ENSG00000168876.9,ANKRD49,290,276,243,227,380,245,208
ENSG00000168883.20,USP39,1492,1267,1166,1615,1674,955,1138
ENSG00000168884.15,TNIP2,647,544,833,678,745,585,533
ENSG00000168887.11,C2orf68,562,663,263,424,1020,309,385
ENSG00000168890.14,TMEM150A,818,366,679,543,663,452,617
ENSG00000168894.10,RNF181,1544,742,1161,1103,1004,899,959
ENSG00000168899.5,VAMP5,420,211,338,273,457,211,323
ENSG00000168904.15,LRRC28,867,439,408,678,702,690,589
ENSG00000168906.13,MAT2A,4623,4369,4437,5030,4508,2857,3343
ENSG00000168913.7,ENHO,28,11,25,14,53,40,51
ENSG00000168916.16,ZNF608,2076,2404,1015,2073,5060,1690,2218
ENSG00000168917.9,SLC35G2,165,111,263,190,153,191,166
ENSG00000168918.14,INPP5D,330,85,202,178,227,406,250
ENSG00000168924.15,LETM1,1715,1340,1789,1724,1699,1338,1271
ENSG00000168936.12,TMEM129,1970,1227,1282,1133,1650,1364,1203
ENSG00000168938.6,PPIC,1569,804,1283,1113,1348,1373,1089
ENSG00000168944.17,CEP120,731,613,563,651,786,654,685
ENSG00000168952.16,STXBP6,494,99,72,275,315,634,396
ENSG00000168958.21,MFF,1808,1082,1263,1292,1677,1141,1036
ENSG00000168961.17,LGALS9,181,46,172,182,50,108,127
ENSG00000168970.22,JMJD7-PLA2G4B,55,184,46,30,132,34,34
ENSG00000168994.14,PXDC1,1891,872,1191,1681,4181,1945,1586
ENSG00000169016.17,E2F6,534,393,388,478,604,454,469
ENSG00000169018.6,FEM1B,1554,1937,1233,1266,2262,1621,1021
ENSG00000169019.11,COMMD8,573,216,481,339,304,467,360
ENSG00000169020.10,ATP5ME,2463,1343,1530,1659,1416,1270,1212
ENSG00000169021.6,UQCRFS1,2127,1297,1693,1851,1723,1453,1489
ENSG00000169026.13,SLC49A3,249,45,204,277,100,184,154
ENSG00000169031.21,COL4A3,96,0,5,16,4,82,7
ENSG00000169032.11,MAP2K1,1884,992,1521,1564,1402,1481,1406
ENSG00000169045.19,HNRNPH1,7615,11201,9680,9759,9989,5414,5133
ENSG00000169047.6,IRS1,1745,836,1303,2003,2461,2301,2563
ENSG00000169057.25,MECP2,1930,1571,1016,1454,2248,1724,1712
ENSG00000169062.15,UPF3A,1106,1071,970,1051,1461,1185,732
ENSG00000169067.4,ACTBL2,34,0,34,37,3,78,133
ENSG00000169071.15,ROR2,317,1529,50,153,1551,451,300
ENSG00000169083.18,AR,342,1039,481,519,823,575,654
ENSG00000169087.11,HSPBAP1,107,98,85,114,157,40,58
ENSG00000169105.8,CHST14,1337,1613,1741,1142,1949,1462,1203
ENSG00000169116.11,PARM1,73,507,88,18,534,93,87
ENSG00000169118.18,CSNK1G1,1120,795,840,960,1177,1173,1133
ENSG00000169122.12,FAM110B,266,683,199,248,988,351,270
ENSG00000169126.16,ODAD2,23,333,40,96,105,31,17
ENSG00000169129.16,AFAP1L2,592,124,298,1015,498,798,1114
ENSG00000169131.13,ZNF354A,394,366,241,273,766,222,179
ENSG00000169136.13,ATF5,817,589,925,876,1128,931,899
ENSG00000169139.12,UBE2V2,1912,1117,1246,1389,1920,1788,1513
ENSG00000169155.10,ZBTB43,615,447,401,519,669,527,433
ENSG00000169169.15,CPT1C,1049,703,954,672,1202,126,625
ENSG00000169174.12,PCSK9,148,269,468,1014,1222,70,342
ENSG00000169180.12,XPO6,3626,2510,3350,3910,3245,3179,2945
ENSG00000169181.13,GSG1L,24,2,7,6,209,17,70
ENSG00000169184.7,MN1,5615,9676,2696,4787,11681,7803,5521
ENSG00000169188.5,APEX2,749,633,649,723,960,769,765
ENSG00000169189.17,NSMCE1,458,241,415,378,993,368,267
ENSG00000169193.12,CCDC126,214,226,223,171,271,166,174
ENSG00000169213.7,RAB3B,5846,2103,7780,8243,3219,9470,6328
ENSG00000169217.9,CD2BP2,3137,2285,3033,3069,3060,2384,2481
ENSG00000169220.18,RGS14,300,408,198,223,328,90,131
ENSG00000169221.14,TBC1D10B,2134,1398,1923,1801,2238,1810,1787
ENSG00000169223.16,LMAN2,4933,3158,5175,3746,3630,3305,2779
ENSG00000169228.14,RAB24,220,134,204,149,196,111,113
ENSG00000169230.10,PRELID1,3311,1633,2680,3261,3215,3139,3002
ENSG00000169231.13,THBS3,9568,3943,5871,5497,3886,4723,4909
ENSG00000169239.14,CA5B,111,253,72,74,221,219,158
ENSG00000169241.19,SLC50A1,763,668,720,679,725,492,485
ENSG00000169242.12,EFNA1,668,372,491,650,1968,270,350
ENSG00000169246.17,NPIPB3,68,48,77,75,25,26,31
ENSG00000169247.14,SH3TC2,22,16,45,67,27,27,44
ENSG00000169249.14,ZRSR2,304,351,438,268,512,430,366
ENSG00000169251.13,NMD3,2095,1063,1394,1748,1331,1749,1353
ENSG00000169255.15,B3GALNT1,484,812,487,645,706,438,232
ENSG00000169258.7,GPRIN1,196,85,291,182,253,389,187
ENSG00000169299.14,PGM2,747,763,908,886,614,796,774
ENSG00000169314.15,C22orf15,9,101,17,7,67,14,17
ENSG00000169330.9,MINAR1,160,143,72,142,452,180,207
ENSG00000169359.16,SLC33A1,541,235,784,458,319,507,395
ENSG00000169371.14,SNUPN,307,311,254,233,294,189,193
ENSG00000169372.13,CRADD,205,88,115,106,180,133,129
ENSG00000169375.17,SIN3A,1771,2463,1233,1679,2670,1601,1648
ENSG00000169379.17,ARL13B,271,384,247,255,517,248,254
ENSG00000169398.20,PTK2,6180,3745,3768,5530,4658,5451,4365
ENSG00000169410.11,PTPN9,2220,1553,1835,1758,2592,2111,1875
ENSG00000169432.19,SCN9A,967,460,893,247,239,575,337
ENSG00000169436.18,COL22A1,102,215,505,275,16322,158,540
ENSG00000169439.12,SDC2,7296,8177,8962,10549,7688,7899,9248
ENSG00000169446.6,MMGT1,1143,894,1228,977,1086,1041,894
ENSG00000169490.17,TM2D2,2158,1037,2939,1775,1251,1957,1538
ENSG00000169499.15,PLEKHA2,1591,1346,637,511,287,972,338
ENSG00000169504.15,CLIC4,14554,10198,11994,11735,12252,13212,10864
ENSG00000169508.7,GPR183,89,9,97,63,54,60,230
ENSG00000169515.9,CCDC8,2857,1876,1067,1662,2869,2146,1657
ENSG00000169519.21,METTL15,382,307,333,354,407,332,278
ENSG00000169554.23,ZEB2,3446,2625,1729,2748,4106,2630,3115
ENSG00000169564.7,PCBP1,5675,5051,5336,5424,5696,4388,4855
ENSG00000169567.13,HINT1,5404,3604,4315,4844,3542,2923,2609
ENSG00000169570.10,DTWD2,318,140,186,304,412,389,254
ENSG00000169592.15,INO80E,1164,850,1568,1408,1439,1164,1069
ENSG00000169594.14,BNC1,675,207,735,350,137,479,430
ENSG00000169598.17,DFFB,183,177,208,233,269,108,125
ENSG00000169599.13,NFU1,712,403,516,585,545,633,552
ENSG00000169604.21,ANTXR1,10221,6278,6369,14272,13487,8683,8209
ENSG00000169607.13,CKAP2L,216,1112,350,590,832,121,211
ENSG00000169609.14,C15orf40,344,255,260,296,348,262,233
ENSG00000169612.4,RAMAC,697,387,533,572,643,602,600
ENSG00000169621.11,APLF,118,115,93,70,144,91,81
ENSG00000169629.12,RGPD8,11,40,28,28,69,41,9
ENSG00000169635.10,HIC2,976,1034,602,888,1276,781,1046
ENSG00000169641.15,LUZP1,3501,3186,3198,4358,3986,4180,4205
ENSG00000169660.17,HEXD,283,525,370,221,576,147,194
ENSG00000169679.15,BUB1,534,1594,963,1470,1371,346,506
ENSG00000169682.18,SPNS1,60,33,32,48,41,37,57
ENSG00000169683.8,LRRC45,395,398,541,343,604,267,259
ENSG00000169684.13,CHRNA5,137,106,207,163,192,68,131
ENSG00000169689.15,CENPX,452,420,580,437,495,326,440
ENSG00000169692.14,AGPAT2,742,602,798,631,912,566,411
ENSG00000169696.16,ASPSCR1,671,579,490,482,852,447,385
ENSG00000169710.9,FASN,9366,11609,14259,19347,13003,8147,13164
ENSG00000169714.17,CNBP,5104,3799,5102,5464,4464,3637,3823
ENSG00000169715.15,MT1E,85,37,279,146,8,68,92
ENSG00000169718.18,DUS1L,1422,1018,1698,1342,1426,1159,1303
ENSG00000169727.14,GPS1,2923,2157,2992,2501,3072,2287,2357
ENSG00000169733.12,RFNG,1235,919,1477,937,1109,621,653
ENSG00000169738.8,DCXR,463,450,568,514,672,356,424
ENSG00000169740.14,ZNF32,703,630,447,429,940,425,363
ENSG00000169744.13,LDB2,158,966,30,66,146,110,107
ENSG00000169750.9,RAC3,958,868,1143,1143,1028,827,1081
ENSG00000169756.17,LIMS1,5205,1667,3365,4407,3174,6356,5011
ENSG00000169760.18,NLGN1,164,67,399,134,133,90,480
ENSG00000169762.17,TAPT1,660,469,550,533,571,660,370
ENSG00000169764.16,UGP2,6990,1597,2607,4073,4674,5647,3577
ENSG00000169783.13,LINGO1,36,1478,27,67,976,68,201
ENSG00000169813.17,HNRNPF,4584,4548,4340,4665,4479,3243,3621
ENSG00000169814.17,BTD,1421,786,1041,778,1053,1242,1031
ENSG00000169826.8,CSGALNACT2,1552,1190,1135,1502,2109,1851,1425
ENSG00000169851.16,PCDH7,8311,7401,3457,4770,8405,7187,7386
ENSG00000169855.21,ROBO1,2967,10177,2983,2209,7899,3996,2868
ENSG00000169856.9,ONECUT1,20,22,7,32,44,18,4
ENSG00000169857.9,AVEN,858,358,518,557,504,837,515
ENSG00000169860.7,P2RY1,36,244,78,51,38,56,66
ENSG00000169862.21,CTNND2,591,101,165,269,737,363,748
ENSG00000169871.13,TRIM56,1595,1505,1632,1399,1061,1391,937
ENSG00000169884.14,WNT10B,36,5,11,17,51,32,17
ENSG00000169891.18,REPS2,115,60,65,55,95,273,137
ENSG00000169895.6,SYAP1,2188,1652,2186,1611,2615,3767,2577
ENSG00000169902.15,TPST1,2273,1153,1538,1531,1502,2206,1585
ENSG00000169903.7,TM4SF4,25,0,171,5,0,31,3
ENSG00000169905.13,TOR1AIP2,2051,1449,2136,1700,2009,1743,1543
ENSG00000169908.12,TM4SF1,2330,585,5603,2811,1106,2539,413
ENSG00000169914.6,OTUD3,511,906,518,571,773,493,355
ENSG00000169918.10,OTUD7A,175,20,8,31,130,64,121
ENSG00000169919.17,GUSB,1157,1350,1055,807,1344,689,552
ENSG00000169925.17,BRD3,1932,2566,1470,1774,4039,1487,1876
ENSG00000169926.11,KLF13,2129,1884,1114,1691,3773,2084,1621
ENSG00000169946.14,ZFPM2,24,249,40,43,268,132,40
ENSG00000169951.10,ZNF764,319,286,211,292,537,245,269
ENSG00000169955.8,ZNF747,188,185,125,134,238,153,106
ENSG00000169957.10,ZNF768,1097,1007,835,926,1544,820,825
ENSG00000169964.8,TMEM42,262,200,251,208,252,121,151
ENSG00000169967.17,MAP3K2,1897,1268,1007,1317,2226,1752,1310
ENSG00000169972.13,PUSL1,733,317,468,461,473,477,489
ENSG00000169976.7,SF3B5,1791,1061,1445,1235,1545,1157,1205
ENSG00000169981.11,ZNF35,333,321,261,312,435,311,298
ENSG00000169991.11,IFFO2,1530,1034,1673,2164,1936,2102,1750
ENSG00000169992.10,NLGN2,2884,3975,3299,2336,5163,2476,2895
ENSG00000170004.19,CHD3,7133,11175,3785,5851,14061,5327,3862
ENSG00000170006.13,TMEM154,228,121,979,540,174,378,227
ENSG00000170017.12,ALCAM,12072,25006,14687,12075,27852,9365,7840
ENSG00000170027.7,YWHAG,13542,6835,10314,13180,11020,10836,10836
ENSG00000170035.16,UBE2E3,2953,3109,1965,2187,5403,3362,2707
ENSG00000170037.14,CNTROB,1058,1329,1108,1228,1418,741,770
ENSG00000170043.12,TRAPPC1,2788,1410,1793,1631,2100,2121,2064
ENSG00000170049.10,KCNAB3,38,110,30,32,177,16,20
ENSG00000170085.18,SIMC1,347,546,211,347,830,280,280
ENSG00000170088.14,TMEM192,1297,585,1057,867,696,1083,850
ENSG00000170100.14,ZNF778,404,335,388,592,679,580,801
ENSG00000170113.16,NIPA1,857,397,1034,637,808,913,605
ENSG00000170142.12,UBE2E1,2666,1598,1910,2150,2743,1951,2031
ENSG00000170144.22,HNRNPA3,7328,8690,7512,8768,8199,5319,5367
ENSG00000170145.5,SIK2,1437,2262,1006,1068,2228,1541,1476
ENSG00000170153.11,RNF150,158,445,317,159,591,257,416
ENSG00000170160.19,CCDC144A,13,0,12,31,8,10,25
ENSG00000170175.11,CHRNB1,704,181,817,368,325,479,248
ENSG00000170185.11,USP38,1204,879,743,1014,1420,1148,976
ENSG00000170190.16,SLC16A5,636,601,233,185,232,238,205
ENSG00000170191.5,NANP,286,161,166,251,243,248,200
ENSG00000170214.5,ADRA1B,200,335,89,136,156,143,146
ENSG00000170222.12,ADPRM,204,120,90,113,164,112,102
ENSG00000170234.13,PWWP2A,711,401,409,463,776,650,444
ENSG00000170242.19,USP47,2990,2891,2042,2736,4041,2776,2363
ENSG00000170248.15,PDCD6IP,3959,3211,3493,3787,3866,3287,3052
ENSG00000170260.9,ZNF212,322,353,225,239,442,223,242
ENSG00000170264.13,FAM161A,247,295,152,207,325,137,110
ENSG00000170265.12,ZNF282,1029,841,846,948,1471,967,1032
ENSG00000170266.16,GLB1,8151,4231,5908,4166,4749,5143,4869
ENSG00000170270.5,GON7,213,157,166,204,252,143,140
ENSG00000170271.11,FAXDC2,295,508,179,159,378,152,201
ENSG00000170275.15,CRTAP,9415,6841,7156,5284,5941,7398,6058
ENSG00000170291.16,ELP5,868,817,732,736,1075,678,587
ENSG00000170293.9,CMTM8,62,24,41,24,47,56,32
ENSG00000170296.10,GABARAP,1189,756,687,771,1106,679,721
ENSG00000170310.15,STX8,677,448,490,520,673,417,367
ENSG00000170312.17,CDK1,485,2036,909,1254,1328,226,338
ENSG00000170315.14,UBB,20261,13413,12965,14730,18450,14751,15382
ENSG00000170322.15,NFRKB,1003,1229,869,1061,1257,690,818
ENSG00000170323.9,FABP4,9,31,10,14,92,7,21
ENSG00000170325.16,PRDM10,447,436,334,417,518,365,411
ENSG00000170340.11,B3GNT2,871,327,948,615,1714,811,713
ENSG00000170345.10,FOS,2072,338,132,158,258,85,232
ENSG00000170348.9,TMED10,10651,8856,9628,7564,10295,9249,7547
ENSG00000170364.13,SETMAR,388,427,249,277,594,204,221
ENSG00000170365.10,SMAD1,583,824,477,557,748,592,580
ENSG00000170369.4,CST2,54,0,34,6,4,7,13
ENSG00000170370.12,EMX2,3,5,5,12,101,3,30
ENSG00000170379.21,TCAF2,41,52,24,37,72,35,26
ENSG00000170381.15,SEMA3E,468,829,175,116,233,255,122
ENSG00000170382.12,LRRN2,1250,865,325,438,1921,1316,1004
ENSG00000170385.10,SLC30A1,1483,701,2404,1287,881,2205,1688
ENSG00000170390.16,DCLK2,2186,1260,494,1361,2602,1461,1234
ENSG00000170396.9,ZNF804A,8,26,7,12,35,22,53
ENSG00000170412.18,GPRC5C,1872,326,1955,1342,781,1997,1916
ENSG00000170417.16,TMEM182,227,75,164,156,117,225,162
ENSG00000170421.13,KRT8,42455,10517,51175,33034,4994,37458,67543
ENSG00000170425.4,ADORA2B,16,25,130,41,22,29,20
ENSG00000170430.10,MGMT,386,18,122,286,42,73,125
ENSG00000170445.16,HARS1,3297,1761,4040,3633,2274,2693,2599
ENSG00000170448.12,NFXL1,349,469,355,399,458,256,259
ENSG00000170456.16,DENND5B,3106,1460,1432,1944,1713,2623,1751
ENSG00000170464.10,DNAJC18,745,1099,667,623,1232,556,636
ENSG00000170468.8,RIOX1,474,331,360,380,542,387,376
ENSG00000170469.11,SPATA24,78,28,47,46,67,27,38
ENSG00000170471.15,RALGAPB,2395,2174,2086,2109,2752,2553,2197
ENSG00000170473.17,PYM1,661,418,578,532,646,610,701
ENSG00000170485.17,NPAS2,85,21,28,22,125,144,67
ENSG00000170498.10,KISS1,227,18,130,314,25,85,18
ENSG00000170500.13,LONRF2,81,41,21,18,302,136,30
ENSG00000170502.13,NUDT9,1515,748,1205,1099,1128,1312,1276
ENSG00000170515.14,PA2G4,2741,1962,3726,3286,2451,2456,2478
ENSG00000170522.10,ELOVL6,2422,1401,2138,1938,1519,1175,1541
ENSG00000170525.21,PFKFB3,3289,1038,1514,3022,2371,3033,2152
ENSG00000170537.13,TMC7,252,38,144,92,97,249,264
ENSG00000170540.15,ARL6IP1,5045,6177,6497,5486,5957,3191,4047
ENSG00000170542.6,SERPINB9,234,944,209,436,521,241,520
ENSG00000170545.17,SMAGP,16,60,76,32,13,35,30
ENSG00000170549.4,IRX1,25,16,1,37,371,17,18
ENSG00000170558.10,CDH2,22866,4062,21823,20068,14625,23688,20729
ENSG00000170561.13,IRX2,76,61,82,154,549,88,191
ENSG00000170571.12,EMB,907,274,1378,662,1461,1102,844
ENSG00000170577.8,SIX2,181,3181,599,435,1185,128,216
ENSG00000170579.19,DLGAP1,237,18,384,10,68,405,42
ENSG00000170581.15,STAT2,3100,4326,2098,3381,4676,2372,1761
ENSG00000170584.11,NUDCD2,438,487,381,400,808,338,297
ENSG00000170604.5,IRF2BP1,876,658,475,524,1324,833,659
ENSG00000170606.16,HSPA4,7246,4679,5881,6199,5888,5815,5618
ENSG00000170619.10,COMMD5,755,460,559,472,597,418,489
ENSG00000170624.14,SGCD,27,436,69,82,451,129,52
ENSG00000170631.15,ZNF16,199,285,124,179,251,153,148
ENSG00000170632.14,ARMC10,744,348,844,527,531,640,642
ENSG00000170633.17,RNF34,749,559,753,753,915,624,755
ENSG00000170634.13,ACYP2,226,88,142,108,164,216,208
ENSG00000170638.10,TRABD,757,622,940,798,1127,748,739
ENSG00000170653.19,ATF7,1324,1274,1066,1305,1454,1301,1302
ENSG00000170667.16,RASA4B,43,70,80,55,55,51,59
ENSG00000170677.6,SOCS6,837,683,451,744,1126,770,625
ENSG00000170681.7,CAVIN4,134,122,97,79,144,62,97
ENSG00000170734.12,POLH,1731,842,1725,1719,907,1408,1014
ENSG00000170745.12,KCNS3,57,7,57,22,22,48,45
ENSG00000170759.11,KIF5B,11858,7696,6315,10147,11409,9723,8522
ENSG00000170775.3,GPR37,1061,461,774,748,201,514,1196
ENSG00000170776.22,AKAP13,3178,3664,1931,2771,4967,4173,4315
ENSG00000170779.11,CDCA4,407,749,510,614,887,382,414
ENSG00000170791.18,CHCHD7,821,368,440,655,1208,647,496
ENSG00000170801.10,HTRA3,477,1081,300,200,195,1180,820
ENSG00000170802.17,FOXN2,251,238,181,248,266,244,222
ENSG00000170832.13,USP32,1743,1461,1043,1503,1805,1409,1432
ENSG00000170835.17,CEL,92,54,73,79,96,59,30
ENSG00000170836.13,PPM1D,676,493,625,633,858,692,706
ENSG00000170837.3,GPR27,60,72,108,71,208,83,69
ENSG00000170846.17,ENSG00000170846,368,309,239,245,539,290,230
ENSG00000170852.12,KBTBD2,1400,1049,1033,1079,1336,1009,1069
ENSG00000170854.18,RIOX2,831,529,626,866,813,799,557
ENSG00000170855.4,TRIAP1,1018,431,848,798,822,794,748
ENSG00000170860.4,LSM3,666,518,576,747,795,684,594
ENSG00000170871.12,KIAA0232,2770,2062,1414,1893,3022,2204,1669
ENSG00000170873.19,MTSS1,35,56,69,66,205,24,35
ENSG00000170876.8,TMEM43,2874,1871,4137,3006,2620,2771,2530
ENSG00000170881.5,RNF139,1171,761,835,766,894,844,661
ENSG00000170891.11,CYTL1,1570,678,1057,813,1613,1061,372
ENSG00000170892.13,TSEN34,1761,1154,1534,1546,1464,1202,1178
ENSG00000170899.11,GSTA4,681,1366,590,681,1317,442,498
ENSG00000170903.12,MSANTD4,1091,658,813,761,1226,914,736
ENSG00000170906.16,NDUFA3,952,557,617,625,798,598,576
ENSG00000170915.9,PAQR8,448,470,464,249,609,185,340
ENSG00000170917.14,NUDT6,63,88,65,99,118,62,51
ENSG00000170919.16,TPT1-AS1,360,319,451,303,420,215,280
ENSG00000170921.16,TANC2,2618,1378,1219,1609,1916,3447,1936
ENSG00000170927.15,PKHD1,150,7,70,26,21,80,25
ENSG00000170946.15,DNAJC24,705,262,499,579,602,673,607
ENSG00000170949.18,ZNF160,903,570,634,829,739,577,554
ENSG00000170954.12,ZNF415,344,206,110,176,338,215,168
ENSG00000170955.10,CAVIN3,1931,511,1265,1142,1437,2078,2358
ENSG00000170959.15,DCDC1,38,42,4,24,63,33,39
ENSG00000170961.7,HAS2,56,220,19,33,369,78,100
ENSG00000170962.13,PDGFD,569,520,423,156,710,403,397
ENSG00000170989.10,S1PR1,48,77,113,167,49,116,347
ENSG00000171004.19,HS6ST2,390,1056,766,808,2107,534,512
ENSG00000171016.13,PYGO1,380,809,284,419,1157,427,442
ENSG00000171017.11,LRRC8E,156,52,316,108,52,216,110
ENSG00000171033.13,PKIA,631,155,480,292,558,459,395
ENSG00000171044.11,XKR6,101,58,100,76,149,128,176
ENSG00000171045.16,TSNARE1,242,213,121,142,334,130,164
ENSG00000171055.15,FEZ2,1449,1023,934,1144,1680,1335,887
ENSG00000171056.8,SOX7,73,9,24,18,8,54,7
ENSG00000171067.11,C11orf24,2417,1126,2261,1946,1954,2628,1820
ENSG00000171100.16,MTM1,357,162,256,276,235,303,378
ENSG00000171103.11,TRMT61B,415,279,289,413,454,339,233
ENSG00000171105.14,INSR,374,350,262,238,347,261,342
ENSG00000171109.19,MFN1,2324,1229,1555,1782,1759,1550,1528
ENSG00000171119.3,NRTN,53,26,27,6,35,81,19
ENSG00000171121.17,KCNMB3,38,43,47,40,48,44,26
ENSG00000171130.19,ATP6V0E2,1820,215,1030,495,800,518,721
ENSG00000171132.14,PRKCE,240,404,226,370,309,296,490
ENSG00000171135.15,JAGN1,891,620,933,664,775,554,560
ENSG00000171148.14,TADA3,2505,1419,1971,1817,2074,2174,2179
ENSG00000171150.9,SOCS5,723,478,464,586,815,697,597
ENSG00000171155.8,C1GALT1C1,809,347,809,504,552,559,490
ENSG00000171159.5,BBLN,1278,851,622,640,1458,863,1046
ENSG00000171160.18,MORN4,418,257,232,164,425,270,239
ENSG00000171161.13,ZNF672,980,749,784,805,1306,746,858
ENSG00000171163.16,ZNF692,811,580,1417,732,868,339,387
ENSG00000171169.9,NAIF1,360,228,245,301,294,235,183
ENSG00000171174.15,RBKS,40,17,34,20,33,17,23
ENSG00000171202.7,TMEM126A,448,267,317,375,375,325,322
ENSG00000171204.13,TMEM126B,1006,568,660,815,724,595,619
ENSG00000171206.16,TRIM8,3775,1572,3980,2581,3702,4113,4688
ENSG00000171208.10,NETO2,451,1002,998,820,1308,417,549
ENSG00000171219.9,CDC42BPG,526,309,360,301,274,365,164
ENSG00000171222.11,SCAND1,1075,594,872,753,1258,719,895
ENSG00000171223.6,JUNB,4824,997,2049,3844,2607,3816,5545
ENSG00000171224.9,FAM241B,155,38,155,96,114,107,77
ENSG00000171227.7,TMEM37,822,74,570,268,74,632,137
ENSG00000171234.14,UGT2B7,691,0,176,189,0,10,88
ENSG00000171241.9,SHCBP1,311,643,601,817,449,163,192
ENSG00000171243.8,SOSTDC1,4,63,1,9,172,3,10
ENSG00000171246.7,NPTX1,56,4,28,28,45,82,24
ENSG00000171262.11,FAM98B,970,1134,965,1056,1412,773,704
ENSG00000171291.9,ZNF439,180,121,64,6,150,92,12
ENSG00000171295.13,ZNF440,294,231,263,294,291,227,247
ENSG00000171298.14,GAA,1838,2546,2075,731,2699,1587,1389
ENSG00000171302.17,CANT1,2720,2665,2676,2017,3663,2690,2320
ENSG00000171303.8,KCNK3,104,9,240,10,45,402,103
ENSG00000171307.19,ZDHHC16,1898,1114,1776,1680,1513,1333,1300
ENSG00000171310.11,CHST11,1206,236,710,679,640,1423,1208
ENSG00000171311.13,EXOSC1,709,434,524,606,585,469,433
ENSG00000171314.9,PGAM1,4021,1345,3397,3547,2091,3436,3504
ENSG00000171316.14,CHD7,1357,1658,993,1526,1825,1646,1753
ENSG00000171320.15,ESCO2,68,315,147,199,262,42,44
ENSG00000171345.13,KRT19,2251,50,6922,1288,67,3085,1824
ENSG00000171357.6,LURAP1,7,33,30,33,40,18,26
ENSG00000171365.17,CLCN5,920,1075,521,485,934,1006,663
ENSG00000171368.12,TPPP,500,24,641,84,40,641,120
ENSG00000171385.11,KCND3,12,4,1,8,52,61,142
ENSG00000171388.12,APLN,3,27,29,13,0,8,5
ENSG00000171408.14,PDE7B,15,62,12,20,43,13,39
ENSG00000171425.10,ZNF581,590,502,548,536,522,382,408
ENSG00000171428.15,NAT1,143,62,118,115,156,106,101
ENSG00000171435.15,KSR2,51,10,16,82,8,38,43
ENSG00000171443.7,ZNF524,197,122,105,115,184,140,114
ENSG00000171444.19,MCC,914,810,804,635,1063,1122,1081
ENSG00000171448.9,ZBTB26,410,483,244,309,669,270,275
ENSG00000171450.6,CDK5R2,25,3,10,12,82,65,39
ENSG00000171451.15,DSEL,1742,1982,1224,1303,3000,1564,1489
ENSG00000171453.20,POLR1C,509,257,596,454,409,356,399
ENSG00000171456.22,ASXL1,3125,4169,2967,3469,3797,2493,2682
ENSG00000171466.10,ZNF562,590,475,626,550,720,745,668
ENSG00000171467.16,ZNF318,1022,1403,618,979,1880,975,998
ENSG00000171469.11,ZNF561,3071,1160,1936,2116,1601,1588,1723
ENSG00000171475.14,WIPF2,1990,1379,1312,1601,2162,1666,1642
ENSG00000171476.23,HOPX,19,3,23,2,33,36,9
ENSG00000171488.15,LRRC8C,49,954,103,169,230,65,86
ENSG00000171490.13,RSL1D1,2718,2253,2467,2606,3054,2482,2351
ENSG00000171492.14,LRRC8D,934,589,943,809,800,821,599
ENSG00000171497.5,PPID,839,608,729,763,913,718,615
ENSG00000171502.15,COL24A1,217,505,135,68,962,157,89
ENSG00000171503.13,ETFDH,584,490,527,431,625,494,342
ENSG00000171522.6,PTGER4,210,103,214,261,212,105,246
ENSG00000171530.15,TBCA,2035,1311,1594,1810,1787,1402,1190
ENSG00000171533.12,MAP6,202,77,132,108,305,139,98
ENSG00000171552.14,BCL2L1,5483,1079,6172,4142,1908,6418,4790
ENSG00000171564.12,FGB,721,0,352,454,5,813,159
ENSG00000171566.12,PLRG1,1541,1235,1411,1503,1622,1235,1165
ENSG00000171574.19,ZNF584,264,250,176,234,431,230,197
ENSG00000171587.15,DSCAM,20,15,108,14,22,96,27
ENSG00000171603.18,CLSTN1,7414,6226,6995,7627,8932,7105,7238
ENSG00000171604.12,CXXC5,8620,3364,4249,4760,7027,6250,6165
ENSG00000171606.18,ZNF274,921,516,653,778,645,690,571
ENSG00000171608.18,PIK3CD,1121,390,1996,1738,434,1231,1021
ENSG00000171612.7,SLC25A33,252,177,170,280,406,269,240
ENSG00000171617.16,ENC1,5329,2501,4775,3458,7453,5011,7605
ENSG00000171621.14,SPSB1,5437,1153,2006,4370,10077,5552,5798
ENSG00000171634.19,BPTF,3842,4399,2076,3346,5922,3886,3612
ENSG00000171649.12,ZIK1,362,550,211,333,599,239,227
ENSG00000171680.23,PLEKHG5,1246,1328,1611,1018,3246,1054,900
ENSG00000171681.13,ATF7IP,3484,4729,1856,2955,5609,3034,2965
ENSG00000171700.14,RGS19,307,308,228,280,564,294,278
ENSG00000171703.17,TCEA2,788,955,550,551,1496,680,876
ENSG00000171714.13,ANO5,185,50,107,57,117,116,80
ENSG00000171720.10,HDAC3,1757,1547,1509,1441,1901,1200,1270
ENSG00000171723.16,GPHN,189,316,299,280,335,218,230
ENSG00000171724.3,VAT1L,51,45,160,65,371,106,284
ENSG00000171729.14,TMEM51,432,335,486,242,192,885,346
ENSG00000171735.21,CAMTA1,976,593,816,805,1034,824,832
ENSG00000171757.17,LRRC34,63,52,9,88,78,83,5
ENSG00000171763.20,SPATA5L1,204,172,279,193,244,175,188
ENSG00000171766.17,GATM,195,10,305,172,59,257,271
ENSG00000171791.14,BCL2,125,195,123,203,665,175,320
ENSG00000171792.11,RHNO1,603,985,593,659,1190,393,389
ENSG00000171793.17,CTPS1,2469,1680,3465,4002,1766,1901,1916
ENSG00000171798.19,KNDC1,108,214,112,80,501,216,153
ENSG00000171806.12,METTL18,94,104,94,94,133,99,96
ENSG00000171811.14,CFAP46,28,48,49,32,100,26,32
ENSG00000171812.13,COL8A2,707,1901,136,101,12000,296,107
ENSG00000171813.14,PWWP2B,313,262,250,276,645,285,291
ENSG00000171817.17,ZNF540,29,33,15,10,46,16,11
ENSG00000171819.5,ANGPTL7,654,2,173,214,34,61,583
ENSG00000171823.7,FBXL14,269,322,209,268,503,214,306
ENSG00000171824.14,EXOSC10,1968,2083,2123,2205,2453,1694,1775
ENSG00000171827.11,ZNF570,323,244,240,266,440,338,233
ENSG00000171843.17,MLLT3,1000,131,686,696,501,1267,607
ENSG00000171848.16,RRM2,902,3022,1763,2327,1973,465,482
ENSG00000171853.16,TRAPPC12,1452,975,1073,1144,1591,1157,1228
ENSG00000171860.5,C3AR1,39,14,77,29,22,64,90
ENSG00000171861.11,MRM3,229,197,210,208,289,169,126
ENSG00000171862.15,PTEN,3503,2622,1531,1994,4471,3043,2727
ENSG00000171865.10,RNASEH1,1414,946,1096,1226,1340,1601,1182
ENSG00000171867.18,PRNP,2836,1735,5709,2443,2097,4552,2775
ENSG00000171877.21,FRMD5,219,21,447,242,70,747,320
ENSG00000171889.7,MIR31HG,47,2,50,23,5,50,41
ENSG00000171914.17,TLN2,3483,2960,2487,2424,3552,3702,2894
ENSG00000171928.14,TVP23B,774,401,1014,754,605,873,580
ENSG00000171940.14,ZNF217,951,936,913,971,1343,1048,1211
ENSG00000171943.12,SRGAP2C,386,406,220,282,501,335,219
ENSG00000171951.5,SCG2,862,691,301,410,2773,783,532
ENSG00000171953.16,ATPAF2,429,270,343,349,482,315,370
ENSG00000171960.12,PPIH,493,500,443,488,553,358,342
ENSG00000171962.19,DRC3,14,34,11,20,76,6,22
ENSG00000171970.14,ZNF57,71,57,57,50,60,53,41
ENSG00000171984.15,SHLD1,67,25,22,39,63,28,26
ENSG00000171988.20,JMJD1C,2742,3127,1420,2222,4617,2796,2626
ENSG00000171992.13,SYNPO,6820,18934,2489,5036,24708,12147,15936
ENSG00000172005.11,MAL,14,3,1,45,35,2,2
ENSG00000172006.12,ZNF554,187,170,89,84,221,94,96
ENSG00000172007.7,RAB33B,534,387,336,420,525,441,378
ENSG00000172009.15,THOP1,1212,1219,1650,1601,1140,918,1024
ENSG00000172020.13,GAP43,457,261,103,383,912,372,353
ENSG00000172031.7,EPHX4,68,17,48,26,50,80,45
ENSG00000172037.14,LAMB2,14026,13544,14219,12018,12591,12189,10982
ENSG00000172046.21,USP19,1619,1697,1223,1207,2078,1028,1040
ENSG00000172053.18,QARS1,6151,6264,5008,4915,5722,3742,3447
ENSG00000172057.10,ORMDL3,2588,1629,2271,1831,2490,2513,1812
ENSG00000172059.11,KLF11,492,830,299,313,585,384,397
ENSG00000172061.9,LRRC15,58,691,58,24,1297,204,129
ENSG00000172062.17,SMN1,182,87,193,111,156,134,130
ENSG00000172071.15,EIF2AK3,1376,798,1113,1086,942,1386,1037
ENSG00000172081.14,MOB3A,1418,904,1096,1301,1481,1222,1156
ENSG00000172086.9,KRCC1,806,573,557,627,991,851,507
ENSG00000172113.10,NME6,884,873,657,688,884,639,622
ENSG00000172115.9,CYCS,3696,1832,3236,3388,2661,2965,2607
ENSG00000172123.13,SLFN12,685,467,759,782,857,862,875
ENSG00000172137.19,CALB2,20,3,14,44,124,55,80
ENSG00000172159.16,FRMD3,8,7,9,20,34,17,25
ENSG00000172164.15,SNTB1,240,556,93,199,744,245,258
ENSG00000172167.8,MTBP,110,235,86,141,213,84,62
ENSG00000172171.11,TEFM,221,138,174,197,216,183,147
ENSG00000172175.16,MALT1,2363,1682,1611,2164,2319,3253,2665
ENSG00000172197.11,MBOAT1,72,244,116,62,206,65,51
ENSG00000172201.12,ID4,265,672,465,229,1310,194,544
ENSG00000172216.6,CEBPB,1011,161,688,326,661,984,826
ENSG00000172232.10,AZU1,50,26,22,26,77,17,34
ENSG00000172239.14,PAIP1,2675,1825,1867,2151,3219,2292,2247
ENSG00000172244.9,C5orf34,86,162,74,99,159,61,70
ENSG00000172260.15,NEGR1,1881,1299,2035,1697,610,1680,936
ENSG00000172262.12,ZNF131,881,640,800,844,956,757,753
ENSG00000172264.19,MACROD2,89,68,31,45,152,54,60
ENSG00000172269.20,DPAGT1,1108,991,1545,1115,1172,973,884
ENSG00000172270.22,BSG,18052,8630,17673,12018,12331,13976,12010
ENSG00000172273.13,HINFP,759,462,713,579,684,475,523
ENSG00000172292.15,CERS6,2238,3290,1514,1570,3379,2028,1804
ENSG00000172296.13,SPTLC3,135,116,37,14,82,29,57
ENSG00000172301.11,COPRS,712,627,615,607,1032,830,678
ENSG00000172315.6,TP53RK,708,425,683,576,771,867,738
ENSG00000172318.6,B3GALT1,137,19,105,60,79,218,174
ENSG00000172331.12,BPGM,1331,377,1143,988,976,1366,1420
ENSG00000172336.5,POP7,603,411,550,572,589,510,478
ENSG00000172339.10,ALG14,387,219,312,244,194,272,250
ENSG00000172340.15,SUCLG2,793,622,669,749,593,654,388
ENSG00000172345.14,STARD5,112,88,86,46,119,57,29
ENSG00000172346.15,CSDC2,1021,403,440,769,479,634,858
ENSG00000172348.16,RCAN2,479,406,665,600,494,498,1440
ENSG00000172350.10,ABCG4,37,63,38,41,115,44,53
ENSG00000172354.10,GNB2,5395,4127,5151,5242,6371,4854,5975
ENSG00000172366.20,MCRIP2,234,87,188,150,126,177,137
ENSG00000172375.14,C2CD2L,520,365,681,616,578,503,477
ENSG00000172379.22,ARNT2,556,1764,694,542,1479,468,604
ENSG00000172380.6,GNG12,4958,3053,3761,3792,3079,5970,4060
ENSG00000172382.10,PRSS27,15,39,18,18,50,15,18
ENSG00000172399.6,MYOZ2,112,17,149,36,13,97,57
ENSG00000172403.11,SYNPO2,322,1021,36,101,965,150,298
ENSG00000172409.7,CLP1,470,353,469,448,492,364,313
ENSG00000172426.16,RSPH9,35,66,17,27,58,25,11
ENSG00000172428.11,COPS9,1051,622,776,765,1005,717,649
ENSG00000172432.19,GTPBP2,2004,1596,2107,1984,2023,1544,1324
ENSG00000172456.18,FGGY,129,165,95,78,141,99,73
ENSG00000172458.5,IL17D,14,30,24,9,46,28,23
ENSG00000172465.14,TCEAL1,358,274,258,210,391,236,226
ENSG00000172466.16,ZNF24,2493,2427,2029,2367,3290,2228,2107
ENSG00000172469.17,MANEA,829,629,656,602,705,443,465
ENSG00000172493.23,AFF1,2985,2396,1785,2285,1917,4049,2961
ENSG00000172500.13,FIBP,1640,1231,1296,1147,1530,1252,1054
ENSG00000172508.11,CARNS1,322,8,218,14,12,139,16
ENSG00000172530.22,BANP,464,387,374,362,563,241,273
ENSG00000172531.16,PPP1CA,4100,2442,3749,3911,3443,3149,3361
ENSG00000172534.14,HCFC1,3153,4333,2705,3318,5353,3613,4579
ENSG00000172543.9,CTSW,0,0,0,0,42,31,24
ENSG00000172548.15,NIPAL4,1583,1002,1345,998,5206,659,2345
ENSG00000172554.12,SNTG2,60,15,8,43,35,77,21
ENSG00000172572.7,PDE3A,296,1045,131,232,1157,266,597
ENSG00000172575.14,RASGRP1,48,111,51,25,78,12,15
ENSG00000172586.8,CHCHD1,617,417,521,509,569,440,487
ENSG00000172594.13,SMPDL3A,280,308,217,197,288,285,338
ENSG00000172602.11,RND1,35,38,58,76,65,51,108
ENSG00000172613.8,RAD9A,201,345,191,251,583,110,146
ENSG00000172638.13,EFEMP2,6264,4212,4634,2931,3668,4587,3352
ENSG00000172661.20,WASHC2C,1585,1544,1112,1168,2054,1313,1108
ENSG00000172663.9,TMEM134,807,366,505,398,765,760,627
ENSG00000172667.11,ZMAT3,4789,1825,3561,2792,4455,6438,4221
ENSG00000172671.20,ZFAND4,189,183,120,183,280,158,97
ENSG00000172687.14,ZNF738,320,519,246,419,843,229,238
ENSG00000172725.14,CORO1B,4872,2159,3740,3782,2888,3475,2481
ENSG00000172728.16,FUT10,325,401,395,332,367,328,277
ENSG00000172731.15,LRRC20,364,495,481,345,405,292,356
ENSG00000172732.12,MUS81,1222,990,1305,1346,1460,689,895
ENSG00000172733.12,PURG,143,239,114,130,463,139,99
ENSG00000172738.13,TMEM217,45,14,59,24,9,47,42
ENSG00000172748.14,ZNF596,132,72,78,70,93,72,76
ENSG00000172757.13,CFL1,34495,17856,30548,33668,24185,24848,29585
ENSG00000172765.19,TMCC1,1301,901,900,1074,1594,1229,1077
ENSG00000172766.19,NAA16,265,503,240,251,553,199,207
ENSG00000172775.18,PSME3IP1,1593,1217,1353,1409,1772,1240,1133
ENSG00000172780.17,RAB43,80,57,59,79,120,148,142
ENSG00000172785.19,ZNG1A,293,337,373,241,507,473,398
ENSG00000172795.17,DCP2,825,1468,607,1183,1220,763,713
ENSG00000172803.18,SNX32,63,106,59,76,210,31,38
ENSG00000172817.4,CYP7B1,248,452,186,150,707,267,243
ENSG00000172819.17,RARG,143,1097,60,136,1500,136,108
ENSG00000172824.17,CES4A,58,58,58,40,82,33,17
ENSG00000172830.13,SSH3,1010,535,1201,525,589,842,467
ENSG00000172831.14,CES2,763,912,604,546,1086,692,609
ENSG00000172840.7,PDP2,393,429,354,409,380,409,377
ENSG00000172845.18,SP3,2169,2273,1291,2073,3098,2313,1883
ENSG00000172869.15,DMXL1,1504,1176,696,1135,1454,1513,1015
ENSG00000172878.14,METAP1D,211,205,204,146,209,129,140
ENSG00000172888.12,ZNF621,1238,976,833,1099,1395,1128,1044
ENSG00000172889.16,EGFL7,303,492,464,246,503,222,245
ENSG00000172890.13,NADSYN1,1939,879,2629,1663,1187,1393,1090
ENSG00000172893.18,DHCR7,4571,2678,6582,6041,4272,2978,4066
ENSG00000172915.20,NBEA,1153,971,530,707,1428,1104,872
ENSG00000172922.11,RNASEH2C,706,557,562,519,815,448,420
ENSG00000172932.16,ANKRD13D,1072,688,1123,827,1045,737,683
ENSG00000172935.10,MRGPRF,407,167,668,404,60,231,181
ENSG00000172936.18,MYD88,1642,1818,1685,1884,2068,1374,1057
ENSG00000172939.9,OXSR1,2755,1747,2056,2687,2837,2444,2443
ENSG00000172943.21,PHF8,865,1157,638,914,1212,706,750
ENSG00000172954.14,LCLAT1,286,254,300,242,236,189,171
ENSG00000172965.17,MIR4435-2HG,1263,559,783,1098,897,1082,1508
ENSG00000172977.13,KAT5,937,788,775,801,1022,784,692
ENSG00000172985.11,SH3RF3,825,1152,832,1026,2588,838,877
ENSG00000172986.13,GXYLT2,1076,1479,244,810,5330,995,1212
ENSG00000172992.13,DCAKD,1306,937,994,732,1288,775,832
ENSG00000172995.17,ARPP21,255,31,61,119,34,131,58
ENSG00000173011.12,TADA2B,870,659,561,712,1026,797,641
ENSG00000173013.6,CCDC96,137,80,99,117,147,110,124
ENSG00000173020.11,GRK2,1491,1605,1236,1314,2085,1013,1215
ENSG00000173039.20,RELA,2132,1670,2033,1948,2453,2016,1961
ENSG00000173040.13,EVC2,190,296,140,163,359,111,97
ENSG00000173041.12,ZNF680,198,123,132,189,182,142,153
ENSG00000173064.14,HECTD4,2286,2524,1656,1810,2487,2599,1923
ENSG00000173065.14,FAM222B,2186,1094,1563,1414,1993,2129,1951
ENSG00000173068.19,BNC2,697,2567,576,719,2307,872,759
ENSG00000173085.15,COQ2,194,143,318,198,187,184,215
ENSG00000173113.7,TRMT112,2369,1650,1478,1637,1893,1312,1297
ENSG00000173114.13,LRRN3,580,2523,323,1288,8338,502,1000
ENSG00000173120.15,KDM2A,3773,3446,2683,3560,4557,3411,3111
ENSG00000173137.12,ADCK5,227,180,316,162,251,105,114
ENSG00000173145.11,NOC3L,552,341,719,576,512,466,437
ENSG00000173153.17,ESRRA,659,335,733,616,452,463,473
ENSG00000173156.7,RHOD,610,378,236,468,613,720,132
ENSG00000173157.18,ADAMTS20,6,11,5,60,396,3,6
ENSG00000173163.11,COMMD1,548,390,453,481,515,409,394
ENSG00000173166.18,RAPH1,1531,875,1047,1513,2319,1898,1359
ENSG00000173171.15,MTX1,482,342,405,405,419,334,325
ENSG00000173175.16,ADCY5,276,750,85,109,686,221,236
ENSG00000173193.15,PARP14,806,1390,764,1829,962,512,371
ENSG00000173207.13,CKS1B,388,751,568,736,682,219,386
ENSG00000173208.4,ABCD2,86,2,26,39,7,152,49
ENSG00000173209.23,AHSA2P,1246,1281,1328,1264,1446,539,498
ENSG00000173210.21,ABLIM3,147,7,265,270,68,202,172
ENSG00000173214.7,MFSD4B,571,311,621,421,443,472,355
ENSG00000173218.15,VANGL1,1265,1142,1142,1109,930,922,987
ENSG00000173221.14,GLRX,4436,495,1452,1971,570,4042,1716
ENSG00000173226.17,IQCB1,515,503,373,522,765,349,264
ENSG00000173227.14,SYT12,32,4,19,39,20,40,24
ENSG00000173230.17,GOLGB1,6212,5394,4605,4924,5969,6975,4658
ENSG00000173253.16,DMRT2,58,5,75,6,12,45,35
ENSG00000173258.13,ZNF483,59,56,69,57,124,59,68
ENSG00000173262.12,SLC2A14,10,3,31,31,14,24,22
ENSG00000173264.16,GPR137,1189,755,928,834,1476,983,975
ENSG00000173267.14,SNCG,48,52,38,83,22,54,49
ENSG00000173272.16,MZT2A,1016,662,470,663,1000,872,532
ENSG00000173273.17,TNKS,1821,2044,1225,1654,2484,1979,1661
ENSG00000173275.13,ZNF449,429,382,308,295,567,272,213
ENSG00000173276.14,ZBTB21,320,336,290,350,502,348,309
ENSG00000173281.5,PPP1R3B,380,352,237,378,454,420,458
ENSG00000173320.12,STOX2,280,588,199,295,627,288,396
ENSG00000173327.8,MAP3K11,2131,1346,2172,2180,1750,2061,2267
ENSG00000173334.4,TRIB1,3137,226,1604,3203,1405,3091,2821
ENSG00000173349.6,SFT2D3,302,350,252,214,532,227,212
ENSG00000173376.14,NDNF,204,164,5,9,4051,96,9
ENSG00000173402.13,DAG1,8263,5893,6091,7075,6135,6341,5564
ENSG00000173404.5,INSM1,0,26,0,2,131,0,0
ENSG00000173406.16,DAB1,28,40,58,25,376,55,352
ENSG00000173409.14,ARV1,634,262,491,373,471,461,290
ENSG00000173418.12,NAA20,963,562,1019,953,1082,884,736
ENSG00000173436.15,MICOS10,386,243,328,338,344,297,238
ENSG00000173442.13,EHBP1L1,1254,872,1216,1024,430,1059,551
ENSG00000173451.7,THAP2,265,226,162,156,362,182,201
ENSG00000173456.5,RNF26,1406,1670,1298,1397,1869,992,1004
ENSG00000173457.11,PPP1R14B,3278,1472,3311,2944,3603,3910,4197
ENSG00000173465.8,ZNRD2,437,260,390,341,370,354,329
ENSG00000173473.11,SMARCC1,6804,7624,5221,7143,9036,5810,5866
ENSG00000173480.11,ZNF417,286,321,181,235,351,269,224
ENSG00000173482.17,PTPRM,7535,2063,4496,3884,2988,4505,4289
ENSG00000173511.10,VEGFB,1529,972,776,824,1312,683,702
ENSG00000173517.11,PEAK1,2391,4650,1473,2200,4336,2350,2691
ENSG00000173530.6,TNFRSF10D,6198,1875,10294,5220,1895,8490,4193
ENSG00000173531.16,MST1,171,204,228,124,217,54,82
ENSG00000173535.15,TNFRSF10C,689,121,387,235,152,1116,549
ENSG00000173540.14,GMPPB,1280,812,1038,1385,975,879,782
ENSG00000173542.9,MOB1B,1549,1167,1428,1629,1460,1647,1486
ENSG00000173545.5,ZNF622,1404,516,1198,908,830,1179,1051
ENSG00000173546.7,CSPG4,2705,2193,2566,6547,7124,5129,7612
ENSG00000173548.9,SNX33,2964,2008,2342,2360,2095,2719,2437
ENSG00000173559.15,NABP1,1759,1001,3009,1229,475,1437,1288
ENSG00000173567.16,ADGRF3,47,7,17,29,3,24,13
ENSG00000173575.24,CHD2,2901,3465,2436,2918,4053,3273,2920
ENSG00000173581.8,CCDC106,568,413,412,410,802,425,443
ENSG00000173588.16,CEP83,196,354,277,306,421,239,174
ENSG00000173597.9,SULT1B1,52,12,5,15,5,58,3
ENSG00000173598.14,NUDT4,1167,1168,688,861,3397,1869,1499
ENSG00000173599.15,PC,656,285,446,679,544,453,576
ENSG00000173611.18,SCAI,292,307,224,221,444,239,202
ENSG00000173614.14,NMNAT1,389,314,303,290,377,249,236
ENSG00000173621.9,LRFN4,1301,722,1246,1023,1719,1182,1393
ENSG00000173638.19,SLC19A1,524,475,857,608,684,294,332
ENSG00000173641.18,HSPB7,89,21,18,63,34,72,78
ENSG00000173653.8,RCE1,396,261,589,396,381,334,303
ENSG00000173660.12,UQCRH,2952,1962,2274,2705,2498,2056,1865
ENSG00000173674.11,EIF1AX,1278,1502,1707,1429,2148,2255,1165
ENSG00000173681.17,BCLAF3,353,222,260,292,267,390,237
ENSG00000173692.14,PSMD1,4976,3813,4769,5595,4820,4737,4148
ENSG00000173705.9,SUSD5,218,184,345,269,242,218,192
ENSG00000173706.15,HEG1,3425,8643,4164,4616,3441,3521,4669
ENSG00000173714.8,WFIKKN2,239,33,50,13,56,156,17
ENSG00000173715.19,C11orf80,860,213,499,498,285,474,262
ENSG00000173726.11,TOMM20,6157,3913,5884,4996,4979,4293,4524
ENSG00000173744.18,AGFG1,1993,1261,1744,1713,1898,2066,1750
ENSG00000173757.11,STAT5B,1012,1376,1054,1451,1220,764,906
ENSG00000173786.17,CNP,4282,3588,3041,3761,4841,2693,2633
ENSG00000173801.17,JUP,15972,3311,13708,11677,8087,14126,14864
ENSG00000173812.11,EIF1,10965,5857,8252,9188,8938,7187,6857
ENSG00000173818.17,ENDOV,366,366,190,220,610,314,277
ENSG00000173821.20,RNF213,2345,3975,1957,3583,2793,2280,2008
ENSG00000173846.13,PLK3,1051,256,1263,779,695,868,859
ENSG00000173848.19,NET1,552,2517,627,839,3752,682,471
ENSG00000173852.16,DPY19L1,2119,2628,2204,2205,4239,2380,2009
ENSG00000173875.14,ZNF791,635,513,498,631,815,758,702
ENSG00000173889.16,PHC3,848,946,734,863,1109,968,779
ENSG00000173894.11,CBX2,518,2173,219,720,2924,307,485
ENSG00000173898.15,SPTBN2,4230,956,2342,3791,2203,5632,2470
ENSG00000173905.9,GOLIM4,3255,3999,2431,2945,7029,3257,3232
ENSG00000173914.12,RBM4B,912,779,699,734,1060,644,596
ENSG00000173915.16,ATP5MK,2045,761,1452,1622,1429,1571,1471
ENSG00000173918.15,C1QTNF1,95,129,78,24,300,183,77
ENSG00000173926.6,MARCHF3,179,50,353,97,187,176,97
ENSG00000173928.4,SWSAP1,72,44,65,64,51,73,66
ENSG00000173930.9,SLCO4C1,26,27,75,34,47,8,15
ENSG00000173933.21,RBM4,573,384,365,356,523,274,280
ENSG00000173947.14,PIFO,135,39,63,102,177,90,97
ENSG00000173950.16,XXYLT1,1481,1372,1402,1272,2283,1332,1274
ENSG00000173960.14,UBXN2A,720,802,571,781,1219,746,738
ENSG00000173992.9,CCS,726,610,573,508,835,328,329
ENSG00000174007.9,CEP19,117,116,110,136,268,91,121
ENSG00000174010.10,KLHL15,222,232,118,176,295,389,156
ENSG00000174013.8,FBXO45,539,449,412,554,689,435,378
ENSG00000174021.12,GNG5,1151,713,727,888,1281,1050,1122
ENSG00000174032.17,SLC25A30,446,260,364,427,296,329,274
ENSG00000174080.12,CTSF,130,488,242,204,590,2,41
ENSG00000174099.12,MSRB3,3653,2226,3097,3138,3419,2813,2944
ENSG00000174106.3,LEMD3,934,974,762,916,1908,1202,1099
ENSG00000174109.5,UQCC4,275,183,255,217,230,178,188
ENSG00000174125.8,TLR1,20,27,3,7,78,12,12
ENSG00000174130.13,TLR6,163,189,178,177,150,200,183
ENSG00000174132.9,FAM174A,616,205,539,370,368,559,377
ENSG00000174136.13,RGMB,1168,886,2766,1319,1277,1461,1186
ENSG00000174137.14,FAM53A,72,46,94,39,75,80,46
ENSG00000174151.15,CYB561D1,634,410,512,443,437,471,377
ENSG00000174165.8,ZDHHC24,618,474,661,387,787,542,517
ENSG00000174173.7,TRMT10C,480,355,422,428,650,443,448
ENSG00000174177.13,CTU2,368,359,376,439,480,319,337
ENSG00000174197.19,MGA,1069,1628,846,1089,1667,1279,1140
ENSG00000174206.13,KICS2,98,63,58,63,117,77,58
ENSG00000174227.16,PIGG,1676,990,1684,1553,1495,1415,1225
ENSG00000174231.18,PRPF8,7818,12025,8120,9370,10486,8336,8218
ENSG00000174233.12,ADCY6,3455,3687,2823,3148,3020,2785,1948
ENSG00000174238.16,PITPNA,2941,2197,2709,2528,3036,2761,3085
ENSG00000174243.11,DDX23,3254,2836,3267,3293,3570,2552,2440
ENSG00000174276.7,ZNHIT2,205,114,201,149,220,204,182
ENSG00000174282.12,ZBTB4,3124,1587,2170,2124,2411,2562,2463
ENSG00000174306.22,ZHX3,1345,711,936,1147,943,1655,1145
ENSG00000174307.7,PHLDA3,3209,855,2710,1648,2331,2908,2338
ENSG00000174327.7,SLC16A13,152,134,127,131,248,118,95
ENSG00000174332.6,GLIS1,51,2,80,78,12,78,36
ENSG00000174343.6,CHRNA9,47,24,19,46,116,88,80
ENSG00000174348.14,PODN,124,54,18,17,87,39,177
ENSG00000174365.22,SNHG11,255,174,256,191,253,127,208
ENSG00000174371.17,EXO1,143,464,165,276,352,53,114
ENSG00000174373.17,RALGAPA1,678,588,456,570,803,652,495
ENSG00000174403.17,CRMA,353,103,525,242,134,237,300
ENSG00000174405.15,LIG4,857,443,754,771,774,804,630
ENSG00000174428.19,GTF2IRD2B,54,76,42,20,159,94,92
ENSG00000174437.18,ATP2A2,12015,9760,10648,11800,11901,10802,11012
ENSG00000174442.12,ZWILCH,809,998,790,1366,1099,782,614
ENSG00000174446.13,SNAPC5,402,284,251,244,408,265,238
ENSG00000174456.16,C12orf76,263,227,193,206,362,160,164
ENSG00000174460.4,ZCCHC12,90,92,43,39,147,25,115
ENSG00000174469.23,CNTNAP2,1239,3633,1242,2068,7691,1670,3665
ENSG00000174473.17,GALNTL6,26,165,41,11,19,54,32
ENSG00000174482.11,LINGO2,45,23,34,14,297,213,78
ENSG00000174483.20,BBS1,37,41,33,32,58,19,17
ENSG00000174485.16,DENND4A,622,532,510,467,628,731,764
ENSG00000174498.14,IGDCC3,294,4424,886,246,1093,256,464
ENSG00000174501.15,ANKRD36C,91,189,58,101,142,108,94
ENSG00000174516.15,PELI3,131,261,90,86,348,117,125
ENSG00000174529.7,TMEM81,78,43,106,57,52,46,43
ENSG00000174564.13,IL20RB,32,6,15,22,15,25,31
ENSG00000174574.16,AKIRIN1,4514,1961,2724,3664,4484,4100,3688
ENSG00000174579.5,MSL2,518,498,307,442,758,402,430
ENSG00000174586.11,ZNF497,12,27,22,19,65,7,18
ENSG00000174599.5,TRAM1L1,202,189,142,103,159,136,75
ENSG00000174600.14,CMKLR1,0,49,1,7,194,5,28
ENSG00000174606.14,ANGEL2,511,635,441,449,888,474,367
ENSG00000174607.11,UGT8,59,23,62,26,8,49,15
ENSG00000174628.17,IQCK,231,129,119,152,267,182,223
ENSG00000174652.20,ZNF266,942,778,774,955,825,393,362
ENSG00000174669.12,SLC29A2,580,415,910,974,475,290,441
ENSG00000174672.16,BRSK2,40,21,88,33,159,126,107
ENSG00000174684.7,B4GAT1,1318,1326,1254,955,1790,876,675
ENSG00000174695.10,TMEM167A,8651,3628,3923,5431,6060,6591,5408
ENSG00000174705.13,SH3PXD2B,4949,5759,3066,6858,8953,5238,4563
ENSG00000174718.12,RESF1,649,897,478,536,1048,745,530
ENSG00000174720.18,LARP7,1298,971,953,1067,1255,898,902
ENSG00000174721.10,FGFBP3,258,149,285,396,474,141,389
ENSG00000174738.13,NR1D2,828,913,346,479,1117,863,684
ENSG00000174740.8,PABPC5,109,254,77,75,297,107,124
ENSG00000174744.14,BRMS1,1040,782,1231,1074,1129,1095,1011
ENSG00000174749.6,FAM241A,85,301,104,104,395,130,85
ENSG00000174775.18,HRAS,974,488,1037,1065,883,833,828
ENSG00000174780.17,SRP72,4327,3175,3081,3894,4495,3934,3377
ENSG00000174791.11,RIN1,158,613,644,276,268,294,224
ENSG00000174792.11,ODAPH,127,0,125,27,6,571,68
ENSG00000174796.12,THAP6,345,167,219,232,276,260,219
ENSG00000174799.12,CEP135,309,556,312,412,1177,346,313
ENSG00000174804.4,FZD4,646,372,350,371,531,341,328
ENSG00000174807.4,CD248,881,9228,2575,3574,4209,2024,3053
ENSG00000174839.13,DENND6A,515,618,359,474,651,459,426
ENSG00000174840.9,PDE12,891,683,942,929,1087,847,830
ENSG00000174842.17,GLMN,415,301,304,367,409,360,300
ENSG00000174851.16,YIF1A,2608,1167,2403,1937,1774,2005,1815
ENSG00000174871.11,CNIH2,218,247,120,129,587,341,353
ENSG00000174886.14,NDUFA11,623,419,561,465,555,350,335
ENSG00000174891.14,RSRC1,410,363,373,347,495,348,343
ENSG00000174899.13,SLC66A1L,83,5,11,50,35,91,21
ENSG00000174903.16,RAB1B,5682,4035,4183,4406,4359,4632,4438
ENSG00000174915.12,PTDSS2,1818,1186,2115,1539,1422,1245,1255
ENSG00000174917.9,MICOS13,1017,407,686,605,622,661,560
ENSG00000174928.16,C3orf33,37,27,40,27,34,33,19
ENSG00000174938.15,SEZ6L2,2254,1062,3676,670,1949,4264,2795
ENSG00000174939.11,ASPHD1,631,31,1439,140,47,603,261
ENSG00000174943.11,KCTD13,572,311,309,420,519,322,443
ENSG00000174945.14,AMZ1,1677,33,244,226,489,1350,377
ENSG00000174953.14,DHX36,1899,1983,1441,1779,2498,1813,1639
ENSG00000174963.18,ZIC4,21,249,4,47,370,1,13
ENSG00000174989.13,FBXW8,1464,994,857,1107,1484,1541,1163
ENSG00000174996.12,KLC2,1509,964,1507,1400,1649,1384,1498
ENSG00000175029.17,CTBP2,2256,2770,2177,2528,3380,1859,2367
ENSG00000175040.6,CHST2,759,647,1332,780,801,1091,2752
ENSG00000175048.17,ZDHHC14,424,178,372,243,297,368,316
ENSG00000175054.16,ATR,955,977,891,887,968,932,731
ENSG00000175061.20,SNHG29,9390,6219,5036,6595,5434,5065,4719
ENSG00000175063.17,UBE2C,365,1394,778,915,1169,151,304
ENSG00000175066.16,GK5,632,514,384,564,521,616,348
ENSG00000175073.8,VCPIP1,896,567,767,771,798,1110,872
ENSG00000175084.13,DES,608,331,62,215,444,524,105
ENSG00000175087.10,PDIK1L,146,218,84,127,370,138,113
ENSG00000175093.5,SPSB4,775,1571,183,562,884,269,377
ENSG00000175104.15,TRAF6,811,534,649,749,824,740,712
ENSG00000175105.8,ZNF654,485,384,402,402,614,504,453
ENSG00000175106.17,TVP23C,159,76,164,117,76,154,126
ENSG00000175115.13,PACS1,5218,3453,3295,4003,4101,5951,6123
ENSG00000175130.7,MARCKSL1,9342,8411,8056,7008,20528,9286,13699
ENSG00000175137.11,SH3BP5L,2460,1368,1548,2142,2537,2286,2146
ENSG00000175147.13,TMEM51-AS1,19,16,10,8,23,78,29
ENSG00000175155.11,YPEL2,2480,548,1213,1690,1132,1736,2185
ENSG00000175161.14,CADM2,66,31,118,81,71,93,135
ENSG00000175166.17,PSMD2,12824,6719,16413,17854,9354,15783,13100
ENSG00000175175.6,PPM1E,80,34,32,41,647,38,49
ENSG00000175182.15,FAM131A,448,350,349,314,654,404,290
ENSG00000175183.10,CSRP2,5335,2223,2864,4876,8853,2945,3135
ENSG00000175193.14,PARL,206,126,191,188,182,167,169
ENSG00000175197.13,DDIT3,333,122,316,250,234,289,321
ENSG00000175198.17,PCCA,514,613,433,486,639,353,257
ENSG00000175203.17,DCTN2,5163,3336,4148,4106,4025,3542,3195
ENSG00000175213.3,ZNF408,609,338,371,512,493,422,541
ENSG00000175215.11,CTDSP2,4006,8629,1955,3406,7504,2555,2956
ENSG00000175216.15,CKAP5,4228,7949,3803,5999,6294,4314,3934
ENSG00000175220.12,ARHGAP1,7365,2935,4139,5603,3502,5885,5521
ENSG00000175221.16,MED16,1447,1583,1048,1163,1836,1139,1294
ENSG00000175224.17,ATG13,3891,2105,2009,2877,3456,3504,3245
ENSG00000175229.7,GAL3ST3,75,136,64,29,335,36,73
ENSG00000175264.8,CHST1,237,115,603,62,558,666,414
ENSG00000175265.19,GOLGA8A,392,466,1118,998,560,205,209
ENSG00000175274.19,TP53I11,2183,2725,2480,2386,3250,1861,1514
ENSG00000175283.8,DOLK,846,707,889,657,884,707,542
ENSG00000175287.19,PHYHD1,247,173,90,101,117,115,55
ENSG00000175305.18,CCNE2,58,219,51,102,237,26,33
ENSG00000175309.15,PHYKPL,751,616,524,575,519,344,295
ENSG00000175322.12,ZNF519,74,278,79,122,256,61,73
ENSG00000175324.10,LSM1,926,459,756,788,830,774,741
ENSG00000175334.8,BANF1,1815,1648,1989,1920,1816,1234,1393
ENSG00000175348.11,TMEM9B,1197,720,1122,817,922,1007,770
ENSG00000175352.12,NRIP3,342,112,196,232,205,300,253
ENSG00000175354.20,PTPN2,494,467,502,518,431,431,415
ENSG00000175356.14,SCUBE2,37,75,43,21,41,31,24
ENSG00000175376.9,EIF1AD,787,676,615,735,985,717,683
ENSG00000175387.16,SMAD2,2440,1711,1853,2137,2338,1970,1746
ENSG00000175390.15,EIF3F,6258,5727,3816,4441,6674,3869,4092
ENSG00000175395.16,ZNF25,357,326,215,216,576,288,218
ENSG00000175414.7,ARL10,1813,1543,1316,1510,2258,1484,1326
ENSG00000175416.16,CLTB,1738,776,1483,1484,1383,2076,1579
ENSG00000175445.17,LPL,2593,1255,101,157,138,285,841
ENSG00000175449.15,RFESD,34,37,21,15,34,22,22
ENSG00000175455.16,CCDC14,1496,1922,2449,1549,1422,908,968
ENSG00000175467.15,SART1,1533,1412,1315,1465,1938,1265,1165
ENSG00000175470.20,PPP2R2D,948,722,837,830,1147,892,802
ENSG00000175471.20,MCTP1,1059,158,1599,881,336,1160,1587
ENSG00000175482.9,POLD4,482,128,269,276,262,253,244
ENSG00000175497.17,DPP10,93,38,90,49,725,103,217
ENSG00000175505.11,CLCF1,614,126,812,555,278,430,556
ENSG00000175536.7,LIPT2,60,95,37,24,167,57,47
ENSG00000175538.11,KCNE3,77,61,12,19,93,96,15
ENSG00000175548.9,ALG10B,277,409,270,188,370,238,252
ENSG00000175550.8,DRAP1,2382,1264,2453,1696,2620,2570,2348
ENSG00000175564.13,UCP3,25,20,31,23,38,14,16
ENSG00000175567.11,UCP2,3538,323,1449,2812,1027,2436,1537
ENSG00000175573.7,C11orf68,1490,966,1037,944,1117,1140,946
ENSG00000175575.13,PAAF1,364,362,339,295,387,292,190
ENSG00000175582.20,RAB6A,7206,3311,5011,5681,5154,7014,6300
ENSG00000175592.9,FOSL1,382,43,896,433,51,544,350
ENSG00000175595.16,ERCC4,565,528,392,509,843,502,474
ENSG00000175600.16,SUGCT,398,87,150,224,489,372,327
ENSG00000175602.4,CCDC85B,750,495,411,389,734,575,341
ENSG00000175606.11,TMEM70,358,266,303,295,448,295,290
ENSG00000175611.14,ERCC6L2-AS1,29,38,31,45,53,19,29
ENSG00000175643.10,RMI2,86,351,105,132,309,61,56
ENSG00000175662.18,TOM1L2,3338,1492,1481,1806,2218,2450,1786
ENSG00000175664.10,TEX26,49,15,4,13,42,19,17
ENSG00000175691.9,ZNF77,118,93,103,113,121,54,64
ENSG00000175697.11,GPR156,19,46,15,35,72,37,15
ENSG00000175701.11,MTLN,97,62,185,131,133,151,134
ENSG00000175711.9,B3GNTL1,152,111,188,99,110,84,74
ENSG00000175727.15,MLXIP,5595,1515,2765,3505,3117,5772,4269
ENSG00000175745.15,NR2F1,199,11630,347,914,5333,144,778
ENSG00000175756.14,AURKAIP1,1672,819,1511,1268,1561,1341,1303
ENSG00000175764.17,TTLL11,199,158,159,195,242,244,213
ENSG00000175768.13,TOMM5,283,182,242,210,366,309,341
ENSG00000175782.11,SLC35E3,687,471,592,588,593,736,598
ENSG00000175787.17,ZNF169,72,61,58,74,53,32,39
ENSG00000175792.12,RUVBL1,1180,1066,1652,1389,1231,908,1050
ENSG00000175806.15,MSRA,196,125,343,206,178,268,213
ENSG00000175826.12,CTDNEP1,2169,1762,1981,1803,3107,1927,2051
ENSG00000175832.13,ETV4,219,30,284,319,237,339,211
ENSG00000175854.15,SWI5,706,318,345,449,497,460,408
ENSG00000175866.16,BAIAP2,1754,532,1999,1435,1839,1422,1408
ENSG00000175893.12,ZDHHC21,761,493,641,678,764,576,382
ENSG00000175895.5,PLEKHF2,178,169,154,199,253,224,188
ENSG00000175899.15,A2M,274,19658,296,3289,14923,880,4791
ENSG00000175906.5,ARL4D,691,402,237,568,648,500,1021
ENSG00000175928.6,LRRN1,6040,8355,7087,1978,13120,4473,8456
ENSG00000175931.13,UBE2O,1018,1268,919,1032,1783,801,840
ENSG00000175938.7,ORAI3,530,265,405,297,392,365,392
ENSG00000175970.11,UNC119B,1528,1878,1254,1418,2411,1410,1558
ENSG00000175984.16,DENND2C,57,204,64,49,83,91,66
ENSG00000176014.13,TUBB6,9986,6179,10935,11496,5141,7809,8944
ENSG00000176018.13,LYSMD3,1075,717,730,1069,999,1187,781
ENSG00000176022.7,B3GALT6,1396,1235,1244,1050,2226,1356,1030
ENSG00000176024.18,ZNF613,256,179,140,154,253,139,164
ENSG00000176049.16,JAKMIP2,1269,1027,653,919,1856,948,963
ENSG00000176055.10,MBLAC2,256,181,145,155,225,216,152
ENSG00000176058.13,TPRN,878,322,678,554,551,471,443
ENSG00000176076.7,KCNE5,74,184,23,41,790,37,39
ENSG00000176087.16,SLC35A4,2592,1939,1997,2206,2761,2267,2305
ENSG00000176092.17,CRYBG2,17,2,80,33,1,14,50
ENSG00000176095.12,IP6K1,2339,1841,1277,1679,2721,1606,1693
ENSG00000176101.12,SSNA1,1197,722,1017,978,1251,915,1022
ENSG00000176102.13,CSTF3,1078,637,1045,1105,932,988,803
ENSG00000176105.14,YES1,2006,2292,1521,2041,2783,2147,1718
ENSG00000176108.9,CHMP6,578,463,400,487,771,424,428
ENSG00000176124.15,DLEU1,142,104,52,112,164,112,95
ENSG00000176125.7,UFSP1,61,24,21,32,54,51,31
ENSG00000176142.13,TMEM39A,1564,1530,1114,1229,1554,964,846
ENSG00000176148.16,TCP11L1,646,282,212,411,456,622,369
ENSG00000176155.21,CCDC57,415,711,676,404,750,266,291
ENSG00000176165.13,FOXG1,217,0,305,59,1,53,40
ENSG00000176170.14,SPHK1,1003,1396,979,993,350,697,1309
ENSG00000176171.12,BNIP3,456,331,280,409,293,445,308
ENSG00000176182.6,MYPOP,312,126,175,188,586,433,346
ENSG00000176204.14,LRRTM4,79,342,13,42,231,56,46
ENSG00000176208.9,ATAD5,82,408,109,165,329,72,95
ENSG00000176209.12,SMIM19,323,331,163,252,467,253,219
ENSG00000176222.10,ZNF404,151,92,110,106,146,97,61
ENSG00000176225.15,RTTN,350,661,228,388,613,240,229
ENSG00000176244.7,ACBD7,25,114,18,37,71,20,45
ENSG00000176248.9,ANAPC2,1278,1132,1291,1235,1598,856,993
ENSG00000176261.16,ZBTB8OS,626,256,490,532,410,408,429
ENSG00000176273.15,SLC35G1,237,209,185,202,345,191,245
ENSG00000176293.20,ZNF135,284,267,149,239,405,151,136
ENSG00000176340.4,COX8A,2101,1509,1614,1721,1451,1470,1273
ENSG00000176371.14,ZSCAN2,496,666,335,479,991,304,397
ENSG00000176383.9,B3GNT4,52,17,26,17,27,33,18
ENSG00000176386.9,CDC26,186,155,188,167,197,125,113
ENSG00000176390.12,CRLF3,273,344,232,351,348,185,185
ENSG00000176393.11,RNPEP,2306,1396,2400,2269,1704,1686,1880
ENSG00000176396.11,EID2,527,353,515,467,798,469,462
ENSG00000176399.4,DMRTA1,461,170,406,223,159,366,388
ENSG00000176401.6,EID2B,61,51,37,48,68,37,30
ENSG00000176406.25,RIMS2,53,278,74,161,272,120,95
ENSG00000176407.18,KCMF1,1862,1222,1477,1725,2109,1741,1548
ENSG00000176410.8,DNAJC30,508,234,334,335,527,403,416
ENSG00000176422.14,SPRYD4,348,240,245,302,284,143,206
ENSG00000176428.6,VPS37D,66,117,77,53,301,74,131
ENSG00000176438.13,SYNE3,59,1857,38,213,686,114,51
ENSG00000176444.19,CLK2,934,972,1261,985,1219,504,634
ENSG00000176454.15,LPCAT4,880,997,1380,982,749,624,727
ENSG00000176463.14,SLCO3A1,192,61,286,138,242,353,359
ENSG00000176472.11,ZNF575,58,40,19,25,83,72,75
ENSG00000176473.14,WDR25,296,185,225,243,224,228,171
ENSG00000176476.9,SGF29,139,187,180,162,231,113,96
ENSG00000176485.14,PLAAT3,2998,37,1506,1035,101,1935,605
ENSG00000176490.5,DIRAS1,150,410,70,120,559,353,144
ENSG00000176531.11,PHLDB3,177,38,224,97,106,215,153
ENSG00000176532.4,PRR15,288,10,40,79,361,364,173
ENSG00000176533.13,GNG7,32,96,18,42,246,38,42
ENSG00000176542.10,USF3,555,594,245,490,825,641,544
ENSG00000176593.8,ENSG00000176593,299,212,126,215,242,159,199
ENSG00000176595.4,KBTBD11,1422,329,1250,810,419,1586,754
ENSG00000176597.12,B3GNT5,705,1455,538,500,1803,531,315
ENSG00000176619.13,LMNB2,3646,7505,3924,5476,7657,2889,3430
ENSG00000176623.12,RMDN1,925,594,639,702,801,753,578
ENSG00000176624.12,MEX3C,2024,2261,1468,1767,3421,2079,1894
ENSG00000176641.11,RNF152,249,616,503,1288,1234,725,1676
ENSG00000176658.17,MYO1D,1345,1367,1632,1694,2609,2225,1259
ENSG00000176678.6,FOXL1,366,137,493,479,133,598,394
ENSG00000176692.8,FOXC2,1404,471,1873,1734,369,2166,1997
ENSG00000176697.20,BDNF,564,174,1179,940,494,1067,754
ENSG00000176714.10,CCDC121,52,62,29,42,79,38,37
ENSG00000176715.17,ACSF3,605,473,494,505,579,419,359
ENSG00000176720.6,BOK,2811,1443,2462,2408,2001,2068,2203
ENSG00000176723.10,ZNF843,26,61,10,19,173,50,54
ENSG00000176728.10,TTTY14,45,0,0,76,0,0,0
ENSG00000176731.12,RBIS,647,471,553,591,709,455,431
ENSG00000176749.9,CDK5R1,257,83,249,304,581,283,281
ENSG00000176769.9,TCERG1L,92,12,51,0,28,109,259
ENSG00000176771.18,NCKAP5,208,77,100,199,254,277,122
ENSG00000176783.15,RUFY1,1365,945,1264,1103,1222,965,997
ENSG00000176788.9,BASP1,8350,4425,5511,6932,11607,9885,9946
ENSG00000176809.11,LRRC37A3,211,218,177,135,357,198,193
ENSG00000176834.14,VSIG10,354,429,395,314,356,247,249
ENSG00000176842.16,IRX5,17,43,4,12,28,35,10
ENSG00000176845.13,METRNL,783,1317,487,657,1120,445,529
ENSG00000176853.16,FAM91A1,1659,1444,1141,1546,1859,1817,1406
ENSG00000176871.9,WSB2,4417,1993,2689,3155,3083,3360,2983
ENSG00000176887.7,SOX11,1999,3422,1530,1727,11789,1497,2247
ENSG00000176890.16,TYMS,1042,2799,1827,2039,1957,1075,991
ENSG00000176894.10,PXMP2,57,123,70,62,77,42,63
ENSG00000176896.9,TCEANC,45,74,34,36,90,26,46
ENSG00000176903.5,PNMA1,4560,2484,3461,3544,5248,3574,4260
ENSG00000176907.5,TCIM,4698,520,2352,1601,185,1735,3135
ENSG00000176909.12,MAMSTR,36,64,10,18,38,28,8
ENSG00000176912.7,TYMSOS,25,24,29,18,39,26,24
ENSG00000176915.15,ANKLE2,4059,1886,5717,5506,2650,3925,3814
ENSG00000176928.7,GCNT4,972,848,784,1396,412,752,696
ENSG00000176946.13,THAP4,1112,1018,975,982,1358,959,931
ENSG00000176953.13,NFATC2IP,1153,971,1558,1436,879,817,804
ENSG00000176956.13,LY6H,18,139,6,4,221,36,12
ENSG00000176971.4,FIBIN,46,535,9,50,624,38,77
ENSG00000176973.8,FAM89B,393,255,257,297,464,357,309
ENSG00000176974.21,SHMT1,345,365,385,372,330,143,254
ENSG00000176978.15,DPP7,571,808,918,455,962,503,404
ENSG00000176986.16,SEC24C,6339,3700,4758,5418,4468,4628,4825
ENSG00000176994.11,SMCR8,1620,1316,857,1290,1691,1372,1405
ENSG00000177000.13,MTHFR,966,1147,578,905,1281,721,672
ENSG00000177030.19,DEAF1,1644,976,1127,980,1767,973,1239
ENSG00000177034.18,MTX3,573,587,451,624,737,523,449
ENSG00000177042.16,TMEM80,607,403,392,292,500,255,307
ENSG00000177045.11,SIX5,1197,1358,746,809,1788,784,1025
ENSG00000177051.6,FBXO46,413,365,406,397,567,237,399
ENSG00000177054.14,ZDHHC13,429,384,547,374,418,362,285
ENSG00000177058.12,SLC38A9,641,367,559,531,621,587,487
ENSG00000177076.6,ACER2,154,27,155,72,37,147,96
ENSG00000177082.13,WDR73,791,740,842,788,897,614,529
ENSG00000177084.19,POLE,614,2266,1162,1279,1401,456,544
ENSG00000177096.9,PHETA2,117,22,37,179,67,135,24
ENSG00000177105.10,RHOG,876,577,877,774,751,767,729
ENSG00000177106.17,EPS8L2,9940,1306,4568,4150,1178,3680,2072
ENSG00000177119.17,ANO6,6539,3777,4176,5750,4936,5584,6241
ENSG00000177125.6,ZBTB34,603,755,318,522,1105,595,576
ENSG00000177150.13,FAM210A,434,288,320,325,423,320,296
ENSG00000177156.11,TALDO1,5703,1514,3119,3335,2013,2373,2545
ENSG00000177169.10,ULK1,6171,2708,2840,4239,6040,4473,4270
ENSG00000177191.3,B3GNT8,331,143,92,133,167,145,160
ENSG00000177192.14,PUS1,527,211,705,588,342,318,327
ENSG00000177200.18,CHD9,2764,2669,1433,2297,4072,3549,2490
ENSG00000177225.17,GATD1,2765,1475,1314,1335,1595,1179,1091
ENSG00000177234.7,LINC01561,21,51,8,23,18,41,13
ENSG00000177239.16,MAN1B1,5504,2884,4422,3393,3487,3957,2706
ENSG00000177283.8,FZD8,1852,843,784,1407,3337,1860,2013
ENSG00000177301.16,KCNA2,13,19,4,4,26,42,42
ENSG00000177302.15,TOP3A,1267,1193,972,975,1345,736,959
ENSG00000177303.10,CASKIN2,883,1066,751,841,1569,689,970
ENSG00000177311.12,ZBTB38,3337,1788,1790,2771,1825,3563,3503
ENSG00000177337.10,DLGAP1-AS1,119,35,45,52,67,85,90
ENSG00000177352.10,CCDC71,632,505,524,523,635,427,539
ENSG00000177370.5,TIMM22,795,489,718,745,724,600,634
ENSG00000177374.13,HIC1,402,47,170,251,1008,923,470
ENSG00000177380.14,PPFIA3,111,224,116,127,415,98,134
ENSG00000177383.5,MAGEF1,1199,1324,862,946,1585,951,950
ENSG00000177406.5,NINJ2-AS1,72,23,44,58,50,55,61
ENSG00000177409.12,SAMD9L,192,22,43,104,249,73,28
ENSG00000177410.13,ZFAS1,752,403,607,712,750,742,686
ENSG00000177425.11,PAWR,3304,1642,2316,3550,2365,3005,2558
ENSG00000177426.22,TGIF1,1748,1005,1431,1331,2518,1536,1471
ENSG00000177427.13,MIEF2,552,368,586,402,380,286,337
ENSG00000177432.8,NAP1L5,359,415,281,216,532,277,191
ENSG00000177459.11,ERICH5,583,28,544,887,243,383,1208
ENSG00000177463.16,NR2C2,1490,1499,1014,1416,1885,1515,1160
ENSG00000177469.13,CAVIN1,18537,11388,17302,22306,12430,19081,21153
ENSG00000177479.20,ARIH2,2912,2139,2411,2483,2544,1949,2002
ENSG00000177485.7,ZBTB33,940,814,743,892,1397,991,1048
ENSG00000177508.12,IRX3,29,268,24,10,29,46,34
ENSG00000177542.11,SLC25A22,844,491,640,643,729,642,588
ENSG00000177548.13,RABEP2,805,388,803,582,920,743,683
ENSG00000177556.12,ATOX1,1821,718,1151,1229,1021,1361,1143
ENSG00000177565.19,TBL1XR1,2537,3467,1596,1916,2262,2004,1807
ENSG00000177570.15,SAMD12,149,76,60,93,129,57,62
ENSG00000177576.12,C18orf32,167,99,135,86,223,162,161
ENSG00000177595.19,PIDD1,788,553,757,380,751,403,365
ENSG00000177599.13,ZNF491,88,154,58,71,122,45,56
ENSG00000177602.5,HASPIN,62,179,72,167,191,38,83
ENSG00000177606.9,JUN,2741,1336,2345,2074,1545,3569,2229
ENSG00000177613.9,CSTF2T,1076,1258,850,1006,1513,920,911
ENSG00000177614.11,PGBD5,552,188,226,180,524,669,437
ENSG00000177628.16,GBA1,3039,1194,1939,1553,1768,2259,1382
ENSG00000177640.16,CASC2,34,15,7,9,55,30,25
ENSG00000177646.20,ACAD9,1408,1090,1196,1248,1144,871,807
ENSG00000177663.15,IL17RA,1243,782,1221,833,521,1068,814
ENSG00000177666.17,PNPLA2,1669,622,1209,1011,1293,1379,1384
ENSG00000177674.16,AGTRAP,594,440,565,467,726,402,429
ENSG00000177679.16,SRRM3,54,61,31,42,173,63,41
ENSG00000177683.14,THAP5,745,614,378,461,1080,583,428
ENSG00000177685.17,CRACR2B,148,37,223,104,24,225,65
ENSG00000177692.13,DNAJC28,57,47,21,50,65,32,32
ENSG00000177694.16,NAALADL2,69,168,60,32,249,70,68
ENSG00000177697.19,CD151,17409,5040,23835,11992,5995,15617,10958
ENSG00000177700.6,POLR2L,3644,1175,1988,2269,1841,1912,2279
ENSG00000177706.9,FAM20C,612,715,567,455,1344,622,354
ENSG00000177707.11,NECTIN3,2323,1281,1873,1690,1114,1551,3190
ENSG00000177728.17,TMEM94,2288,2718,2670,1942,2910,1401,1883
ENSG00000177731.16,FLII,5300,3526,5876,5330,4097,4236,4317
ENSG00000177732.9,SOX12,2545,2633,1127,1799,7029,3049,2866
ENSG00000177733.7,HNRNPA0,5405,7880,4081,5409,10873,4691,5290
ENSG00000177738.6,ANXA2R-OT1,42,15,76,71,10,32,33
ENSG00000177788.7,RAB4A-AS1,136,131,62,94,224,94,72
ENSG00000177791.12,MYOZ1,46,134,14,85,998,33,115
ENSG00000177822.10,TENM3-AS1,2130,1862,904,1674,2139,2044,2283
ENSG00000177830.18,CHID1,2576,2262,2205,1663,2019,1463,1074
ENSG00000177839.7,PCDHB9,118,138,62,66,261,272,85
ENSG00000177842.12,ZNF620,99,82,63,71,99,40,48
ENSG00000177853.15,ZNF518A,798,900,657,698,1172,682,596
ENSG00000177854.8,TMEM187,187,158,98,100,156,70,52
ENSG00000177868.12,SVBP,565,544,382,355,688,356,333
ENSG00000177873.14,ZNF619,105,110,80,81,122,68,63
ENSG00000177875.5,CCDC184,28,53,121,72,147,131,214
ENSG00000177879.17,AP3S1,1572,1028,1055,1363,1503,1510,1170
ENSG00000177885.15,GRB2,4703,2256,3559,3705,3746,4321,3883
ENSG00000177888.8,ZBTB41,837,765,420,660,1270,781,733
ENSG00000177889.10,UBE2N,2326,1880,2037,2326,2621,2056,2075
ENSG00000177917.12,ARL6IP6,517,766,527,563,675,325,362
ENSG00000177932.7,ZNF354C,258,701,270,285,996,375,296
ENSG00000177943.14,MAMDC4,246,254,621,371,378,190,185
ENSG00000177946.7,CENPBD1P,233,250,188,231,398,220,169
ENSG00000177951.18,BET1L,3283,2017,1687,2915,3091,3174,2650
ENSG00000177963.15,RIC8A,5445,3142,4937,5902,4599,4690,4765
ENSG00000177971.9,IMP3,809,389,761,645,630,631,623
ENSG00000177981.11,ASB8,730,476,428,489,816,511,453
ENSG00000177990.12,DPY19L2,125,112,276,116,88,89,62
ENSG00000178026.13,LRRC75B,470,452,284,298,471,260,194
ENSG00000178028.14,DMAP1,1117,908,1050,984,1192,707,745
ENSG00000178031.18,ADAMTSL1,20,186,158,44,280,215,110
ENSG00000178033.6,CALHM5,285,259,536,554,142,265,362
ENSG00000178035.13,IMPDH2,62,54,93,81,52,28,48
ENSG00000178038.17,ALS2CL,495,252,501,480,141,339,205
ENSG00000178053.21,MLF1,349,303,209,277,516,242,239
ENSG00000178057.15,NDUFAF3,1422,721,922,872,902,891,741
ENSG00000178074.6,C2orf69,276,343,305,251,420,272,221
ENSG00000178075.20,GRAMD1C,18,96,31,39,70,19,65
ENSG00000178078.12,STAP2,285,348,321,204,89,55,70
ENSG00000178093.14,TSSK6,37,22,36,24,48,35,40
ENSG00000178096.9,BOLA1,115,122,123,107,186,89,76
ENSG00000178104.22,PDE4DIP,2476,2729,1556,1108,2836,3076,1762
ENSG00000178105.12,DDX10,596,709,565,602,807,494,435
ENSG00000178149.17,DALRD3,816,417,634,502,507,354,418
ENSG00000178150.10,ZNF114,30,141,43,67,31,17,39
ENSG00000178163.8,ZNF518B,1072,1059,827,932,1631,962,939
ENSG00000178177.17,LCORL,553,683,313,392,800,368,464
ENSG00000178184.16,PARD6G,625,1253,359,546,3821,600,692
ENSG00000178187.8,ZNF454,29,104,22,34,126,74,24
ENSG00000178188.16,SH2B1,1570,1345,1542,1302,2077,1206,1357
ENSG00000178202.14,POGLUT3,2336,4382,2057,1667,2668,2333,1372
ENSG00000178209.17,PLEC,17551,15569,19187,18464,25369,38042,22882
ENSG00000178222.14,RNF212,74,22,60,32,102,120,18
ENSG00000178229.8,ZNF543,138,140,86,121,153,98,73
ENSG00000178233.18,TMEM151B,4,46,8,6,358,11,12
ENSG00000178234.13,GALNT11,2565,1870,1958,1505,2427,1651,1362
ENSG00000178235.8,SLITRK1,155,31,44,80,129,378,102
ENSG00000178252.19,WDR6,7012,7014,6873,6537,6912,4791,4756
ENSG00000178295.15,GEN1,304,530,548,532,395,234,254
ENSG00000178301.4,AQP11,36,15,24,12,29,43,25
ENSG00000178307.10,TMEM11,689,414,542,531,657,622,659
ENSG00000178338.11,ZNF354B,204,257,241,215,360,140,143
ENSG00000178381.12,ZFAND2A,389,146,154,266,204,216,147
ENSG00000178385.15,PLEKHM3,846,630,271,514,891,694,762
ENSG00000178386.13,ZNF223,50,37,17,42,51,20,26
ENSG00000178401.16,DNAJC22,45,12,61,12,19,58,13
ENSG00000178409.14,BEND3,167,353,195,201,316,201,288
ENSG00000178425.14,NT5DC1,919,428,829,755,510,1060,565
ENSG00000178445.10,GLDC,527,5,498,228,31,240,250
ENSG00000178449.9,COX14,503,251,407,343,463,378,349
ENSG00000178467.18,P4HTM,1378,600,1360,692,868,843,591
ENSG00000178498.16,DTX3,1325,1312,1079,934,1869,702,899
ENSG00000178502.6,KLHL11,155,145,56,124,202,157,112
ENSG00000178531.6,CTXN1,1530,591,1012,809,3994,1904,2727
ENSG00000178537.10,SLC25A20,772,380,707,649,466,542,397
ENSG00000178538.10,CA8,43,139,15,96,736,35,42
ENSG00000178567.8,EPM2AIP1,1233,1558,917,1206,1783,910,1031
ENSG00000178568.16,ERBB4,41,73,26,48,122,7,28
ENSG00000178573.7,MAF,1114,3032,735,1168,4425,916,1872
ENSG00000178585.15,CTNNBIP1,895,1310,653,768,1882,1097,903
ENSG00000178607.17,ERN1,470,285,248,293,447,405,341
ENSG00000178662.16,CSRNP3,383,797,112,218,684,253,259
ENSG00000178665.16,ZNF713,146,80,47,59,210,103,63
ENSG00000178685.14,PARP10,158,234,221,537,368,113,128
ENSG00000178691.11,SUZ12,1061,1049,868,1007,1372,803,847
ENSG00000178694.10,NSUN3,357,303,277,271,420,336,271
ENSG00000178695.6,KCTD12,623,5022,277,424,10664,1044,1124
ENSG00000178700.9,DHFR2,240,262,160,93,483,128,118
ENSG00000178718.7,RPP25,64,86,94,54,102,120,141
ENSG00000178719.17,GRINA,5273,3107,6260,3885,5931,4725,5752
ENSG00000178726.7,THBD,864,1533,1945,1582,1561,1611,1527
ENSG00000178741.12,COX5A,1945,1163,1379,1510,1568,1329,1207
ENSG00000178752.16,ERFE,27,79,299,96,66,47,74
ENSG00000178761.15,FAM219B,2901,1439,2202,2210,1958,1926,1926
ENSG00000178764.8,ZHX2,749,694,520,923,1322,546,964
ENSG00000178773.15,CPNE7,369,20,363,247,145,263,10
ENSG00000178776.5,C5orf46,242,1,95,323,158,90,333
ENSG00000178802.18,MPI,913,539,495,591,608,446,514
ENSG00000178814.17,OPLAH,249,141,296,184,170,103,75
ENSG00000178821.13,TMEM52,15,10,36,42,30,18,12
ENSG00000178826.11,TMEM139,35,0,4,10,14,11,25
ENSG00000178852.16,EFCAB13,12,25,25,17,29,22,10
ENSG00000178860.9,MSC,937,0,23,306,114,573,247
ENSG00000178878.13,APOLD1,91,318,49,171,249,125,112
ENSG00000178882.15,RFLNA,11,134,3,12,1275,172,53
ENSG00000178904.19,DPY19L3,2295,3156,1700,1981,2874,2108,1742
ENSG00000178913.9,TAF7,4170,2657,2730,2966,3947,3064,2643
ENSG00000178917.18,ZNF852,156,127,113,151,230,120,136
ENSG00000178921.14,PFAS,758,1455,1435,1388,1311,752,950
ENSG00000178922.18,HYI,700,597,880,954,785,652,557
ENSG00000178927.19,CYBC1,1544,1371,2026,1386,1724,917,1087
ENSG00000178935.5,ZNF552,124,100,138,150,143,107,113
ENSG00000178947.9,SMIM10L2A,99,128,32,46,342,69,51
ENSG00000178950.18,GAK,2366,1811,2179,2125,2875,2118,2178
ENSG00000178951.9,ZBTB7A,1007,418,878,652,1133,1330,1072
ENSG00000178952.11,TUFM,5297,3362,7076,5173,3772,3561,3131
ENSG00000178966.17,RMI1,176,410,186,277,443,136,161
ENSG00000178971.17,CTC1,384,432,422,350,416,262,225
ENSG00000178974.11,FBXO34,732,617,586,651,745,639,517
ENSG00000178977.4,LINC00324,47,39,8,14,47,12,19
ENSG00000178980.16,SELENOW,5350,1840,3121,3593,3173,3493,3403
ENSG00000178982.10,EIF3K,3171,2312,2423,2665,2295,1958,1710
ENSG00000178988.11,MRFAP1L1,1686,1548,1201,1388,2230,1162,1049
ENSG00000178996.14,SNX18,1729,2177,1005,1250,3441,1531,1577
ENSG00000178999.13,AURKB,237,1171,715,788,759,126,211
ENSG00000179008.9,C14orf39,27,43,27,12,44,28,29
ENSG00000179010.16,MRFAP1,8503,5958,7493,7897,8481,6593,5892
ENSG00000179021.10,C3orf38,834,596,599,645,991,705,653
ENSG00000179023.9,KLHDC7A,117,12,110,117,43,203,41
ENSG00000179029.15,TMEM107,145,225,127,120,193,98,104
ENSG00000179041.4,RRS1,805,215,798,567,319,973,432
ENSG00000179046.9,TRIML2,29,8,61,845,19,382,1119
ENSG00000179051.14,RCC2,4229,5446,3745,4317,8467,3255,3105
ENSG00000179059.10,ZFP42,233,227,116,614,765,1418,467
ENSG00000179083.7,FAM133A,35,31,19,23,89,34,32
ENSG00000179085.8,DPM3,216,181,233,154,222,172,174
ENSG00000179091.5,CYC1,2005,1150,1887,1785,1525,1296,1365
ENSG00000179094.16,PER1,386,581,455,681,921,399,692
ENSG00000179104.9,TMTC2,306,502,165,143,661,234,171
ENSG00000179115.11,FARSA,1755,1011,1675,1674,1496,1348,1311
ENSG00000179119.15,SPTY2D1,970,787,768,863,956,1126,1048
ENSG00000179134.16,SAMD4B,2836,2903,2083,2575,3907,2588,2996
ENSG00000179151.13,EDC3,1576,1334,1050,1326,1665,1139,1002
ENSG00000179152.20,TCAIM,913,382,498,649,714,835,594
ENSG00000179163.12,FUCA1,1116,418,887,555,477,763,301
ENSG00000179168.15,GGN,42,11,38,14,50,44,56
ENSG00000179178.11,TMEM125,62,6,29,28,34,23,10
ENSG00000179195.16,ZNF664,3825,3209,2419,3047,6096,2915,2770
ENSG00000179218.15,CALR,51515,26999,59332,50034,42627,41728,33476
ENSG00000179222.18,MAGED1,22850,15974,14180,18595,20595,18530,18901
ENSG00000179240.13,GVQW3,89,193,38,94,204,37,39
ENSG00000179241.13,LDLRAD3,754,1138,640,682,2321,624,1002
ENSG00000179242.16,CDH4,230,309,646,329,121,273,234
ENSG00000179256.2,SMCO3,68,3,8,29,53,39,97
ENSG00000179262.10,RAD23A,1697,1440,1458,1230,1769,1498,1257
ENSG00000179271.3,GADD45GIP1,1404,648,1123,1112,1258,1168,1068
ENSG00000179292.5,TMEM151A,341,6,1660,19,10,906,131
ENSG00000179295.19,PTPN11,6218,3937,5029,5488,5084,6651,4904
ENSG00000179299.17,NSUN7,130,179,95,115,232,138,131
ENSG00000179300.4,RTL3,13,23,18,33,40,14,30
ENSG00000179314.16,WSCD1,104,46,177,165,530,145,94
ENSG00000179335.20,CLK3,1029,732,1101,1020,1017,655,795
ENSG00000179348.13,GATA2,1,411,4,6,36,9,3
ENSG00000179361.18,ARID3B,961,599,913,1332,1068,493,1099
ENSG00000179364.15,PACS2,3282,2600,2322,2373,4157,2415,2613
ENSG00000179387.10,ELMOD2,1670,1228,1528,1001,1878,1377,1164
ENSG00000179388.9,EGR3,10,32,10,11,34,14,34
ENSG00000179397.18,CATSPERE,50,12,39,28,56,20,32
ENSG00000179399.16,GPC5,38,80,27,8,23,31,37
ENSG00000179403.12,VWA1,3299,1091,1715,1144,1651,1617,1067
ENSG00000179406.10,LINC00174,72,96,66,65,106,53,63
ENSG00000179409.11,GEMIN4,783,708,845,829,775,478,703
ENSG00000179431.7,FJX1,1403,765,1427,839,5439,1205,1421
ENSG00000179454.14,KLHL28,553,446,324,576,729,538,486
ENSG00000179455.10,MKRN3,1,32,2,10,60,60,0
ENSG00000179456.12,ZBTB18,1095,620,731,1183,1027,847,842
ENSG00000179476.8,C14orf28,230,86,232,182,150,239,164
ENSG00000179523.7,EIF3J-DT,212,154,108,138,207,158,129
ENSG00000179526.17,SHARPIN,1770,948,1186,1224,1320,1258,1010
ENSG00000179532.13,DNHD1,129,141,116,160,136,87,109
ENSG00000179542.16,SLITRK4,590,384,562,768,1047,1294,705
ENSG00000179546.5,HTR1D,82,2,110,107,134,194,380
ENSG00000179562.3,GCC1,1040,670,806,885,1081,1028,946
ENSG00000179588.9,ZFPM1,264,102,147,125,323,284,401
ENSG00000179598.6,PLD6,66,21,76,3,61,35,31
ENSG00000179604.10,CDC42EP4,411,1385,545,478,1324,427,566
ENSG00000179627.10,ZBTB42,230,100,122,182,128,182,126
ENSG00000179630.11,LACC1,289,72,281,185,139,345,146
ENSG00000179632.10,MAF1,2731,1691,1846,1850,3188,2544,2405
ENSG00000179698.14,WDR97,33,75,33,23,119,32,28
ENSG00000179715.13,PCED1B,200,23,110,90,42,145,92
ENSG00000179743.4,SPEN-AS1,54,59,30,31,128,49,37
ENSG00000179750.16,APOBEC3B,29,49,79,72,15,13,24
ENSG00000179772.8,FOXS1,666,72,66,580,582,246,375
ENSG00000179776.20,CDH5,27,30,116,167,2,18,4
ENSG00000179796.13,LRRC3B,44,3,17,31,39,75,181
ENSG00000179818.17,PCBP1-AS1,412,412,301,347,615,258,231
ENSG00000179820.16,MYADM,4055,3610,6013,3946,3460,4506,3822
ENSG00000179832.18,MROH1,1008,591,814,628,588,799,580
ENSG00000179833.4,SERTAD2,1148,1624,669,1065,1827,971,873
ENSG00000179841.8,AKAP5,899,545,394,806,716,736,458
ENSG00000179855.9,GIPC3,24,152,12,34,98,12,10
ENSG00000179859.10,RNF227,32,46,24,27,72,26,29
ENSG00000179862.7,CITED4,30,34,94,52,91,102,138
ENSG00000179886.6,TIGD5,504,409,420,413,762,589,481
ENSG00000179889.20,PDXDC1,5464,3442,2980,4233,4229,5175,3774
ENSG00000179909.16,ZNF154,848,996,439,762,1138,490,489
ENSG00000179912.21,R3HDM2,557,760,294,407,1201,391,364
ENSG00000179918.19,SEPHS2,1457,867,967,1144,1638,1359,1153
ENSG00000179921.15,GPBAR1,28,5,23,50,6,31,29
ENSG00000179922.6,ZNF784,233,207,225,185,289,193,180
ENSG00000179933.6,C14orf119,2236,1220,1697,1616,1631,1526,1559
ENSG00000179941.9,BBS10,672,563,431,514,777,477,472
ENSG00000179943.8,FIZ1,430,355,332,377,792,414,395
ENSG00000179950.15,PUF60,3954,2927,4150,3849,3307,2797,2937
ENSG00000179954.16,SSC5D,7498,3095,2541,2451,11021,5203,3928
ENSG00000179958.10,DCTPP1,518,455,734,589,565,526,364
ENSG00000179965.12,ZNF771,399,160,212,272,614,354,422
ENSG00000179981.11,TSHZ1,131,554,84,121,714,190,235
ENSG00000179988.15,PSTK,92,62,55,64,95,105,82
ENSG00000180008.9,SOCS4,1114,658,1003,1107,1166,1114,1091
ENSG00000180011.7,PTGR3,365,407,224,220,589,265,337
ENSG00000180035.13,ZNF48,1246,900,950,1127,3605,753,1230
ENSG00000180044.6,C3orf80,14,0,1,17,14,40,36
ENSG00000180053.8,NKX2-6,116,0,3,1,1,227,27
ENSG00000180071.21,ANKRD18A,77,12,82,45,13,69,59
ENSG00000180089.6,TMEM86B,18,18,31,23,34,13,12
ENSG00000180096.13,SEPTIN1,74,39,23,21,75,51,56
ENSG00000180098.9,TRNAU1AP,547,456,475,427,562,319,371
ENSG00000180104.16,EXOC3,1582,1159,1338,1182,1783,1162,1050
ENSG00000180155.20,LYNX1,416,306,93,170,125,165,84
ENSG00000180176.15,TH,1,52,0,0,120,2,0
ENSG00000180182.11,MED14,1977,2574,1494,2139,2435,1821,3294
ENSG00000180185.13,FAHD1,1147,806,891,744,1213,988,686
ENSG00000180190.13,TDRP,632,377,483,397,537,443,454
ENSG00000180198.17,RCC1,1020,887,1048,1234,1222,681,741
ENSG00000180210.15,F2,158,3,49,81,3,71,43
ENSG00000180228.14,PRKRA,1293,881,932,1133,1369,1112,816
ENSG00000180233.11,ZNRF2,72,90,70,61,155,96,105
ENSG00000180257.14,ZNF816,274,117,161,304,273,195,136
ENSG00000180263.14,FGD6,2318,1246,1440,1299,1197,2769,1477
ENSG00000180287.17,PLD5,8,1,30,5,15,33,10
ENSG00000180304.14,OAZ2,3663,3533,2468,2847,4673,2493,2427
ENSG00000180318.4,ALX1,10,39,7,16,52,1,36
ENSG00000180329.14,CCDC43,807,425,646,790,689,635,583
ENSG00000180340.7,FZD2,7013,5601,5210,4956,5525,4508,5066
ENSG00000180346.5,TIGD2,358,156,252,277,288,270,260
ENSG00000180353.11,HCLS1,10,363,11,73,84,21,21
ENSG00000180354.16,MTURN,713,366,329,366,674,586,405
ENSG00000180357.10,ZNF609,3027,2868,1566,2478,4122,2707,2812
ENSG00000180370.10,PAK2,4889,3145,3287,4374,4506,5282,4191
ENSG00000180376.17,CCDC66,366,357,291,317,356,198,218
ENSG00000180398.13,MCFD2,6862,3970,5903,5345,4536,6669,4394
ENSG00000180423.4,HARBI1,154,129,111,130,185,109,86
ENSG00000180425.11,C11orf71,102,94,38,42,94,37,31
ENSG00000180447.7,GAS1,238,3151,184,627,3363,168,293
ENSG00000180448.11,ARHGAP45,16,5,68,22,13,31,15
ENSG00000180479.15,ZNF571,97,64,40,60,123,42,47
ENSG00000180488.17,MIGA1,838,564,462,612,658,793,585
ENSG00000180530.11,NRIP1,2066,3097,931,1296,3370,1414,1807
ENSG00000180535.4,BHLHA15,33,8,16,40,44,51,31
ENSG00000180537.13,RNF182,508,218,421,597,1112,532,349
ENSG00000180543.5,TSPYL5,107,278,298,78,639,959,397
ENSG00000180573.10,H2AC6,954,229,434,341,643,635,647
ENSG00000180592.17,SKIDA1,708,525,260,502,790,410,438
ENSG00000180596.9,H2BC4,203,28,73,64,129,243,199
ENSG00000180611.7,MB21D2,683,391,594,641,338,510,429
ENSG00000180613.11,GSX2,138,2,118,72,19,70,10
ENSG00000180616.9,SSTR2,87,129,23,18,180,35,146
ENSG00000180626.10,ZNF594,205,287,155,218,289,147,113
ENSG00000180628.15,PCGF5,660,435,715,633,645,537,603
ENSG00000180644.8,PRF1,0,0,1,0,57,34,27
ENSG00000180667.11,YOD1,473,485,397,513,785,559,542
ENSG00000180694.14,TMEM64,1281,1596,1119,1639,1556,1052,880
ENSG00000180730.5,SHISA2,2394,1502,896,3127,1451,2881,1186
ENSG00000180739.15,S1PR5,26,133,13,29,54,24,92
ENSG00000180758.12,GPR157,155,121,134,103,104,153,86
ENSG00000180769.10,WDFY3-AS2,106,43,57,62,81,57,86
ENSG00000180773.15,SLC36A4,918,683,683,785,1082,1072,899
ENSG00000180776.17,ZDHHC20,2827,2974,2276,2372,4015,2874,2222
ENSG00000180787.6,ZFP3,9,44,8,3,124,33,2
ENSG00000180801.14,ARSJ,1290,1693,2903,1303,982,670,957
ENSG00000180815.15,MAP3K15,38,18,26,20,12,13,14
ENSG00000180817.12,PPA1,1917,698,2186,2033,1258,1688,1342
ENSG00000180822.12,PSMG4,283,194,172,264,225,190,137
ENSG00000180834.8,MAP6D1,8,15,12,9,54,40,30
ENSG00000180855.16,ZNF443,91,39,82,65,83,40,37
ENSG00000180875.5,GREM2,56,9,6,15,13,105,29
ENSG00000180879.14,SSR4,3050,1958,3431,2273,2901,2128,2178
ENSG00000180881.21,CAPS2,93,36,43,22,67,53,19
ENSG00000180884.10,ZNF792,139,132,95,102,145,131,136
ENSG00000180891.13,CUEDC1,1966,1027,1828,1528,1790,1835,1580
ENSG00000180900.20,SCRIB,2620,2062,2989,2387,3360,2323,2555
ENSG00000180901.11,KCTD2,1667,1154,1210,1165,1703,1206,1328
ENSG00000180902.18,D2HGDH,538,460,383,219,458,250,186
ENSG00000180914.11,OXTR,1383,1316,15191,3115,707,1501,3196
ENSG00000180917.18,CMTR2,630,670,699,659,1183,464,535
ENSG00000180921.7,FAM83H,550,119,527,374,303,898,580
ENSG00000180938.6,ZNF572,25,31,15,21,46,12,13
ENSG00000180953.11,ST20,78,34,72,50,66,46,34
ENSG00000180957.19,PITPNB,2340,1726,2147,2183,2234,1964,1769
ENSG00000180964.17,TCEAL8,2616,1653,1602,1729,2794,2120,1908
ENSG00000180979.10,LRRC57,714,437,554,503,624,515,414
ENSG00000180998.12,GPR137C,199,288,213,123,359,80,108
ENSG00000181004.10,BBS12,333,159,206,229,329,178,310
ENSG00000181007.9,ZFP82,282,334,213,325,525,236,215
ENSG00000181019.13,NQO1,3086,1347,716,2478,929,1153,1060
ENSG00000181026.15,AEN,2447,855,2483,1989,1798,2569,2294
ENSG00000181027.11,FKRP,1178,865,1176,897,1330,1058,1086
ENSG00000181029.9,TRAPPC5,77,48,47,48,104,43,69
ENSG00000181031.16,RPH3AL,262,51,66,99,136,165,87
ENSG00000181035.14,SLC25A42,458,318,223,231,458,328,284
ENSG00000181038.14,METTL23,333,190,216,215,259,222,223
ENSG00000181045.15,SLC26A11,805,694,870,637,670,482,730
ENSG00000181061.14,HIGD1A,2033,715,1736,1656,1172,1825,1752
ENSG00000181085.15,MAPK15,56,158,84,100,583,29,75
ENSG00000181090.21,EHMT1,2475,2817,1966,2404,3855,2200,2052
ENSG00000181104.7,F2R,16575,6931,18809,12839,7124,14593,22498
ENSG00000181135.16,ZNF707,343,254,252,302,384,249,270
ENSG00000181163.14,NPM1,15221,13391,13918,17204,12490,10124,8138
ENSG00000181191.12,PJA1,899,1159,569,832,1298,723,972
ENSG00000181192.12,DHTKD1,1214,1025,541,956,1469,1089,642
ENSG00000181218.6,H2AC25,48,83,54,50,122,23,33
ENSG00000181220.18,ZNF746,784,575,629,637,1040,669,673
ENSG00000181222.19,POLR2A,7443,8206,5365,7834,8612,7011,7472
ENSG00000181234.10,TMEM132C,5,439,15,61,1408,0,30
ENSG00000181264.9,TLCD5,443,422,474,405,480,278,288
ENSG00000181274.7,FRAT2,186,139,104,123,314,130,205
ENSG00000181284.3,TMEM102,289,66,328,189,168,211,197
ENSG00000181315.11,ZNF322,396,334,153,279,545,331,259
ENSG00000181350.12,LRRC75A,65,104,35,36,229,30,23
ENSG00000181381.15,DDX60L,413,844,402,785,943,325,256
ENSG00000181396.13,OGFOD3,969,933,992,852,944,744,552
ENSG00000181404.18,WASHC1,119,123,97,95,187,82,56
ENSG00000181409.14,AATK,12,45,10,15,118,16,20
ENSG00000181418.8,DDN,20,12,12,25,45,14,41
ENSG00000181444.13,ZNF467,408,329,155,183,469,204,173
ENSG00000181449.4,SOX2,236,74,382,304,847,220,642
ENSG00000181450.18,ZNF678,130,357,115,194,480,151,151
ENSG00000181458.10,TMEM45A,835,465,437,673,1119,886,520
ENSG00000181467.5,RAP2B,1785,1037,1379,1126,2596,2292,2119
ENSG00000181472.5,ZBTB2,684,501,500,707,805,574,676
ENSG00000181481.14,RNF135,374,291,237,256,546,305,213
ENSG00000181513.15,ACBD4,118,72,94,76,88,62,49
ENSG00000181523.13,SGSH,1095,1356,1469,921,864,828,762
ENSG00000181541.6,MAB21L2,388,56,244,317,121,44,954
ENSG00000181544.16,FANCB,77,175,109,171,137,58,124
ENSG00000181555.22,SETD2,2494,3256,1947,2604,3602,2604,2183
ENSG00000181588.17,MEX3D,1303,1135,1024,1012,2968,1564,1379
ENSG00000181619.12,GPR135,99,57,80,92,107,133,79
ENSG00000181634.8,TNFSF15,61,281,159,93,385,66,153
ENSG00000181638.20,ZFP41,244,239,208,155,457,253,229
ENSG00000181649.8,PHLDA2,1272,94,1757,1190,340,1518,2290
ENSG00000181652.20,ATG9B,23,71,23,31,113,14,14
ENSG00000181666.19,ZNF875,1118,776,990,917,1060,823,600
ENSG00000181690.8,PLAG1,419,588,214,332,951,276,336
ENSG00000181704.12,YIPF6,2191,1303,1710,1495,1562,1592,1257
ENSG00000181722.18,ZBTB20,128,64,52,56,75,257,183
ENSG00000181744.9,DIPK2A,551,2696,842,548,764,308,533
ENSG00000181751.10,MACIR,463,465,602,462,930,364,583
ENSG00000181754.7,AMIGO1,228,210,212,161,357,182,132
ENSG00000181773.7,GPR3,8,16,23,30,40,23,21
ENSG00000181788.4,SIAH2,935,631,730,883,893,913,893
ENSG00000181789.14,COPG1,8356,5788,5925,7484,5926,6845,6195
ENSG00000181790.13,ADGRB1,420,19,155,65,291,356,189
ENSG00000181804.15,SLC9A9,80,157,43,47,115,46,76
ENSG00000181817.6,LSM10,697,455,808,659,850,562,622
ENSG00000181826.10,RELL1,203,273,242,207,330,287,171
ENSG00000181827.16,RFX7,1960,1705,1536,1839,2893,1897,2129
ENSG00000181830.9,SLC35C1,1579,692,1782,1206,1258,1974,1342
ENSG00000181852.18,RNF41,2455,1164,1433,1961,1858,1811,1762
ENSG00000181873.13,IBA57,228,320,178,219,361,228,250
ENSG00000181894.15,ZNF329,616,444,339,376,642,436,282
ENSG00000181896.12,ZNF101,152,140,138,197,161,131,129
ENSG00000181904.9,C5orf24,5084,2864,3012,4674,5349,4621,4480
ENSG00000181915.6,ADO,1075,679,889,1015,1539,1113,1375
ENSG00000181924.7,COA4,1048,599,885,914,905,718,685
ENSG00000181938.14,GINS3,113,247,182,220,223,66,133
ENSG00000181982.20,CCDC149,393,422,404,395,789,578,487
ENSG00000182004.13,SNRPE,975,1111,949,1014,1345,644,654
ENSG00000182010.11,RTKN2,258,355,300,571,465,195,140
ENSG00000182013.18,PNMA8A,1473,2454,929,1389,4046,2101,1008
ENSG00000182022.18,CHST15,1769,325,1176,729,1160,2216,1863
ENSG00000182050.14,MGAT4C,864,195,234,576,118,611,136
ENSG00000182054.10,IDH2,8230,5330,4858,5857,6215,5280,5160
ENSG00000182057.5,OGFRP1,48,30,42,35,63,37,31
ENSG00000182087.14,TMEM259,5595,3696,7026,4176,5555,4651,4342
ENSG00000182093.16,GET1,767,371,543,553,514,546,322
ENSG00000182095.15,TNRC18,3107,8304,2345,2606,8819,4238,4221
ENSG00000182103.5,FAM181B,2,33,0,8,525,2,18
ENSG00000182107.7,TMEM30B,1,71,3,1,56,2,0
ENSG00000182108.11,DEXI,878,697,790,734,895,710,736
ENSG00000182117.7,NOP10,2545,1090,2033,1960,1585,1715,1837
ENSG00000182118.8,FAM89A,418,245,128,249,981,610,456
ENSG00000182132.15,KCNIP1,16,35,14,75,56,18,74
ENSG00000182134.17,TDRKH,266,141,233,268,419,217,152
ENSG00000182141.10,ZNF708,361,287,206,369,484,295,281
ENSG00000182149.21,IST1,4701,3467,3236,3945,4235,3382,3240
ENSG00000182150.19,ERCC6L2,552,762,543,557,934,624,549
ENSG00000182158.16,CREB3L2,7623,7204,6421,6942,7193,6729,8435
ENSG00000182165.20,TP53TG1,393,174,79,161,294,247,59
ENSG00000182168.16,UNC5C,1255,2671,309,1033,3854,1125,740
ENSG00000182173.14,TSEN54,438,378,467,397,537,241,300
ENSG00000182175.15,RGMA,139,846,170,264,1193,220,226
ENSG00000182179.13,UBA7,7,539,12,37,116,7,4
ENSG00000182185.19,RAD51B,84,90,61,58,96,35,33
ENSG00000182195.9,LDOC1,1453,1009,1043,888,1218,1338,1077
ENSG00000182196.14,ARL6IP4,28,29,42,42,38,7,24
ENSG00000182197.13,EXT1,11461,5392,9628,10054,4289,7996,8195
ENSG00000182199.11,SHMT2,2125,1780,2487,3643,1948,2087,2162
ENSG00000182208.15,MOB2,578,339,509,436,581,453,464
ENSG00000182218.10,HHIPL1,607,465,241,424,739,778,267
ENSG00000182220.15,ATP6AP2,6105,4560,5095,4004,5113,5130,4906
ENSG00000182224.12,CYB5D1,102,43,91,82,94,139,124
ENSG00000182240.16,BACE2,572,2526,892,749,1486,836,663
ENSG00000182247.11,UBE2E2,1028,610,696,742,1012,1103,875
ENSG00000182253.15,SYNM,1273,1074,670,1071,586,1063,847
ENSG00000182256.13,GABRG3,1,57,9,4,94,22,13
ENSG00000182263.14,FIGN,1989,2294,936,1181,903,1699,1556
ENSG00000182272.12,B4GALNT4,1185,3243,1758,979,4802,1205,1278
ENSG00000182287.15,AP1S2,2239,1121,2867,2148,2734,3186,4040
ENSG00000182307.14,C8orf33,1255,1105,966,1032,1597,1165,1288
ENSG00000182310.16,SPACA6,700,513,285,475,652,481,654
ENSG00000182318.6,ZSCAN22,127,107,100,116,128,70,102
ENSG00000182325.11,FBXL6,288,200,511,294,290,179,196
ENSG00000182326.17,C1S,981,1103,254,290,1679,775,649
ENSG00000182359.15,KBTBD3,110,52,65,64,100,52,36
ENSG00000182362.14,YBEY,173,166,107,133,194,163,117
ENSG00000182372.10,CLN8,2484,949,1674,1629,1489,2032,1716
ENSG00000182379.10,NXPH4,137,49,33,142,864,235,296
ENSG00000182400.15,TRAPPC6B,1102,606,737,949,917,959,874
ENSG00000182405.6,PGBD4,117,81,71,97,128,77,70
ENSG00000182446.15,NPLOC4,7226,4417,4737,6940,8556,5537,5605
ENSG00000182463.17,TSHZ2,13,43,4,10,29,8,43
ENSG00000182472.9,CAPN12,122,21,104,35,28,91,22
ENSG00000182473.22,EXOC7,6950,5101,5170,5372,7000,5488,4921
ENSG00000182481.10,KPNA2,5633,9025,7959,8760,7411,3882,4112
ENSG00000182492.16,BGN,9001,27674,4713,15073,52805,19988,18284
ENSG00000182504.12,CEP97,435,661,362,424,768,440,410
ENSG00000182511.12,FES,95,259,200,184,157,68,136
ENSG00000182512.5,GLRX5,1170,976,929,1009,1571,956,1081
ENSG00000182518.14,FAM104B,173,168,135,140,290,204,218
ENSG00000182534.14,MXRA7,10142,2121,8879,5324,3543,6517,5930
ENSG00000182541.18,LIMK2,10375,1632,3713,5173,4149,6346,7068
ENSG00000182544.9,MFSD5,742,522,847,568,677,650,525
ENSG00000182551.14,ADI1,2294,1049,1485,1658,1647,1892,1685
ENSG00000182552.15,RWDD4,455,296,339,452,629,464,396
ENSG00000182568.18,SATB1,697,918,212,311,3258,485,653
ENSG00000182575.8,NXPH3,13,34,3,5,53,20,8
ENSG00000182578.14,CSF1R,26,9,14,36,21,16,27
ENSG00000182580.3,EPHB3,344,1537,79,314,4061,390,361
ENSG00000182585.10,EPGN,5,65,2,0,231,1,0
ENSG00000182600.10,SNORC,32,12,35,32,30,13,24
ENSG00000182601.7,HS3ST4,22,14,4,8,60,41,57
ENSG00000182606.17,TRAK1,2607,1873,1556,1890,2624,1675,2311
ENSG00000182612.11,TSPAN10,102,52,72,16,109,80,116
ENSG00000182621.19,PLCB1,432,167,201,323,282,642,518
ENSG00000182628.13,SKA2,1214,1378,853,1247,1493,756,882
ENSG00000182636.8,NDN,2015,3817,1915,1583,5353,1868,1768
ENSG00000182648.15,RNF32-DT,182,201,98,93,410,198,106
ENSG00000182667.15,NTM,8877,1927,6878,5565,5441,8095,5256
ENSG00000182670.14,TTC3,18303,12006,7908,11056,20695,15442,10784
ENSG00000182674.6,KCNB2,35,93,65,84,48,57,24
ENSG00000182685.8,BRICD5,68,69,171,78,111,28,61
ENSG00000182700.5,IGIP,66,39,97,52,47,77,30
ENSG00000182704.8,TSKU,2930,1919,2095,1713,4264,2607,2643
ENSG00000182718.18,ANXA2,54332,36275,56109,53609,38316,44261,44800
ENSG00000182749.6,PAQR7,591,560,763,528,584,562,426
ENSG00000182752.10,PAPPA,25497,8024,31630,21711,8256,37292,33055
ENSG00000182759.4,MAFA,41,17,9,13,43,22,20
ENSG00000182768.9,NGRN,1195,819,935,905,1419,1315,1447
ENSG00000182771.19,GRID1,22,30,32,18,109,35,97
ENSG00000182796.16,TMEM198B,478,593,355,383,774,280,368
ENSG00000182809.11,CRIP2,973,1367,1078,1557,2552,775,1440
ENSG00000182810.7,DDX28,252,258,230,201,302,174,149
ENSG00000182827.9,ACBD3,3265,1672,1775,2536,2787,3177,2691
ENSG00000182831.12,HAPSTR1,2881,1538,1863,2465,2947,2872,2647
ENSG00000182836.11,PLCXD3,18,9,28,12,10,54,223
ENSG00000182858.14,ALG12,1185,755,1030,854,1224,876,914
ENSG00000182871.16,COL18A1,130587,41693,99984,77167,71147,105493,95733
ENSG00000182872.16,RBM10,1996,1950,1664,1876,2813,1424,1759
ENSG00000182873.5,PRKCZ-AS1,71,66,31,55,113,54,28
ENSG00000182890.5,GLUD2,25,23,17,21,53,27,32
ENSG00000182902.14,SLC25A18,52,33,9,27,9,5,5
ENSG00000182903.16,ZNF721,471,315,385,394,452,432,357
ENSG00000182912.6,TSPEAR-AS2,16,45,4,3,72,8,7
ENSG00000182916.8,TCEAL7,684,610,613,434,774,431,538
ENSG00000182919.15,C11orf54,315,236,205,198,335,206,232
ENSG00000182923.20,CEP63,378,324,196,229,360,244,210
ENSG00000182934.12,SRPRA,4240,2712,3791,2986,3461,3586,2761
ENSG00000182944.18,EWSR1,6712,8820,6700,7145,8380,4956,5955
ENSG00000182952.5,HMGN4,2393,1197,1924,2091,1207,1468,1336
ENSG00000182957.16,SPATA13,180,332,135,236,1025,263,291
ENSG00000182963.11,GJC1,1080,2005,1695,1559,2248,853,1203
ENSG00000182973.20,CNOT10,654,703,520,670,953,491,493
ENSG00000182979.18,MTA1,1773,2187,1874,2003,4124,1667,2021
ENSG00000182985.19,CADM1,20284,4431,10607,11585,13140,21325,13871
ENSG00000182986.15,ZNF320,1271,697,762,1363,990,809,646
ENSG00000182993.5,C12orf60,39,14,24,34,31,29,52
ENSG00000183010.17,PYCR1,4854,2900,2339,4090,3861,4091,3157
ENSG00000183011.14,NAA38,1059,898,515,719,960,693,562
ENSG00000183018.9,SPNS2,432,12,1048,319,35,124,90
ENSG00000183020.15,AP2A2,4059,2336,3016,3135,3205,2984,2858
ENSG00000183023.19,SLC8A1,1860,1075,1216,1349,2375,1860,1252
ENSG00000183032.12,SLC25A21,49,24,60,47,27,56,21
ENSG00000183044.12,ABAT,918,182,769,955,1412,1460,1256
ENSG00000183048.12,SLC25A10,58,54,78,67,103,52,56
ENSG00000183049.14,CAMK1D,1235,1344,666,808,1935,1652,594
ENSG00000183060.16,LYSMD4,407,377,344,441,342,319,339
ENSG00000183077.16,AFMID,539,368,423,470,446,413,417
ENSG00000183087.15,GAS6,14716,1675,18808,6241,1694,10996,5013
ENSG00000183091.21,NEB,13,48,39,36,82,39,40
ENSG00000183092.18,BEGAIN,68,284,75,74,687,201,59
ENSG00000183098.12,GPC6,3370,5860,2540,3210,4429,2666,5106
ENSG00000183111.12,ARHGEF37,244,81,81,90,247,98,50
ENSG00000183114.8,FAM43B,79,22,52,48,170,126,120
ENSG00000183117.20,CSMD1,482,354,166,369,765,746,535
ENSG00000183137.16,CEP57L1,494,581,394,555,612,418,352
ENSG00000183150.8,GPR19,24,20,20,30,38,23,71
ENSG00000183155.5,RABIF,751,383,485,509,678,622,563
ENSG00000183160.9,TMEM119,216,5153,28,239,8755,113,309
ENSG00000183161.6,FANCF,383,446,346,323,603,327,269
ENSG00000183166.12,CALN1,0,38,0,1,390,1,0
ENSG00000183172.9,SMDT1,499,267,312,378,341,263,286
ENSG00000183186.8,C2CD4C,225,277,189,192,689,171,197
ENSG00000183196.10,CHST6,199,591,116,290,893,380,191
ENSG00000183207.15,RUVBL2,2013,1508,2332,2519,1844,1557,1651
ENSG00000183208.13,GDPGP1,32,7,28,25,17,25,11
ENSG00000183230.18,CTNNA3,36,77,19,15,95,18,14
ENSG00000183248.12,PRR36,130,86,79,73,181,47,89
ENSG00000183250.13,LINC01547,23,60,4,25,77,23,7
ENSG00000183255.12,PTTG1IP,10637,7952,9392,9855,9777,9899,8701
ENSG00000183258.12,DDX41,1763,1393,1973,1753,1652,1408,1539
ENSG00000183283.16,DAZAP2,3369,2419,3564,2975,2756,2718,2416
ENSG00000183291.18,SELENOF,3234,2109,3143,2591,2690,2465,2126
ENSG00000183307.4,TMEM121B,49,99,54,46,160,87,124
ENSG00000183309.12,ZNF623,983,980,709,1023,1315,787,779
ENSG00000183323.13,CCDC125,150,47,112,108,65,11,63
ENSG00000183337.18,BCOR,1242,1607,698,747,1620,833,883
ENSG00000183340.7,JRKL,530,373,352,471,464,403,285
ENSG00000183354.12,KIAA2026,821,976,500,698,1302,930,816
ENSG00000183378.13,OVCH2,13,8,61,29,26,14,30
ENSG00000183386.10,FHL3,1866,966,1151,1600,2422,1437,2318
ENSG00000183401.12,CCDC159,197,140,96,108,117,81,69
ENSG00000183421.12,RIPK4,4,51,10,23,420,2,4
ENSG00000183426.17,NPIPA1,110,189,220,134,209,106,91
ENSG00000183431.12,SF3A3,2450,2244,2370,2787,2765,1826,1718
ENSG00000183439.10,TRIM61,0,92,72,150,153,3,132
ENSG00000183454.18,GRIN2A,3,2,70,8,197,14,60
ENSG00000183474.16,GTF2H2C,195,148,177,211,144,128,156
ENSG00000183475.13,ASB7,599,475,384,533,663,484,477
ENSG00000183486.14,MX2,4,2,4,11,61,67,21
ENSG00000183495.15,EP400,3337,3827,2353,3279,3808,3744,3141
ENSG00000183496.6,MEX3B,566,927,403,707,2326,656,688
ENSG00000183506.17,PI4KAP2,410,243,396,243,296,128,255
ENSG00000183513.9,COA5,423,389,308,312,624,284,295
ENSG00000183520.12,UTP11,947,711,756,918,935,704,710
ENSG00000183527.12,PSMG1,953,770,718,964,762,648,673
ENSG00000183530.14,PRR14L,1639,1429,1412,1493,1796,1490,1511
ENSG00000183569.18,SERHL2,37,54,18,38,56,23,14
ENSG00000183570.17,PCBP3,59,47,24,51,189,60,45
ENSG00000183576.13,SETD3,2021,1166,1376,1671,1712,1983,1445
ENSG00000183579.16,ZNRF3,584,543,361,387,841,467,304
ENSG00000183580.10,FBXL7,1602,2420,962,1190,3417,1469,1552
ENSG00000183597.16,TANGO2,763,373,545,579,538,604,382
ENSG00000183605.17,SFXN4,325,250,435,310,302,244,181
ENSG00000183615.6,FAM167B,45,20,22,28,12,27,10
ENSG00000183621.15,ZNF438,90,129,46,78,170,67,50
ENSG00000183624.14,HMCES,1012,779,873,1170,814,701,805
ENSG00000183647.11,ZNF530,114,149,98,113,137,59,70
ENSG00000183648.11,NDUFB1,1176,586,574,708,695,550,500
ENSG00000183655.13,KLHL25,314,466,327,383,774,330,322
ENSG00000183665.5,TRMT12,348,215,258,283,341,252,214
ENSG00000183671.13,CMKLR2,122,13,36,34,111,215,63
ENSG00000183682.8,BMP8A,185,0,33,25,18,58,32
ENSG00000183684.8,ALYREF,1110,1131,1364,1436,1436,1012,1112
ENSG00000183688.4,RFLNB,1289,1743,1342,2151,6002,1728,1106
ENSG00000183691.6,NOG,156,48,604,57,1547,418,208
ENSG00000183696.14,UPP1,792,761,702,602,263,357,649
ENSG00000183715.15,OPCML,863,297,84,71,2395,897,350
ENSG00000183718.6,TRIM52,365,360,340,347,387,234,220
ENSG00000183722.9,LHFPL6,1179,848,1600,824,1095,1016,1903
ENSG00000183723.13,CMTM4,1377,1281,965,813,1879,1257,940
ENSG00000183726.11,TMEM50A,4610,2529,4758,3464,3178,3906,3286
ENSG00000183735.11,TBK1,945,636,681,690,999,835,698
ENSG00000183741.12,CBX6,2985,2283,1838,1941,2891,2278,1626
ENSG00000183747.12,ACSM2A,643,2,16,669,39,118,48
ENSG00000183751.16,TBL3,1005,876,987,1002,1092,750,798
ENSG00000183762.13,KREMEN1,196,1383,216,253,945,195,170
ENSG00000183763.9,TRAIP,96,320,158,195,251,49,72
ENSG00000183765.24,CHEK2,201,416,190,241,306,140,113
ENSG00000183770.7,FOXL2,12,0,89,51,8,72,105
ENSG00000183775.11,KCTD16,125,13,215,79,31,257,84
ENSG00000183778.19,B3GALT5,167,26,477,79,106,451,208
ENSG00000183779.7,ZNF703,692,799,966,575,3251,1146,1893
ENSG00000183780.13,SLC35F3,10,41,15,10,137,28,16
ENSG00000183793.14,NPIPA5,73,45,63,50,61,36,23
ENSG00000183798.5,EMILIN3,19,203,22,20,435,31,42
ENSG00000183801.8,OLFML1,1,509,0,33,226,1,6
ENSG00000183808.12,RBM12B,714,909,521,771,1267,621,548
ENSG00000183814.16,LIN9,159,219,131,183,320,101,121
ENSG00000183826.19,BTBD9,781,770,452,681,883,730,597
ENSG00000183828.15,NUDT14,310,165,266,197,279,180,184
ENSG00000183831.7,ANKRD45,14,31,9,5,40,9,12
ENSG00000183837.10,PNMA3,56,105,60,37,241,87,103
ENSG00000183840.8,GPR39,109,24,145,74,5,63,52
ENSG00000183850.14,ZNF730,47,101,42,60,152,25,42
ENSG00000183853.18,KIRREL1,15938,16580,13405,16141,17832,14581,20235
ENSG00000183856.11,IQGAP3,253,1752,1258,994,932,113,209
ENSG00000183864.5,TOB2,1681,1757,1493,1582,2719,1721,1978
ENSG00000183873.18,SCN5A,266,58,146,32,54,242,95
ENSG00000183876.9,ARSI,11714,811,10988,2747,265,5126,5177
ENSG00000183878.16,UTY,774,0,2,552,0,0,0
ENSG00000183889.12,NPIPA9,15,29,26,12,27,13,6
ENSG00000183891.6,TTC32,61,85,29,50,116,34,51
ENSG00000183943.6,PRKX,686,879,924,651,1340,1261,1059
ENSG00000183955.14,KMT5A,1304,941,1403,1402,1444,1281,1294
ENSG00000183963.19,SMTN,2126,1201,3590,3288,2571,2984,1502
ENSG00000183971.10,NPW,22,53,35,13,90,29,44
ENSG00000183978.8,COA3,768,443,482,497,656,383,365
ENSG00000183979.8,NPB,40,12,21,18,35,16,15
ENSG00000184005.12,ST6GALNAC3,207,578,196,214,1096,205,288
ENSG00000184007.22,PTP4A2,4176,3247,2957,3993,3897,3809,3563
ENSG00000184009.13,ACTG1,187966,143440,177890,206418,128253,124186,140710
ENSG00000184014.9,DENND5A,6050,4531,4767,5722,4767,4639,6670
ENSG00000184047.20,DIABLO,171,45,108,111,100,88,86
ENSG00000184056.15,VPS33B,91,67,110,70,67,66,50
ENSG00000184058.16,TBX1,38,21,90,197,57,210,20
ENSG00000184060.11,ADAP2,29,56,90,80,55,37,42
ENSG00000184076.13,UQCR10,1972,1026,1522,1408,1407,1480,1403
ENSG00000184083.12,FAM120C,125,288,122,152,287,162,136
ENSG00000184110.15,EIF3C,381,359,326,349,289,303,230
ENSG00000184117.12,NIPSNAP1,4309,3315,2835,3204,3853,3301,2555
ENSG00000184154.16,LRRC51,36,43,36,40,46,34,41
ENSG00000184156.18,KCNQ3,26,14,95,65,252,40,127
ENSG00000184160.8,ADRA2C,32,35,45,25,82,88,95
ENSG00000184162.15,NR2C2AP,116,127,182,130,79,52,65
ENSG00000184163.3,C1QTNF12,72,17,72,41,62,69,36
ENSG00000184164.15,CRELD2,1132,754,1338,1026,2109,1127,1020
ENSG00000184178.17,SCFD2,444,320,554,527,371,682,485
ENSG00000184182.19,UBE2F,345,235,263,276,346,258,215
ENSG00000184185.10,KCNJ12,72,277,42,82,121,58,47
ENSG00000184194.6,GPR173,591,493,563,428,345,250,339
ENSG00000184203.8,PPP1R2,1311,658,838,903,973,1118,903
ENSG00000184205.14,TSPYL2,848,559,916,1104,1017,656,918
ENSG00000184207.9,PGP,1029,743,1069,1102,1182,818,988
ENSG00000184208.12,C22orf46P,475,447,275,316,607,340,228
ENSG00000184209.15,SNRNP35,336,343,311,292,351,275,230
ENSG00000184216.15,IRAK1,3669,1301,3150,2672,3086,4116,3093
ENSG00000184220.12,CMSS1,234,303,166,398,529,149,196
ENSG00000184226.15,PCDH9,437,3879,210,540,5214,722,456
ENSG00000184227.8,ACOT1,237,70,85,94,166,51,56
ENSG00000184232.9,OAF,466,2316,354,488,6333,476,425
ENSG00000184254.17,ALDH1A3,4,30,13,8,141,18,52
ENSG00000184271.18,POU6F1,120,237,114,91,350,86,94
ENSG00000184277.13,TM2D3,854,765,1131,836,987,667,570
ENSG00000184281.15,TSSC4,1149,651,1058,1033,1008,800,833
ENSG00000184304.17,PRKD1,314,310,308,237,417,296,265
ENSG00000184307.17,ZDHHC23,39,3,30,9,34,33,3
ENSG00000184347.16,SLIT3,2496,13903,1592,914,5922,4375,2595
ENSG00000184349.14,EFNA5,1384,2544,1456,1330,2039,1244,1606
ENSG00000184368.16,MAP7D2,32,8,33,42,28,58,40
ENSG00000184371.14,CSF1,681,1150,647,485,618,482,546
ENSG00000184378.3,ACTRT3,169,147,161,215,247,185,201
ENSG00000184381.20,PLA2G6,189,247,195,159,325,91,149
ENSG00000184384.15,MAML2,1409,1515,795,1412,1632,1441,1774
ENSG00000184402.15,SS18L1,782,785,597,705,1125,518,528
ENSG00000184428.13,TOP1MT,334,342,384,345,453,298,232
ENSG00000184432.11,COPB2,12913,8321,6850,10834,9785,10828,8606
ENSG00000184436.12,THAP7,493,343,314,311,571,325,360
ENSG00000184441.4,ENSG00000184441,137,131,122,100,213,159,101
ENSG00000184445.12,KNTC1,476,1615,583,757,1028,402,351
ENSG00000184465.16,WDR27,373,661,472,517,677,291,328
ENSG00000184470.21,TXNRD2,524,149,619,566,142,236,390
ENSG00000184481.17,FOXO4,551,395,211,327,609,413,432
ENSG00000184486.10,POU3F2,28,15,13,204,154,113,80
ENSG00000184489.13,PTP4A3,331,278,228,194,422,220,236
ENSG00000184497.13,TMEM255B,63,50,142,40,40,132,118
ENSG00000184500.16,PROS1,3751,4269,2846,1200,2605,2148,2416
ENSG00000184508.12,HDDC3,256,151,209,213,220,180,162
ENSG00000184515.11,BEX5,4,11,3,7,43,39,7
ENSG00000184517.12,ZFP1,293,371,229,282,644,268,261
ENSG00000184545.11,DUSP8,502,105,686,453,285,611,394
ENSG00000184557.4,SOCS3,470,3151,207,386,1660,340,597
ENSG00000184564.11,SLITRK6,570,245,12,62,1376,294,174
ENSG00000184575.12,XPOT,4098,2389,3136,4184,3989,4075,3521
ENSG00000184584.14,STING1,62,1341,112,401,615,71,88
ENSG00000184588.18,PDE4B,61,189,60,66,2151,89,41
ENSG00000184602.6,SNN,1658,1502,851,1173,1995,824,1110
ENSG00000184611.14,KCNH7,61,85,28,27,5,44,44
ENSG00000184613.11,NELL2,58,966,63,83,808,9,109
ENSG00000184619.8,KRBA2,270,243,140,176,419,125,154
ENSG00000184634.17,MED12,1786,2687,1406,1887,2291,1680,2111
ENSG00000184635.17,ZNF93,273,418,289,544,572,250,343
ENSG00000184640.20,SEPTIN9,8759,9882,7087,7710,10431,7223,7216
ENSG00000184661.14,CDCA2,172,686,288,421,570,95,159
ENSG00000184675.11,AMER1,302,642,195,324,780,295,357
ENSG00000184677.18,ZBTB40,1323,1306,943,1334,1603,929,839
ENSG00000184678.11,H2BC21,347,202,133,168,302,214,261
ENSG00000184697.7,CLDN6,7616,270,12499,6782,551,4127,5123
ENSG00000184702.20,SEPTIN5,24,53,17,43,248,35,65
ENSG00000184708.18,EIF4ENIF1,1008,1033,741,949,1365,876,802
ENSG00000184719.13,RNLS,265,134,112,135,184,229,136
ENSG00000184731.6,FAM110C,44,3,70,21,19,79,37
ENSG00000184743.13,ATL3,1465,1321,2094,1285,1335,1398,1008
ENSG00000184752.14,NDUFA12,1239,660,972,853,1206,1113,1088
ENSG00000184785.6,SMIM10,62,42,38,55,89,67,61
ENSG00000184786.6,DYNLT2,30,38,16,20,50,28,24
ENSG00000184787.19,UBE2G2,1893,1620,1697,1941,2236,1416,1506
ENSG00000184792.16,OSBP2,22,71,43,11,126,27,18
ENSG00000184809.13,B3GALT5-AS1,163,35,308,60,113,349,125
ENSG00000184831.14,APOO,294,240,302,273,336,437,190
ENSG00000184838.15,PRR16,162,26,167,196,150,153,284
ENSG00000184840.12,TMED9,13329,5594,13799,9912,7350,10132,8696
ENSG00000184857.8,TMEM186,265,198,215,199,205,112,143
ENSG00000184860.10,SDR42E1,56,1,61,0,5,147,14
ENSG00000184863.11,RBM33,1331,1348,1061,1311,1873,1200,1200
ENSG00000184867.14,ARMCX2,4673,2867,3146,3609,3925,3247,3569
ENSG00000184887.14,BTBD6,1253,986,1160,1151,1552,1082,825
ENSG00000184897.7,H1-10,1531,2761,1419,1495,6116,1417,1998
ENSG00000184898.7,RBM43,140,513,138,183,440,173,152
ENSG00000184900.16,SUMO3,1916,2138,1260,1829,2948,1835,1754
ENSG00000184903.10,IMMP2L,84,209,127,47,212,63,63
ENSG00000184905.9,TCEAL2,3,21,19,8,201,29,42
ENSG00000184916.9,JAG2,190,228,298,129,195,381,146
ENSG00000184922.15,FMNL1,79,43,81,27,106,59,16
ENSG00000184924.6,PTRHD1,625,341,292,401,492,420,464
ENSG00000184939.16,ZFP90,1487,1312,1252,1142,1847,1167,996
ENSG00000184949.18,FAM227A,200,211,101,203,260,179,93
ENSG00000184967.7,NOC4L,455,343,437,364,595,398,324
ENSG00000184979.11,USP18,44,46,36,186,198,53,21
ENSG00000184983.11,NDUFA6,1354,1088,1097,1196,1461,1011,918
ENSG00000184985.16,SORCS2,877,218,255,192,1040,565,697
ENSG00000184986.12,TMEM121,2,116,35,21,270,15,76
ENSG00000184988.8,TMEM106A,313,154,204,237,225,246,237
ENSG00000184990.13,SIVA1,766,942,748,880,765,416,503
ENSG00000184992.13,BRI3BP,459,511,735,507,396,340,240
ENSG00000185000.12,DGAT1,680,650,648,540,1077,439,443
ENSG00000185008.19,ROBO2,19,254,52,57,877,237,191
ENSG00000185009.13,AP3M1,2707,1983,2173,2436,2923,2403,2256
ENSG00000185010.15,F8,71,63,36,33,99,79,40
ENSG00000185015.8,CA13,89,57,194,95,46,107,127
ENSG00000185019.17,UBOX5,301,292,176,292,386,255,236
ENSG00000185022.12,MAFF,154,73,303,178,72,188,275
ENSG00000185024.18,BRF1,771,922,768,732,1441,831,725
ENSG00000185033.15,SEMA4B,393,612,738,285,658,331,391
ENSG00000185043.13,CIB1,1551,529,1566,1293,824,1516,1273
ENSG00000185046.21,ANKS1B,24,62,19,116,117,59,23
ENSG00000185049.16,NELFA,656,640,614,637,958,519,642
ENSG00000185052.13,SLC24A3,24,36,23,37,132,92,144
ENSG00000185070.12,FLRT2,4496,6256,4674,5383,5185,6203,8018
ENSG00000185085.2,INTS5,633,516,468,527,715,476,486
ENSG00000185090.15,MANEAL,47,17,97,21,57,69,45
ENSG00000185100.12,ADSS1,97,189,68,69,169,98,52
ENSG00000185101.13,ANO9,46,1,91,58,4,6,14
ENSG00000185104.21,FAF1,963,681,683,845,884,686,559
ENSG00000185112.6,FAM43A,209,34,117,161,708,370,521
ENSG00000185115.6,NSMCE3,750,518,772,569,1185,736,615
ENSG00000185122.11,HSF1,2338,1410,2123,1965,2641,2320,2292
ENSG00000185127.7,C6orf120,1866,1883,1767,1101,2728,1803,1580
ENSG00000185129.8,PURA,420,307,320,408,625,645,541
ENSG00000185133.14,INPP5J,208,177,235,174,238,148,147
ENSG00000185158.13,LRRC37B,191,196,153,139,287,125,154
ENSG00000185163.10,DDX51,711,414,688,441,501,290,477
ENSG00000185164.15,NOMO2,1974,472,534,1244,757,2098,625
ENSG00000185187.13,SIGIRR,99,195,134,85,237,104,55
ENSG00000185189.18,NRBP2,1793,702,2225,1530,1331,1192,971
ENSG00000185201.18,IFITM2,427,2702,531,518,1532,909,610
ENSG00000185215.11,TNFAIP2,733,286,1384,1021,1353,335,475
ENSG00000185219.18,ZNF445,1283,1621,727,1120,2053,957,1007
ENSG00000185220.12,PGBD2,155,187,142,153,263,124,101
ENSG00000185222.10,TCEAL9,3915,2677,2263,2673,3576,2772,2679
ENSG00000185236.12,RAB11B,3521,2682,2447,2270,4215,3273,3301
ENSG00000185238.13,PRMT3,429,322,355,346,435,350,271
ENSG00000185246.18,PRPF39,878,1022,1074,929,1122,648,554
ENSG00000185252.19,ZNF74,640,803,516,537,1677,473,448
ENSG00000185261.16,KIAA0825,69,122,57,24,140,55,57
ENSG00000185262.9,UBALD2,578,366,461,416,834,962,755
ENSG00000185269.12,NOTUM,138,44,37,68,633,32,9
ENSG00000185274.13,GALNT17,585,912,416,492,599,388,816
ENSG00000185278.16,ZBTB37,408,655,243,378,800,431,440
ENSG00000185298.13,CCDC137,883,619,1379,931,932,862,994
ENSG00000185305.12,ARL15,796,383,352,454,899,703,691
ENSG00000185324.22,CDK10,981,1145,1532,962,1438,594,767
ENSG00000185338.7,SOCS1,73,154,88,64,307,148,163
ENSG00000185339.10,TCN2,534,603,377,182,335,107,99
ENSG00000185340.16,GAS2L1,1240,783,1140,895,1792,1443,1194
ENSG00000185344.15,ATP6V0A2,869,843,906,803,1020,679,624
ENSG00000185345.25,PRKN,74,78,24,37,217,54,42
ENSG00000185347.19,TEDC1,84,214,249,168,252,67,115
ENSG00000185359.14,HGS,3000,2279,4182,3346,3282,3180,3832
ENSG00000185361.9,TNFAIP8L1,212,590,359,266,416,235,137
ENSG00000185379.21,RAD51D,457,305,464,396,353,363,315
ENSG00000185386.15,MAPK11,243,322,1106,395,398,368,360
ENSG00000185404.17,SP140L,395,294,390,514,121,212,226
ENSG00000185418.16,TARS3,876,355,510,908,498,894,739
ENSG00000185420.19,SMYD3,2384,477,403,949,1692,1335,1074
ENSG00000185432.12,METTL7A,39,107,14,19,49,3,31
ENSG00000185442.13,FAM174B,169,49,198,105,168,231,195
ENSG00000185453.13,ZSWIM9,396,371,316,278,495,264,231
ENSG00000185475.11,TMEM179B,1066,416,932,746,592,773,694
ENSG00000185477.5,GPRIN3,371,51,32,40,451,404,174
ENSG00000185480.12,PARPBP,224,396,268,369,305,151,226
ENSG00000185482.8,STAC3,10,34,8,8,37,4,12
ENSG00000185483.13,ROR1,849,1838,716,653,921,1284,1007
ENSG00000185499.17,MUC1,248,197,288,300,272,141,223
ENSG00000185504.17,FAAP100,2673,1655,1713,2185,2389,1548,1441
ENSG00000185507.21,IRF7,360,185,270,691,1081,259,237
ENSG00000185513.18,L3MBTL1,189,180,239,181,155,116,114
ENSG00000185515.16,BRCC3,749,471,651,678,647,694,580
ENSG00000185522.9,LMNTD2,83,54,68,29,66,60,24
ENSG00000185532.20,PRKG1,166,691,48,263,2873,240,321
ENSG00000185551.15,NR2F2,8488,6339,6005,3898,4281,6541,5229
ENSG00000185559.16,DLK1,436,249,44,85,486,197,70
ENSG00000185561.10,TLCD2,682,284,182,213,533,402,321
ENSG00000185565.13,LSAMP,226,684,471,205,2489,429,449
ENSG00000185567.7,AHNAK2,3919,755,5892,4425,1131,8675,3802
ENSG00000185585.20,OLFML2A,12532,6612,7094,3901,7304,9631,7333
ENSG00000185591.10,SP1,2273,3065,1526,2057,3115,1966,1963
ENSG00000185614.7,INKA1,15,316,24,29,584,8,17
ENSG00000185619.19,PCGF3,2678,2562,2031,2248,3747,2090,2200
ENSG00000185621.11,LMLN,346,375,342,335,465,366,306
ENSG00000185624.16,P4HB,45072,18568,36942,35565,25771,39148,24426
ENSG00000185627.19,PSMD13,3184,2270,3220,3473,2511,2255,2064
ENSG00000185630.20,PBX1,2120,4370,1144,1545,6547,1917,1978
ENSG00000185634.12,SHC4,297,11,72,458,144,362,320
ENSG00000185650.10,ZFP36L1,4777,5309,4405,3700,11726,6478,6228
ENSG00000185651.16,UBE2L3,3313,2469,2631,2909,3304,3051,3045
ENSG00000185652.12,NTF3,38,83,250,8,238,86,45
ENSG00000185658.14,BRWD1,1493,1385,881,1182,1603,1393,1114
ENSG00000185664.15,PMEL,87,228,53,110,332,28,96
ENSG00000185668.8,POU3F1,58,161,23,51,181,114,121
ENSG00000185670.9,ZBTB3,104,75,74,79,130,55,67
ENSG00000185697.17,MYBL1,1191,828,1707,670,315,1175,454
ENSG00000185716.12,MOSMO,378,323,238,272,479,254,278
ENSG00000185721.13,DRG1,1491,949,1280,1522,1181,961,915
ENSG00000185722.18,ANKFY1,2365,2978,2112,2478,3606,2351,2185
ENSG00000185728.17,YTHDF3,3693,2450,2280,2875,4030,2987,2834
ENSG00000185730.8,ZNF696,293,285,201,236,416,240,229
ENSG00000185736.16,ADARB2,67,119,4,106,225,49,59
ENSG00000185737.13,NRG3,101,106,217,146,81,249,295
ENSG00000185742.7,C11orf87,29,326,23,6,37,14,12
ENSG00000185745.10,IFIT1,431,581,212,2305,2168,253,215
ENSG00000185753.13,CXorf38,581,492,425,523,445,422,611
ENSG00000185760.18,KCNQ5,25,98,29,50,319,19,73
ENSG00000185761.11,ADAMTSL5,111,11,193,90,31,150,111
ENSG00000185774.17,KCNIP4,327,41,49,104,678,221,172
ENSG00000185787.15,MORF4L1,10522,8135,7354,9193,9598,7451,6970
ENSG00000185798.8,WDR53,214,130,145,188,228,134,123
ENSG00000185800.12,DMWD,1257,1204,779,1156,2468,1394,1524
ENSG00000185803.12,SLC52A2,2564,921,3085,1940,1407,2122,1852
ENSG00000185808.14,PIGP,404,201,246,302,386,273,255
ENSG00000185811.21,IKZF1,15,15,14,23,36,17,34
ENSG00000185813.11,PCYT2,1633,714,1357,1704,1227,1010,1132
ENSG00000185818.8,NAT8L,124,25,255,68,161,84,73
ENSG00000185825.17,BCAP31,5864,2347,6900,5080,2574,3850,3380
ENSG00000185829.19,ARL17A,109,51,49,56,60,41,48
ENSG00000185838.14,GNB1L,155,128,98,164,176,115,106
ENSG00000185842.16,DNAH14,336,172,214,188,253,220,216
ENSG00000185864.19,NPIPB4,36,39,49,102,28,20,30
ENSG00000185869.15,ZNF829,122,115,71,98,140,114,86
ENSG00000185875.13,THNSL1,87,120,61,99,196,53,78
ENSG00000185880.13,TRIM69,319,644,339,641,817,273,317
ENSG00000185883.12,ATP6V0C,454,122,346,301,327,396,315
ENSG00000185885.17,IFITM1,222,3305,195,793,2207,143,228
ENSG00000185896.11,LAMP1,12078,9702,12897,9661,12610,10748,8782
ENSG00000185900.11,POMK,1174,960,1753,1336,1181,935,891
ENSG00000185909.15,KLHDC8B,723,577,426,737,1108,480,897
ENSG00000185917.14,SETD4,365,351,426,363,438,319,266
ENSG00000185920.19,PTCH1,438,321,380,512,725,442,580
ENSG00000185924.7,RTN4RL1,220,48,33,67,183,139,67
ENSG00000185942.13,NKAIN3,272,492,48,128,772,236,242
ENSG00000185946.16,RNPC3,306,252,212,274,342,182,187
ENSG00000185947.15,ZNF267,212,169,297,210,288,308,290
ENSG00000185950.9,IRS2,844,464,515,480,2610,882,1161
ENSG00000185963.14,BICD2,2477,1637,2466,2386,2453,2367,2392
ENSG00000185972.6,CCIN,28,3,32,35,4,39,27
ENSG00000185973.12,TMLHE,201,232,157,167,267,162,131
ENSG00000185985.11,SLITRK2,7,13,10,5,69,17,30
ENSG00000185989.11,RASA3,4289,1883,2518,3024,2481,3581,2863
ENSG00000186001.14,LRCH3,1410,1991,1225,1397,2241,1345,1185
ENSG00000186010.19,NDUFA13,198,135,183,170,210,166,127
ENSG00000186017.16,ZNF566,280,198,176,219,399,233,199
ENSG00000186019.12,ZNF225-AS1,183,150,136,188,269,153,119
ENSG00000186020.13,ZNF529,441,457,304,350,640,369,371
ENSG00000186026.7,ZNF284,77,79,86,84,104,47,35
ENSG00000186047.11,DLEU7,19,42,4,37,54,5,18
ENSG00000186063.13,AIDA,1272,885,955,1328,1351,1306,1114
ENSG00000186073.14,CDIN1,457,251,400,303,380,340,320
ENSG00000186088.16,GSAP,150,4,114,23,5,58,27
ENSG00000186104.11,CYP2R1,404,231,392,303,419,293,303
ENSG00000186106.11,ANKRD46,660,410,545,474,579,538,419
ENSG00000186111.11,PIP5K1C,7065,3036,4105,3707,5064,6022,3752
ENSG00000186130.5,ZBTB6,438,500,311,401,673,400,379
ENSG00000186132.15,C2orf76,134,90,103,92,180,98,116
ENSG00000186141.10,POLR3C,1086,784,840,856,1091,890,909
ENSG00000186153.19,WWOX,238,253,142,142,316,124,159
ENSG00000186166.9,CENATAC,233,138,368,220,222,112,151
ENSG00000186174.13,BCL9L,7709,4923,5750,5747,8301,8378,10149
ENSG00000186184.20,POLR1D,1847,1143,1122,1554,1695,1251,1102
ENSG00000186185.14,KIF18B,167,1032,474,567,785,73,142
ENSG00000186187.12,ZNRF1,478,784,464,513,1541,514,584
ENSG00000186193.9,SAPCD2,58,472,133,204,382,48,60
ENSG00000186197.15,EDARADD,29,19,31,31,10,21,18
ENSG00000186205.14,MTARC1,88,86,105,97,137,51,58
ENSG00000186212.4,SOWAHB,486,89,305,715,220,584,72
ENSG00000186222.5,BLOC1S4,464,344,336,339,528,421,397
ENSG00000186230.7,ZNF749,161,90,120,146,158,136,120
ENSG00000186235.12,LINC02610,42,8,13,6,34,2,7
ENSG00000186260.17,MRTFB,1226,1264,1062,1039,1741,1721,1296
ENSG00000186272.13,ZNF17,128,115,78,110,148,120,84
ENSG00000186280.7,KDM4D,20,52,15,36,45,19,32
ENSG00000186283.14,TOR3A,685,779,883,759,1136,647,489
ENSG00000186297.12,GABRA5,322,42,468,354,157,575,372
ENSG00000186298.12,PPP1CC,3464,3640,3142,3682,4783,2722,2946
ENSG00000186300.12,ZNF555,211,200,174,191,315,159,123
ENSG00000186310.10,NAP1L3,866,1218,665,696,1929,1821,1230
ENSG00000186314.12,PRELID2,87,132,128,94,107,99,67
ENSG00000186318.18,BACE1,3481,3090,2078,2088,4020,3870,2627
ENSG00000186340.17,THBS2,8137,27723,5543,8430,50529,10994,3934
ENSG00000186350.12,RXRA,958,2739,740,924,2707,657,923
ENSG00000186364.12,NUDT17,95,128,64,94,141,64,70
ENSG00000186376.15,ZNF75D,336,296,270,304,353,254,219
ENSG00000186395.9,KRT10,624,275,347,392,903,758,552
ENSG00000186409.19,CCDC30,84,47,30,41,120,41,31
ENSG00000186416.18,NKRF,428,291,361,412,489,384,401
ENSG00000186432.10,KPNA4,3192,2105,3055,2928,3100,3694,3494
ENSG00000186446.12,ZNF501,24,135,25,52,137,25,25
ENSG00000186448.15,ZNF197,928,931,633,821,1387,731,768
ENSG00000186462.9,NAP1L2,304,132,204,270,218,255,327
ENSG00000186469.9,GNG2,116,189,141,139,846,177,189
ENSG00000186470.14,BTN3A2,231,494,453,241,94,118,127
ENSG00000186472.20,PCLO,134,86,100,70,147,304,149
ENSG00000186479.5,RGS7BP,31,10,9,9,49,8,44
ENSG00000186480.13,INSIG1,1868,1780,2611,3806,3257,1196,2195
ENSG00000186493.14,IRX2-DT,63,11,21,61,132,38,80
ENSG00000186496.12,ZNF396,87,53,49,69,67,44,39
ENSG00000186501.15,TMEM222,1241,747,1464,999,1084,895,1037
ENSG00000186522.15,SEPTIN10,2937,2701,2320,2669,2725,2455,2455
ENSG00000186532.12,SMYD4,373,404,303,412,502,268,259
ENSG00000186566.13,GPATCH8,1794,1883,1289,1747,2579,1901,1846
ENSG00000186567.14,CEACAM19,165,90,243,137,105,95,114
ENSG00000186575.19,NF2,1307,1028,1879,1700,1492,1305,1101
ENSG00000186577.14,SMIM29,455,165,355,261,482,374,373
ENSG00000186591.13,UBE2H,10834,5742,6147,6905,7989,9120,7516
ENSG00000186594.16,MIR22HG,1496,496,1652,1039,1117,1107,1198
ENSG00000186615.12,KTN1-AS1,72,74,29,50,88,31,33
ENSG00000186625.14,KATNA1,344,342,322,282,426,245,165
ENSG00000186635.16,ARAP1,1624,2023,1331,1525,2300,1067,888
ENSG00000186638.17,KIF24,84,318,148,178,259,45,79
ENSG00000186648.15,CARMIL3,15,7,19,22,44,32,20
ENSG00000186654.21,PRR5,313,224,280,311,309,279,402
ENSG00000186660.15,ZFP91,1769,1446,1302,1529,1959,1633,1475
ENSG00000186665.10,C17orf58,141,125,163,156,194,125,147
ENSG00000186666.6,BCDIN3D,94,89,87,100,146,77,105
ENSG00000186684.14,CYP27C1,296,420,239,341,626,394,286
ENSG00000186687.16,LYRM7,529,334,310,357,508,417,395
ENSG00000186716.21,BCR,3237,1691,1697,1737,3180,2142,1913
ENSG00000186765.12,FSCN2,36,24,6,12,31,37,44
ENSG00000186767.7,SPIN4,170,669,135,193,635,144,193
ENSG00000186777.13,ZNF732,16,78,23,37,58,31,13
ENSG00000186787.10,SPIN2B,95,61,49,59,106,54,58
ENSG00000186792.17,HYAL3,157,76,190,158,132,206,135
ENSG00000186806.6,VSIG10L,125,158,111,123,269,136,105
ENSG00000186812.13,ZNF397,379,617,256,297,745,233,204
ENSG00000186814.15,ZSCAN30,553,447,390,415,574,397,322
ENSG00000186815.13,TPCN1,1123,827,552,608,594,844,805
ENSG00000186834.4,HEXIM1,1820,1428,1625,1635,2160,1657,1619
ENSG00000186854.11,TRABD2A,71,27,76,51,19,45,32
ENSG00000186862.20,PDZD7,90,25,45,57,30,74,41
ENSG00000186866.17,POFUT2,4257,2312,3607,3251,3026,3814,3520
ENSG00000186867.11,QRFPR,0,55,0,1,379,0,0
ENSG00000186868.18,MAPT,129,142,31,65,542,100,135
ENSG00000186871.7,ERCC6L,60,267,135,194,223,33,62
ENSG00000186889.10,TMEM17,150,66,144,69,176,152,137
ENSG00000186891.14,TNFRSF18,81,12,106,32,37,30,2
ENSG00000186907.8,RTN4RL2,10,57,2,0,92,13,15
ENSG00000186908.15,ZDHHC17,2398,1944,1792,2109,1872,1552,1248
ENSG00000186918.14,ZNF395,182,693,93,117,598,88,92
ENSG00000186951.17,PPARA,555,463,179,384,397,646,399
ENSG00000186960.14,LINC01551,68,0,47,7,0,16,1
ENSG00000186994.12,KANK3,98,11,36,24,42,64,44
ENSG00000186998.16,EMID1,16,336,19,33,239,34,28
ENSG00000187024.15,PTRH1,156,96,153,120,181,152,119
ENSG00000187049.11,TMEM216,291,282,198,401,387,177,212
ENSG00000187068.3,C3orf70,187,371,77,171,1088,255,191
ENSG00000187079.20,TEAD1,5725,4811,3695,6105,6298,5793,5207
ENSG00000187091.14,PLCD1,470,490,485,560,484,422,460
ENSG00000187097.13,ENTPD5,1059,608,511,592,793,797,551
ENSG00000187098.18,MITF,283,94,316,176,244,280,127
ENSG00000187109.15,NAP1L1,22293,17118,11000,19988,19200,13077,11551
ENSG00000187118.14,CMC1,240,93,177,160,210,145,152
ENSG00000187122.17,SLIT1,7,217,1,7,130,2,3
ENSG00000187123.15,LYPD6,265,462,225,139,302,70,397
ENSG00000187134.14,AKR1C1,127,34,25,66,76,66,41
ENSG00000187147.19,RNF220,1249,1237,1084,1176,1510,1001,1058
ENSG00000187164.20,SHTN1,2549,494,2270,1394,829,1957,1654
ENSG00000187185.4,ENSG00000187185,236,27,69,129,24,111,46
ENSG00000187187.14,ZNF546,56,107,80,46,156,32,41
ENSG00000187189.11,TSPYL4,1596,1912,886,1661,2903,1269,1561
ENSG00000187193.9,MT1X,25,8,43,36,12,43,37
ENSG00000187210.14,GCNT1,255,218,576,334,563,455,305
ENSG00000187231.14,SESTD1,973,2476,456,916,2799,859,667
ENSG00000187239.19,FNBP1,1855,1900,1675,1649,2086,1783,2257
ENSG00000187240.17,DYNC2H1,639,918,627,720,558,591,530
ENSG00000187244.12,BCAM,274,287,319,156,287,172,322
ENSG00000187257.16,RSBN1L,475,598,385,544,815,425,497
ENSG00000187260.16,WDR86,31,212,31,38,277,22,59
ENSG00000187266.14,EPOR,172,258,136,120,126,104,98
ENSG00000187323.13,DCC,17,153,7,15,64,15,141
ENSG00000187325.5,TAF9B,852,663,536,565,656,624,561
ENSG00000187372.11,PCDHB13,218,133,88,185,213,322,147
ENSG00000187391.23,MAGI2,237,285,102,154,702,252,279
ENSG00000187398.12,LUZP2,394,773,88,133,752,212,180
ENSG00000187446.12,CHP1,3165,1523,1828,2009,2052,2409,2248
ENSG00000187479.9,C11orf96,54,10,12,23,149,36,56
ENSG00000187498.16,COL4A1,313574,101435,233950,259662,172251,373119,229821
ENSG00000187514.17,PTMA,11133,17508,11404,11971,27703,8667,8498
ENSG00000187522.16,HSPA14,274,235,339,273,297,239,243
ENSG00000187531.14,SIRT7,530,229,666,542,335,281,287
ENSG00000187535.14,IFT140,689,1176,485,606,1663,583,616
ENSG00000187550.9,SBK2,286,8,195,195,75,90,64
ENSG00000187555.17,USP7,2711,2732,2508,3019,4416,2837,2658
ENSG00000187556.8,NANOS3,44,16,12,23,79,20,25
ENSG00000187566.6,NHLRC1,36,33,22,17,71,33,24
ENSG00000187583.11,PLEKHN1,58,16,84,83,8,109,32
ENSG00000187601.5,MAGEH1,1011,1129,887,552,1436,824,840
ENSG00000187605.16,TET3,1230,1989,627,1488,3641,1775,2698
ENSG00000187607.16,ZNF286A,410,402,429,415,638,352,403
ENSG00000187608.10,ISG15,822,420,817,3654,3878,729,277
ENSG00000187609.16,EXD3,257,294,183,117,353,148,148
ENSG00000187616.5,MYMK,40,7,0,5,486,5,2
ENSG00000187624.9,C17orf97,125,79,102,34,221,122,165
ENSG00000187626.9,ZKSCAN4,242,233,182,175,339,136,166
ENSG00000187630.18,DHRS4L2,257,207,105,199,205,184,47
ENSG00000187634.13,SAMD11,478,2409,18,106,2534,172,53
ENSG00000187650.4,VMAC,144,81,56,87,123,76,53
ENSG00000187672.15,ERC2,195,31,119,101,121,111,89
ENSG00000187676.8,B3GLCT,962,1283,781,801,1106,717,841
ENSG00000187678.10,SPRY4,680,74,588,537,604,985,864
ENSG00000187688.15,TRPV2,197,57,60,86,68,377,43
ENSG00000187689.10,AMTN,1,0,7,241,122,1,26
ENSG00000187713.7,TMEM203,754,577,601,536,976,602,507
ENSG00000187714.7,SLC18A3,2511,12,961,551,102,1624,932
ENSG00000187720.15,THSD4,53,56,193,73,44,126,168
ENSG00000187735.16,TCEA1,2152,1386,1523,1876,1928,1596,1352
ENSG00000187736.14,NHEJ1,108,142,142,130,164,128,152
ENSG00000187741.16,FANCA,273,916,643,460,626,108,214
ENSG00000187742.15,SECISBP2,702,828,649,741,907,741,621
ENSG00000187764.12,SEMA4D,600,398,157,135,338,153,68
ENSG00000187772.8,LIN28B,1550,1184,1088,1387,1106,1049,1528
ENSG00000187778.14,MCRS1,1701,1364,1433,1593,1479,1102,1191
ENSG00000187790.12,FANCM,229,323,233,302,419,187,243
ENSG00000187792.5,ZNF70,401,428,168,372,557,248,234
ENSG00000187800.14,PEAR1,888,5578,3296,1690,821,1438,1989
ENSG00000187801.15,ZFP69B,121,141,62,102,228,140,102
ENSG00000187815.10,ZFP69,101,121,70,102,191,83,69
ENSG00000187824.9,TMEM220,51,26,40,55,36,37,47
ENSG00000187837.4,H1-2,554,141,97,207,196,327,241
ENSG00000187838.17,PLSCR3,35,21,24,41,47,43,31
ENSG00000187840.5,EIF4EBP1,999,667,902,1281,1115,1061,1390
ENSG00000187860.11,CCDC157,131,122,119,119,216,121,124
ENSG00000187866.10,PABIR1,549,435,364,404,749,477,483
ENSG00000187867.10,PALM3,94,478,56,199,1332,133,137
ENSG00000187889.13,FYB2,17,2,4,37,80,7,36
ENSG00000187942.12,LDLRAD2,37,23,139,53,33,46,26
ENSG00000187954.14,ZFTRAF1,707,552,686,704,1036,574,668
ENSG00000187955.13,COL14A1,461,1951,90,143,1303,126,507
ENSG00000187957.8,DNER,54,107,53,31,95,89,53
ENSG00000187961.15,KLHL17,531,681,566,519,900,246,298
ENSG00000187987.10,ZSCAN23,61,78,29,46,82,39,69
ENSG00000187994.14,RINL,64,41,35,27,35,36,32
ENSG00000188010.16,MORN2,284,163,150,194,430,229,191
ENSG00000188015.10,S100A3,161,21,168,473,27,61,272
ENSG00000188021.9,UBQLN2,2338,1949,2123,1810,2816,2404,2428
ENSG00000188026.13,RILPL1,904,606,690,681,848,737,639
ENSG00000188033.10,ZNF490,84,44,62,54,119,58,52
ENSG00000188042.8,ARL4C,6684,1237,5301,5178,2543,8092,6287
ENSG00000188060.8,RAB42,107,129,34,84,159,64,61
ENSG00000188064.10,WNT7B,84,14,170,133,57,210,176
ENSG00000188070.9,ZFTA,2084,2215,1147,1300,3541,1454,1527
ENSG00000188092.15,GPR89B,110,71,127,104,82,74,75
ENSG00000188112.10,C6orf132,409,200,951,477,74,931,583
ENSG00000188130.14,MAPK12,518,526,1822,780,286,379,698
ENSG00000188133.6,TMEM215,20,19,0,5,10,136,57
ENSG00000188153.14,COL4A5,4978,6013,3144,3411,5441,9241,3284
ENSG00000188157.15,AGRN,29107,15848,35797,25646,34110,32237,23057
ENSG00000188158.17,NHS,64,310,116,100,128,469,112
ENSG00000188167.9,TMPPE,62,81,25,72,49,85,72
ENSG00000188171.17,ZNF626,432,250,256,246,477,339,259
ENSG00000188176.12,SMTNL2,7,207,9,7,81,3,4
ENSG00000188177.15,ZC3H6,242,284,110,145,487,216,144
ENSG00000188185.13,LINC00265,101,228,82,118,188,74,70
ENSG00000188186.11,LAMTOR4,1440,836,1076,794,1076,657,715
ENSG00000188191.16,PRKAR1B,364,840,441,429,1250,366,383
ENSG00000188211.9,NCR3LG1,199,120,115,173,192,180,168
ENSG00000188215.10,DCUN1D3,468,284,467,403,413,525,492
ENSG00000188227.14,ZNF793,501,220,344,357,334,377,287
ENSG00000188229.6,TUBB4B,6157,7742,9493,8936,5681,4079,4854
ENSG00000188234.15,AGAP4,102,100,154,135,132,42,54
ENSG00000188243.14,COMMD6,2223,880,1294,1146,1355,1262,1201
ENSG00000188266.14,HYKK,49,24,20,22,31,33,12
ENSG00000188283.12,ZNF383,211,192,154,168,310,205,176
ENSG00000188290.11,HES4,334,149,622,368,722,412,842
ENSG00000188295.15,ZNF669,136,200,108,182,328,141,123
ENSG00000188312.15,CENPP,100,307,70,68,482,83,87
ENSG00000188313.13,PLSCR1,407,594,359,913,762,314,324
ENSG00000188315.8,C3orf62,89,133,148,103,124,100,79
ENSG00000188321.14,ZNF559,228,257,240,128,288,201,115
ENSG00000188322.8,SBK1,914,1246,306,515,6361,647,1002
ENSG00000188338.15,SLC38A3,76,57,20,28,162,28,36
ENSG00000188342.13,GTF2F2,953,538,1108,934,780,869,669
ENSG00000188343.14,CIBAR1,553,577,486,526,838,442,411
ENSG00000188352.13,FOCAD,3077,1687,1948,2387,1885,2176,2286
ENSG00000188368.11,PRR19,62,62,60,54,85,43,57
ENSG00000188385.13,JAKMIP3,35,25,20,34,73,56,63
ENSG00000188419.14,CHM,1192,1067,709,847,1251,1033,894
ENSG00000188428.20,BLOC1S5,406,314,318,289,441,274,274
ENSG00000188483.8,IER5L,1762,1404,1502,766,1865,1544,1457
ENSG00000188486.4,H2AX,1215,2559,1857,1710,3853,1465,1617
ENSG00000188488.14,SERPINA5,119,160,41,67,110,58,29
ENSG00000188493.15,ACTMAP,341,341,257,284,307,211,275
ENSG00000188501.12,LCTL,354,274,240,282,499,455,295
ENSG00000188517.17,COL25A1,188,4119,788,541,1764,460,465
ENSG00000188522.16,FAM83G,552,262,688,468,302,630,409
ENSG00000188529.15,SRSF10,2946,3080,2721,2899,2972,2016,2013
ENSG00000188542.10,DUSP28,109,71,69,49,110,84,86
ENSG00000188549.13,CCDC9B,567,161,650,490,198,394,89
ENSG00000188554.15,NBR1,3683,2921,2314,2695,4205,2852,2514
ENSG00000188559.16,RALGAPA2,629,489,328,446,792,388,316
ENSG00000188566.15,NDOR1,451,531,608,535,730,313,400
ENSG00000188573.8,FBLL1,102,71,17,14,147,207,38
ENSG00000188582.10,PAQR9,22,8,54,15,17,59,14
ENSG00000188603.22,CLN3,22,15,11,29,36,13,19
ENSG00000188610.12,FAM72B,32,35,50,63,49,25,18
ENSG00000188611.17,ASAH2,44,9,4,33,19,19,6
ENSG00000188612.12,SUMO2,3729,3818,2698,3395,4524,2590,2628
ENSG00000188613.7,NANOS1,244,49,139,83,138,408,258
ENSG00000188624.3,IGFL3,158,1,4,83,9,63,24
ENSG00000188636.4,RTL6,2195,2571,1347,1629,3836,1836,1594
ENSG00000188641.14,DPYD,396,389,263,283,215,271,134
ENSG00000188643.11,S100A16,4819,315,6386,3852,960,6113,5804
ENSG00000188647.13,PTAR1,2793,1507,2145,3053,1833,3133,2155
ENSG00000188659.10,SAXO2,6,68,53,8,159,70,63
ENSG00000188662.8,H1-9P,58,10,28,49,65,27,17
ENSG00000188677.15,PARVB,482,466,538,636,531,609,643
ENSG00000188690.15,UROS,1900,928,1090,1207,1770,1208,1394
ENSG00000188706.13,ZDHHC9,3693,1740,2769,2534,2133,3405,2617
ENSG00000188725.8,SMIM15,1348,880,1091,1281,1404,1483,1054
ENSG00000188732.11,FAM221A,89,38,132,88,64,51,42
ENSG00000188735.13,TMEM120B,1592,653,1399,997,640,1233,762
ENSG00000188738.16,FSIP2,114,75,55,45,169,77,39
ENSG00000188739.15,RBM34,34,24,45,26,29,27,19
ENSG00000188747.9,NOXA1,75,27,47,13,53,17,15
ENSG00000188760.11,TMEM198,128,107,168,107,116,122,100
ENSG00000188763.5,FZD9,154,78,119,100,170,101,110
ENSG00000188766.13,SPRED3,516,75,658,270,373,972,682
ENSG00000188783.6,PRELP,85,202,9,7,247,29,25
ENSG00000188785.12,ZNF548,313,336,212,216,470,217,185
ENSG00000188786.10,MTF1,490,388,355,509,502,555,429
ENSG00000188803.15,SHISA6,2,5,4,4,129,1,27
ENSG00000188807.13,TMEM201,519,701,609,612,958,377,609
ENSG00000188811.14,NHLRC3,700,733,592,479,542,352,229
ENSG00000188818.13,ZDHHC11,73,40,124,106,79,80,95
ENSG00000188825.16,LINC00910,15,29,52,11,23,38,43
ENSG00000188827.12,SLX4,576,513,501,506,734,525,519
ENSG00000188868.14,ZNF563,55,15,20,31,35,25,22
ENSG00000188869.13,TMC3,127,1,57,21,4,28,85
ENSG00000188878.20,FBF1,61,111,132,67,184,64,35
ENSG00000188895.12,MSL1,3570,3443,2978,3121,5988,3080,3144
ENSG00000188916.9,INSYN2A,5,26,8,11,253,11,8
ENSG00000188917.15,TRMT2B,498,202,318,276,325,224,229
ENSG00000188921.14,HACD4,195,331,189,234,246,238,149
ENSG00000188938.17,FAM120AOS,1161,682,735,865,1231,866,840
ENSG00000188976.11,NOC2L,2411,1737,2606,2617,2264,2057,2109
ENSG00000188986.9,NELFB,1948,1722,1826,1918,2324,1500,1674
ENSG00000188993.4,LRRC66,26,23,30,19,37,14,24
ENSG00000188994.14,ZNF292,972,1508,684,873,1886,969,962
ENSG00000188997.8,KCTD21,994,524,688,714,687,870,820
ENSG00000189007.16,ADAT2,189,138,359,231,127,94,127
ENSG00000189042.14,ZNF567,251,218,162,204,300,198,155
ENSG00000189043.10,NDUFA4,3646,2274,2476,2517,2389,2200,2246
ENSG00000189046.11,ALKBH2,169,146,171,161,232,106,134
ENSG00000189050.16,RNFT1,319,345,258,261,447,234,254
ENSG00000189052.7,CGB5,65,0,23,140,3,20,18
ENSG00000189056.15,RELN,50,26,134,76,317,64,409
ENSG00000189057.11,FAM111B,102,261,86,161,405,27,28
ENSG00000189060.6,H1-0,1414,2436,804,1441,5378,988,949
ENSG00000189067.14,LITAF,2544,3645,2061,2395,4766,1340,2273
ENSG00000189077.11,TMEM120A,1004,301,1124,804,493,713,584
ENSG00000189079.18,ARID2,1305,1832,639,1150,2454,1091,1184
ENSG00000189091.13,SF3B3,3948,4891,3521,4609,4810,3027,3205
ENSG00000189114.8,BLOC1S3,297,252,290,295,389,305,321
ENSG00000189120.5,SP6,29,37,41,13,34,79,31
ENSG00000189129.14,PLAC9,2,104,5,8,76,2,9
ENSG00000189143.10,CLDN4,122,2,163,117,12,129,103
ENSG00000189144.15,ZNF573,50,40,19,40,55,38,19
ENSG00000189159.16,JPT1,4618,3134,5920,4667,3462,3188,3140
ENSG00000189164.15,ZNF527,176,168,110,150,248,142,116
ENSG00000189171.15,S100A13,1734,682,1158,1449,904,1096,1110
ENSG00000189180.16,ZNF33A,844,996,684,734,971,640,624
ENSG00000189184.12,PCDH18,375,5167,315,723,10102,236,921
ENSG00000189190.11,ZNF600,200,47,124,184,82,123,80
ENSG00000189195.15,BTBD8,100,48,55,40,68,57,58
ENSG00000189221.11,MAOA,325,312,189,234,182,119,113
ENSG00000189223.15,PAX8-AS1,5,49,1067,16,74,5,132
ENSG00000189227.6,C15orf61,152,102,101,81,224,134,110
ENSG00000189229.12,ENSG00000189229,93,125,0,25,174,0,0
ENSG00000189241.8,TSPYL1,3085,2313,2440,2722,4006,3188,2978
ENSG00000189266.13,PNRC2,1518,1406,1598,1852,2015,1168,1280
ENSG00000189283.11,FHIT,92,36,53,43,118,69,66
ENSG00000189292.17,ALKAL2,28,7,138,24,41,28,35
ENSG00000189298.14,ZKSCAN3,261,220,168,292,232,126,141
ENSG00000189306.11,RRP7A,1486,1184,1735,1464,1627,1282,1408
ENSG00000189308.11,LIN54,441,552,250,446,677,459,414
ENSG00000189319.14,FAM53B,603,778,394,424,1118,385,425
ENSG00000189337.17,KAZN,1140,1001,654,865,1346,765,1007
ENSG00000189339.12,SLC35E2B,1113,3419,1438,2103,4490,1727,1563
ENSG00000189362.12,NEMP2,152,149,119,86,214,99,69
ENSG00000189369.9,GSPT2,582,463,470,433,840,431,459
ENSG00000189376.12,C8orf76,103,85,116,85,121,69,80
ENSG00000189403.15,HMGB1,5813,9490,4691,5696,10982,3144,3703
ENSG00000189409.14,MMP23B,182,67,67,92,217,345,242
ENSG00000189410.12,SH2D5,51,7,245,121,9,137,123
ENSG00000189420.9,ZFP92,46,45,72,47,180,55,46
ENSG00000189431.8,RASSF10,120,7,25,35,9,27,7
ENSG00000196072.12,BLOC1S2,2014,495,1193,1621,963,1557,1300
ENSG00000196074.13,SYCP2,22,44,38,51,33,35,21
ENSG00000196081.10,ZNF724,24,37,17,34,69,13,33
ENSG00000196083.11,IL1RAP,381,448,292,252,344,416,504
ENSG00000196090.14,PTPRT,0,57,0,3,95,0,5
ENSG00000196104.11,SPOCK3,235,15,30,4,73,177,48
ENSG00000196109.9,ZNF676,164,32,82,0,81,96,27
ENSG00000196110.8,ZNF699,159,154,103,147,206,158,116
ENSG00000196116.8,TDRD7,570,137,368,312,264,390,317
ENSG00000196118.12,CFAP119,130,113,112,94,146,106,83
ENSG00000196123.13,MATCAP1,642,1063,892,657,1205,429,594
ENSG00000196126.12,HLA-DRB1,28,27,18,17,55,60,21
ENSG00000196139.14,AKR1C3,50,15,11,13,33,15,18
ENSG00000196141.14,SPATS2L,23153,16529,4881,15114,13472,14178,9254
ENSG00000196150.14,ZNF250,272,436,248,247,519,174,239
ENSG00000196151.11,WDSUB1,170,221,131,155,229,128,93
ENSG00000196152.10,ZNF79,220,167,191,222,328,236,136
ENSG00000196154.12,S100A4,2278,779,832,2407,477,494,1662
ENSG00000196155.13,PLEKHG4,112,165,103,75,151,99,46
ENSG00000196159.14,FAT4,1127,5169,712,662,4436,1523,1305
ENSG00000196172.9,ZNF681,120,159,78,83,277,96,129
ENSG00000196177.13,ACADSB,510,389,303,351,724,445,362
ENSG00000196182.11,STK40,2862,2132,1993,2296,3063,2231,2410
ENSG00000196187.12,TMEM63A,835,627,932,734,956,508,465
ENSG00000196189.14,SEMA4A,20,53,26,16,44,29,14
ENSG00000196199.14,MPHOSPH8,1408,1236,1227,1302,1187,927,1008
ENSG00000196204.12,RNF216P1,524,371,467,418,610,499,559
ENSG00000196208.14,GREB1,222,447,150,340,325,182,688
ENSG00000196214.11,ZNF766,423,361,304,356,541,378,333
ENSG00000196220.17,SRGAP3,68,251,42,111,701,81,237
ENSG00000196227.11,FAM217B,1213,897,710,948,1499,1170,1037
ENSG00000196230.14,TUBB,45487,67534,54127,52606,51934,30062,34932
ENSG00000196233.14,LCOR,1872,1173,1351,1543,1192,2140,1880
ENSG00000196235.14,SUPT5H,6991,4244,5469,5924,5300,6197,5127
ENSG00000196236.13,XPNPEP3,493,344,512,490,447,351,385
ENSG00000196247.13,ZNF107,283,303,351,276,460,259,318
ENSG00000196262.15,PPIA,18946,10749,18474,19948,10512,9765,10912
ENSG00000196263.8,ZNF471,280,273,189,225,375,212,185
ENSG00000196267.14,ZNF836,141,94,75,88,180,96,77
ENSG00000196268.12,ZNF493,288,260,173,174,353,183,116
ENSG00000196284.18,SUPT3H,301,322,272,287,282,184,173
ENSG00000196290.17,NIF3L1,501,502,439,455,525,320,306
ENSG00000196295.13,GARS1-DT,383,438,417,339,380,241,194
ENSG00000196296.14,ATP2A1,26,28,94,107,46,21,27
ENSG00000196305.19,IARS1,6275,3980,5550,3300,4884,5936,4452
ENSG00000196313.13,POM121,1319,1317,928,1448,1719,1407,1355
ENSG00000196323.14,ZBTB44,792,1056,518,722,1343,745,686
ENSG00000196337.14,CGB7,120,11,39,107,37,102,32
ENSG00000196338.15,NLGN3,104,151,29,46,357,68,74
ENSG00000196345.13,ZKSCAN7,315,243,148,178,397,159,162
ENSG00000196352.18,CD55,308,191,198,263,443,437,334
ENSG00000196357.12,ZNF565,155,81,75,145,124,109,95
ENSG00000196358.12,NTNG2,12,25,12,4,42,49,31
ENSG00000196363.10,WDR5,1263,1500,1324,1505,1802,1032,948
ENSG00000196365.12,LONP1,3188,2142,2708,2724,2825,2215,1837
ENSG00000196367.15,TRRAP,2423,5367,2096,2861,4507,3070,3134
ENSG00000196368.5,NUDT11,433,460,481,497,799,440,502
ENSG00000196369.12,SRGAP2B,101,246,110,108,318,137,164
ENSG00000196371.4,FUT4,190,271,194,210,322,251,213
ENSG00000196372.13,ASB13,200,339,132,149,416,139,116
ENSG00000196376.11,SLC35F1,38,37,84,78,149,22,52
ENSG00000196378.13,ZNF34,108,137,95,83,121,52,65
ENSG00000196387.10,ZNF140,639,515,493,450,640,575,418
ENSG00000196388.9,INCA1,33,15,48,23,45,20,32
ENSG00000196391.11,ZNF774,84,53,68,43,107,69,35
ENSG00000196396.10,PTPN1,4075,2073,3021,2671,2265,3785,3779
ENSG00000196405.13,EVL,2206,1910,1364,1877,4429,1745,1838
ENSG00000196411.10,EPHB4,3571,5363,3949,3385,6888,3403,3593
ENSG00000196417.13,ZNF765,301,208,187,260,290,215,179
ENSG00000196418.13,ZNF124,192,247,194,175,253,176,168
ENSG00000196419.13,XRCC6,7466,7070,7092,8835,7299,5820,5132
ENSG00000196422.11,PPP1R26,537,680,585,510,748,401,446
ENSG00000196428.13,TSC22D2,1754,2388,1367,1271,2718,1829,1988
ENSG00000196436.9,NPIPB15,75,44,106,126,46,39,60
ENSG00000196437.12,ZNF569,304,267,239,256,342,271,255
ENSG00000196440.12,ARMCX4,866,995,1628,1301,809,1077,901
ENSG00000196449.4,YRDC,496,189,566,552,350,535,485
ENSG00000196453.8,ZNF777,524,535,394,486,948,550,622
ENSG00000196455.8,PIK3R4,850,895,742,895,998,665,730
ENSG00000196456.13,ZNF775,236,192,157,149,459,121,169
ENSG00000196458.11,ZNF605,927,654,528,617,1143,1039,621
ENSG00000196459.15,TRAPPC2,519,333,394,451,481,626,477
ENSG00000196465.11,MYL6B,2393,1926,1450,1588,2670,1189,1329
ENSG00000196466.10,ZNF799,62,33,40,52,49,40,31
ENSG00000196470.12,SIAH1,665,688,424,512,1590,434,526
ENSG00000196476.12,C20orf96,366,408,329,364,509,200,245
ENSG00000196497.17,IPO4,22,9,39,30,18,19,25
ENSG00000196498.15,NCOR2,20512,5689,12112,13615,19084,25298,19190
ENSG00000196503.5,ARL9,38,33,59,26,55,29,21
ENSG00000196504.21,PRPF40A,3300,2892,2784,3403,3945,3194,3044
ENSG00000196505.11,GDAP2,490,276,403,402,472,461,361
ENSG00000196507.11,TCEAL3,684,609,450,426,903,586,475
ENSG00000196510.14,ANAPC7,1499,952,1759,1360,1195,1045,974
ENSG00000196511.15,TPK1,61,42,57,25,52,51,57
ENSG00000196517.13,SLC6A9,514,582,274,745,947,628,642
ENSG00000196526.11,AFAP1,5982,4603,6153,5575,5986,6782,6304
ENSG00000196531.14,NACA,8627,7116,6406,6969,7312,4874,4487
ENSG00000196535.20,MYO18A,1601,2853,1414,1445,2442,1401,1764
ENSG00000196544.8,BORCS6,394,154,374,316,348,338,333
ENSG00000196547.15,MAN2A2,1882,2043,2253,1491,2751,1357,1144
ENSG00000196549.13,MME,219,9769,232,726,1233,245,209
ENSG00000196550.11,FAM72A,19,27,28,23,33,12,15
ENSG00000196557.13,CACNA1H,3728,2124,1845,1657,3100,1959,2335
ENSG00000196562.16,SULF2,4622,11891,6426,5182,9376,7072,5956
ENSG00000196569.14,LAMA2,72,657,60,79,1300,107,75
ENSG00000196576.16,PLXNB2,24052,17517,34500,15872,17186,26570,18517
ENSG00000196581.11,AJAP1,199,69,43,84,581,218,38
ENSG00000196584.4,XRCC2,101,313,140,239,304,63,71
ENSG00000196586.17,MYO6,1959,1745,1776,1663,1549,1738,1094
ENSG00000196588.21,MRTFA,2761,1498,1969,2237,2730,3767,2774
ENSG00000196591.12,HDAC2,6783,6682,5139,5907,8306,4846,4821
ENSG00000196597.13,ZNF782,82,69,64,78,139,82,95
ENSG00000196605.7,ZNF846,372,236,192,318,424,320,190
ENSG00000196611.6,MMP1,18,3,23,28,150,74,62
ENSG00000196628.20,TCF4,2752,3044,1113,2210,10070,2635,2662
ENSG00000196632.11,WNK3,259,279,249,235,433,293,312
ENSG00000196636.8,SDHAF3,240,125,160,161,211,136,143
ENSG00000196639.7,HRH1,278,195,276,234,401,355,613
ENSG00000196642.19,RABL6,3246,2437,2834,2761,3808,2550,2650
ENSG00000196646.12,ZNF136,170,248,119,176,317,149,143
ENSG00000196652.12,ZKSCAN5,975,612,662,805,1001,703,776
ENSG00000196653.12,ZNF502,117,139,106,110,155,101,86
ENSG00000196655.12,TRAPPC4,2066,613,1014,1346,833,812,646
ENSG00000196659.10,TTC30B,163,172,69,96,294,120,125
ENSG00000196663.16,TECPR2,1635,1631,1226,1180,2157,1627,1481
ENSG00000196668.4,LINC00173,20,53,9,34,38,7,9
ENSG00000196670.14,ZFP62,378,465,359,366,657,264,260
ENSG00000196678.14,ERI2,253,370,220,252,420,237,203
ENSG00000196683.12,TOMM7,2120,1230,1082,1532,1313,1029,914
ENSG00000196689.13,TRPV1,98,96,92,110,115,94,55
ENSG00000196693.15,ZNF33B,593,652,423,383,509,405,331
ENSG00000196696.14,PDXDC2P-NPIPB14P,106,130,65,169,78,69,55
ENSG00000196700.9,ZNF512B,2388,2906,1724,2176,3824,2035,1967
ENSG00000196704.14,AMZ2,1564,928,1055,1031,1658,1190,1063
ENSG00000196705.8,ZNF431,663,488,453,778,740,474,409
ENSG00000196712.20,NF1,2802,3027,1876,2226,3236,3079,2526
ENSG00000196715.7,VKORC1L1,2300,1311,1944,1751,1847,2273,1690
ENSG00000196724.13,ZNF418,167,201,80,132,186,77,77
ENSG00000196730.13,DAPK1,2595,2786,2075,2361,2952,1662,1626
ENSG00000196739.15,COL27A1,2261,2783,2397,3171,4470,2232,2578
ENSG00000196741.5,LINC01560,34,47,9,24,49,12,14
ENSG00000196743.9,GM2A,1818,1409,2051,1187,1412,1234,1004
ENSG00000196754.13,S100A2,92,21,114,103,32,47,89
ENSG00000196756.15,SNHG17,546,235,603,576,244,163,374
ENSG00000196757.8,ZNF700,186,145,265,185,160,151,123
ENSG00000196767.9,POU3F4,70,2,51,63,17,30,69
ENSG00000196776.17,CD47,1614,1341,1292,829,1134,1124,870
ENSG00000196781.16,TLE1,2165,1979,1803,2164,3840,1635,2252
ENSG00000196782.13,MAML3,507,732,130,496,2782,585,675
ENSG00000196787.4,H2AC11,23,37,10,18,59,17,16
ENSG00000196792.12,STRN3,1246,974,871,1065,1469,1025,971
ENSG00000196793.14,ZNF239,172,82,141,157,90,139,82
ENSG00000196810.6,CTBP1-DT,573,561,293,343,805,524,463
ENSG00000196812.6,ZSCAN16,124,53,76,67,147,55,51
ENSG00000196814.15,MVB12B,885,1233,561,729,2868,810,823
ENSG00000196821.10,ILRUN,4021,3096,2521,3689,4047,2725,2897
ENSG00000196839.14,ADA,1663,683,1371,1296,874,734,2059
ENSG00000196843.17,ARID5A,496,251,421,399,690,612,403
ENSG00000196850.6,PPTC7,724,526,571,667,769,618,554
ENSG00000196862.10,RGPD4,11,28,13,0,38,28,9
ENSG00000196865.4,NHLRC2,704,833,627,764,1028,676,636
ENSG00000196867.8,ZFP28,411,286,305,322,391,318,238
ENSG00000196872.12,CRACDL,48,11,50,9,146,60,86
ENSG00000196873.16,ZNG1C,22,13,29,32,22,26,17
ENSG00000196876.19,SCN8A,82,117,184,84,93,119,143
ENSG00000196878.15,LAMB3,7,111,14,13,49,18,13
ENSG00000196911.12,KPNA5,466,363,330,414,533,450,412
ENSG00000196912.13,ANKRD36B,63,128,51,92,80,97,67
ENSG00000196914.9,ARHGEF12,5214,4416,3243,3617,5047,5674,3677
ENSG00000196923.14,PDLIM7,15343,7212,13897,12825,11199,10960,12955
ENSG00000196924.19,FLNA,112556,78804,118790,143927,95451,108161,123372
ENSG00000196935.10,SRGAP1,1408,554,900,1259,808,2222,1390
ENSG00000196937.11,FAM3C,1031,880,1602,1052,1078,1353,1059
ENSG00000196943.14,NOP9,1769,1475,1591,1840,1785,1450,1422
ENSG00000196950.14,SLC39A10,2885,1555,2575,2050,1917,2962,3346
ENSG00000196961.13,AP2A1,6695,4684,5352,6315,6340,5663,5679
ENSG00000196967.11,ZNF585A,272,231,133,144,332,208,183
ENSG00000196968.11,FUT11,946,1048,834,781,1125,843,752
ENSG00000196972.9,SMIM10L2B,423,286,164,266,541,335,269
ENSG00000196975.16,ANXA4,2937,906,1867,1693,1066,2440,1347
ENSG00000196976.8,LAGE3,371,186,158,134,411,201,162
ENSG00000196981.4,WDR5B,283,260,150,165,325,190,143
ENSG00000196998.19,WDR45,799,533,734,518,611,475,567
ENSG00000197006.15,METTL9,3399,3049,2615,2347,4860,3111,2907
ENSG00000197008.10,ZNF138,98,121,108,103,223,130,105
ENSG00000197013.11,ZNF429,308,187,198,271,357,233,228
ENSG00000197016.12,ZNF470,278,257,271,297,341,295,295
ENSG00000197019.5,SERTAD1,400,331,424,352,442,403,349
ENSG00000197020.12,ZNF100,155,215,114,170,327,167,145
ENSG00000197021.9,EOLA2,765,373,555,601,568,464,440
ENSG00000197024.9,ZNF398,482,521,314,504,753,436,437
ENSG00000197037.11,ZSCAN25,518,578,359,497,661,458,468
ENSG00000197043.15,ANXA6,11660,11486,10152,17731,8501,7309,9005
ENSG00000197044.11,ZNF441,134,129,117,135,168,94,99
ENSG00000197045.14,GMFB,3068,2163,2366,2666,2586,2537,2293
ENSG00000197050.11,ZNF420,247,226,123,170,336,263,129
ENSG00000197056.11,ZMYM1,338,385,330,330,416,294,224
ENSG00000197062.12,ZSCAN26,404,488,339,413,551,260,230
ENSG00000197063.11,MAFG,2414,941,1102,1820,1687,1584,1390
ENSG00000197070.14,ARRDC1,463,199,464,312,304,247,212
ENSG00000197077.14,KIAA1671,957,847,1021,1122,1393,1554,1416
ENSG00000197081.16,IGF2R,15111,11039,13549,15600,11116,19259,15134
ENSG00000197093.11,GAL3ST4,173,907,169,206,2144,107,92
ENSG00000197102.14,DYNC1H1,16411,20919,21605,20912,16332,27287,19498
ENSG00000197106.7,SLC6A17,104,150,56,118,1150,34,226
ENSG00000197111.16,PCBP2,4743,4517,4385,4290,6701,3885,4543
ENSG00000197114.12,ZGPAT,209,139,189,208,253,143,133
ENSG00000197119.13,SLC25A29,892,694,1164,1001,1106,510,719
ENSG00000197121.15,PGAP1,1354,2767,906,994,2206,1359,1263
ENSG00000197122.13,SRC,1995,1470,1579,1591,2676,1672,1750
ENSG00000197124.12,ZNF682,129,128,148,167,183,107,105
ENSG00000197128.13,ZNF772,446,394,256,186,551,310,241
ENSG00000197136.5,PCNX3,2763,2861,2528,2281,3326,2537,2321
ENSG00000197147.15,LRRC8B,249,428,240,284,404,175,163
ENSG00000197150.13,ABCB8,1552,1070,1319,1135,1262,1163,1045
ENSG00000197157.11,SND1,9844,8290,7686,10150,8108,8487,8056
ENSG00000197162.10,ZNF785,452,506,202,365,619,311,166
ENSG00000197170.10,PSMD12,1570,959,1615,1845,1542,1728,1478
ENSG00000197180.4,ATP6AP1-DT,40,28,16,27,46,52,30
ENSG00000197183.15,NOL4L,2279,1744,1245,1893,2618,2047,1583
ENSG00000197208.6,SLC22A4,72,27,99,95,30,122,86
ENSG00000197217.13,ENTPD4,7999,3317,6502,4828,4608,6252,5186
ENSG00000197223.12,C1D,431,240,383,352,442,412,460
ENSG00000197226.13,TBC1D9B,4767,4767,3964,3918,5988,3633,3533
ENSG00000197245.6,FAM110D,19,154,19,22,248,29,16
ENSG00000197256.11,KANK2,3739,3451,1585,2408,4044,2339,2260
ENSG00000197261.12,C6orf141,44,0,17,1,119,14,3
ENSG00000197265.9,GTF2E2,955,702,894,949,996,840,699
ENSG00000197275.14,RAD54B,93,92,105,120,95,66,65
ENSG00000197283.18,SYNGAP1,1574,2081,1549,1657,2358,1151,1480
ENSG00000197291.9,RAMP2-AS1,74,126,83,73,120,102,80
ENSG00000197296.6,FITM2,622,325,372,379,632,354,297
ENSG00000197299.13,BLM,159,539,217,371,495,84,132
ENSG00000197301.7,HMGA2-AS1,23,28,12,39,82,32,137
ENSG00000197302.11,KRBOX5,389,363,359,373,494,410,399
ENSG00000197312.13,DDI2,937,898,563,1191,1001,953,867
ENSG00000197321.16,SVIL,3804,2651,5274,2939,1344,2615,2932
ENSG00000197323.12,TRIM33,1687,1751,1151,1313,2132,1452,1289
ENSG00000197324.9,LRP10,9530,4074,9630,5652,6399,11122,8481
ENSG00000197329.12,PELI1,706,644,409,630,1393,619,515
ENSG00000197343.11,ZNF655,1902,1467,1908,2064,1725,1318,1272
ENSG00000197355.11,UAP1L1,488,246,156,554,355,162,211
ENSG00000197361.8,FBXL22,197,4,6,57,45,40,75
ENSG00000197362.15,ZNF786,317,198,219,274,348,211,237
ENSG00000197363.11,ZNF517,146,135,82,116,186,90,79
ENSG00000197372.10,ZNF675,211,201,187,200,343,260,240
ENSG00000197375.14,SLC22A5,384,205,392,250,215,280,122
ENSG00000197380.11,DACT3,1780,2286,379,865,5179,1484,1755
ENSG00000197381.18,ADARB1,768,1379,403,1164,1455,846,716
ENSG00000197385.6,ZNF860,34,16,18,41,53,38,45
ENSG00000197386.14,HTT,3463,3055,3236,3334,3262,4117,3508
ENSG00000197405.8,C5AR1,89,16,129,107,81,80,88
ENSG00000197410.14,DCHS2,32,2,13,23,2,12,64
ENSG00000197415.12,VEPH1,603,124,199,277,120,477,141
ENSG00000197417.9,SHPK,73,66,113,85,70,54,56
ENSG00000197429.11,IPP,521,336,274,323,589,440,346
ENSG00000197442.11,MAP3K5,5,9,68,6,14,49,46
ENSG00000197444.10,OGDHL,539,128,197,151,157,112,88
ENSG00000197448.14,GSTK1,2551,1677,1946,1571,1962,1727,1592
ENSG00000197451.12,HNRNPAB,5854,3753,5999,5654,6781,5925,5637
ENSG00000197457.10,STMN3,437,1213,1212,275,1918,798,540
ENSG00000197461.13,PDGFA,670,274,644,1010,1042,706,468
ENSG00000197467.17,COL13A1,79,3050,243,670,1732,76,92
ENSG00000197472.15,ZNF695,21,41,22,20,36,6,11
ENSG00000197479.7,PCDHB11,34,30,27,19,41,31,44
ENSG00000197483.11,ZNF628,222,190,185,175,469,277,343
ENSG00000197496.6,SLC2A10,2445,1673,1451,1586,1561,2284,1546
ENSG00000197497.11,ZNF665,131,51,44,106,61,58,31
ENSG00000197498.13,RPF2,648,388,569,607,549,459,426
ENSG00000197530.13,MIB2,1319,965,1157,813,1919,994,1093
ENSG00000197535.16,MYO5A,2741,1046,1941,2119,2328,3853,3066
ENSG00000197536.11,IRF1-AS1,35,16,31,23,18,14,17
ENSG00000197548.13,ATG7,581,452,442,478,520,518,316
ENSG00000197555.10,SIPA1L1,1022,1115,1024,1062,2426,1461,1386
ENSG00000197557.7,TTC30A,290,292,149,201,507,227,196
ENSG00000197558.13,SSPOP,85,187,48,39,281,80,100
ENSG00000197562.10,RAB40C,654,560,574,553,1109,623,695
ENSG00000197563.11,PIGN,989,631,902,831,718,760,567
ENSG00000197565.17,COL4A6,672,851,502,489,1239,1478,640
ENSG00000197566.10,ZNF624,199,326,95,144,428,171,166
ENSG00000197568.15,HHLA3,275,154,142,149,195,176,165
ENSG00000197579.8,TOPORS,966,619,653,758,991,830,741
ENSG00000197586.13,ENTPD6,2458,765,2317,2635,1119,1008,1094
ENSG00000197594.14,ENPP1,705,592,602,199,416,602,378
ENSG00000197599.13,CCDC154,28,36,36,21,48,8,22
ENSG00000197601.14,FAR1,2514,2496,2317,2680,2520,2186,1945
ENSG00000197603.16,CPLANE1,1686,1564,926,1275,1443,1483,1142
ENSG00000197608.12,ZNF841,373,337,289,334,375,339,235
ENSG00000197614.11,MFAP5,1448,8,2976,2203,132,2187,1780
ENSG00000197619.15,ZNF615,251,262,147,185,396,203,176
ENSG00000197620.11,EOLA1,205,146,168,241,242,182,110
ENSG00000197622.13,CDC42SE1,4369,2395,4207,3517,3556,3104,3092
ENSG00000197635.11,DPP4,3402,282,901,248,71,2230,373
ENSG00000197646.8,PDCD1LG2,86,41,391,221,52,119,106
ENSG00000197647.13,ZNF433,136,92,83,94,150,49,67
ENSG00000197653.16,DNAH10,11,16,213,7,16,10,151
ENSG00000197694.19,SPTAN1,13732,14750,18077,18356,12567,16196,17196
ENSG00000197696.10,NMB,104,55,91,74,87,96,95
ENSG00000197702.14,PARVA,5732,5131,4440,5367,5752,5821,4683
ENSG00000197705.10,KLHL14,332,494,28,424,2975,201,202
ENSG00000197712.12,FAM114A1,7012,3722,3327,5117,4462,5897,4461
ENSG00000197713.15,RPE,1416,906,1231,1259,1163,1251,980
ENSG00000197714.9,ZNF460,45,40,32,44,36,48,26
ENSG00000197724.11,PHF2,1156,2275,813,1192,3015,1081,1100
ENSG00000197746.15,PSAP,55548,33865,43162,28156,35082,37887,35112
ENSG00000197747.9,S100A10,7782,1858,5828,6179,2956,6946,5753
ENSG00000197763.20,TXNRD3,383,375,268,325,365,356,281
ENSG00000197769.6,MAP1LC3C,387,168,70,134,63,123,56
ENSG00000197771.13,MCMBP,1828,2113,1408,1684,2054,1286,1422
ENSG00000197774.14,EME2,919,466,1222,1068,885,627,537
ENSG00000197776.8,KLHDC1,55,64,35,29,60,38,32
ENSG00000197779.15,ZNF81,404,363,227,356,606,396,357
ENSG00000197780.11,TAF13,2476,683,1570,1692,1347,2844,1670
ENSG00000197782.15,ZNF780A,272,278,268,293,291,199,250
ENSG00000197785.14,ATAD3A,1335,673,1327,1394,1128,1335,1218
ENSG00000197798.9,FAM118B,995,593,789,845,1061,638,730
ENSG00000197808.14,ZNF461,151,142,120,126,189,159,118
ENSG00000197813.6,ENSG00000197813,56,85,43,51,77,23,41
ENSG00000197816.16,CCDC180,27,30,35,22,28,10,15
ENSG00000197818.12,SLC9A8,481,427,382,402,511,384,312
ENSG00000197822.12,OCLN,311,16,372,342,27,178,93
ENSG00000197841.15,ZNF181,232,256,189,157,417,154,141
ENSG00000197852.12,INKA2,448,186,334,273,265,599,389
ENSG00000197857.16,ZNF44,239,163,192,187,205,197,123
ENSG00000197858.12,GPAA1,1529,1092,1592,1132,1471,1292,999
ENSG00000197859.11,ADAMTSL2,377,354,16,104,10068,178,127
ENSG00000197860.10,SGTB,714,463,431,658,648,825,531
ENSG00000197863.9,ZNF790,143,121,113,129,170,119,114
ENSG00000197872.11,CYRIA,210,166,335,260,320,194,129
ENSG00000197879.17,MYO1C,7650,3630,7497,5820,3779,6955,5086
ENSG00000197885.11,NKIRAS1,484,268,360,370,411,309,311
ENSG00000197892.13,KIF13B,2210,460,966,754,1797,1980,729
ENSG00000197894.12,ADH5,6469,3699,4164,5365,4374,4049,3796
ENSG00000197903.8,H2BC12,1026,330,514,516,747,876,777
ENSG00000197905.10,TEAD4,310,388,261,476,453,237,360
ENSG00000197912.16,SPG7,3418,2735,4003,3166,3189,2250,2157
ENSG00000197928.11,ZNF677,436,353,144,230,617,370,238
ENSG00000197930.13,ERO1A,1865,1751,2487,1832,1798,1934,1409
ENSG00000197933.13,ZNF823,177,73,161,159,99,132,127
ENSG00000197935.7,ZNF311,87,60,76,69,62,24,51
ENSG00000197937.13,ZNF347,435,335,232,409,412,326,269
ENSG00000197948.11,FCHSD1,1006,745,1489,1037,680,879,871
ENSG00000197951.10,ZNF71,656,672,476,503,1037,518,601
ENSG00000197956.10,S100A6,13949,448,9517,10902,646,3574,8042
ENSG00000197959.15,DNM3,294,362,153,321,1373,342,287
ENSG00000197961.12,ZNF121,384,224,640,532,410,284,413
ENSG00000197965.12,MPZL1,9928,6712,7596,7733,9281,8763,6349
ENSG00000197969.14,VPS13A,2088,1333,2276,1319,1314,1718,981
ENSG00000197971.16,MBP,964,185,631,413,424,395,643
ENSG00000197977.4,ELOVL2,739,1629,879,647,745,377,768
ENSG00000197978.10,GOLGA6L9,129,176,192,155,197,59,75
ENSG00000197982.14,C1orf122,1700,670,1296,996,1746,1827,1653
ENSG00000197989.15,SNHG12,346,187,443,470,182,163,152
ENSG00000198000.12,NOL8,1017,903,845,490,1324,723,732
ENSG00000198001.16,IRAK4,462,275,311,455,343,181,261
ENSG00000198018.7,ENTPD7,1488,1988,1358,1785,2093,2431,1511
ENSG00000198026.8,ZNF335,896,751,969,906,832,710,816
ENSG00000198028.4,ZNF560,84,36,27,7,33,24,1
ENSG00000198039.12,ZNF273,77,122,84,84,146,66,97
ENSG00000198040.11,ZNF84,1508,1351,1202,1174,1685,960,777
ENSG00000198042.11,MAK16,699,420,651,659,582,644,583
ENSG00000198046.13,ZNF667,386,274,362,243,563,356,298
ENSG00000198053.12,SIRPA,3404,541,3312,2913,1579,4564,3304
ENSG00000198055.11,GRK6,740,734,826,887,1061,636,592
ENSG00000198056.16,PRIM1,54,193,49,119,174,26,28
ENSG00000198060.10,MARCHF5,1432,1135,1291,1178,1657,1196,1038
ENSG00000198075.10,SULT1C4,2596,504,2742,2959,544,1492,603
ENSG00000198081.11,ZBTB14,417,467,326,346,711,340,345
ENSG00000198087.7,CD2AP,2607,481,2053,2064,912,2883,1901
ENSG00000198089.16,SFI1,416,375,412,328,377,202,202
ENSG00000198093.11,ZNF649,463,370,220,368,672,377,283
ENSG00000198105.16,ZNF248,523,538,468,461,741,298,306
ENSG00000198108.4,CHSY3,593,503,425,499,727,919,923
ENSG00000198113.3,TOR4A,523,207,763,383,328,750,449
ENSG00000198121.15,LPAR1,864,1060,358,813,2293,1011,408
ENSG00000198130.16,HIBCH,747,456,483,669,695,502,331
ENSG00000198131.15,ZNF544,638,456,503,518,434,541,360
ENSG00000198142.5,SOWAHC,656,418,605,708,883,766,974
ENSG00000198146.4,ZNF770,1379,1244,1077,1297,1892,1319,1063
ENSG00000198157.11,HMGN5,202,177,145,181,262,126,132
ENSG00000198160.15,MIER1,1418,986,956,1085,1484,1212,990
ENSG00000198162.12,MAN1A2,2673,2100,2019,2399,3383,3676,2395
ENSG00000198168.9,SVIP,333,180,199,310,349,241,291
ENSG00000198169.9,ZNF251,604,742,466,520,1054,355,490
ENSG00000198171.13,DDRGK1,1026,713,1491,788,1076,898,704
ENSG00000198176.13,TFDP1,2130,2383,1907,2245,2207,1751,1520
ENSG00000198182.13,ZNF607,214,157,180,164,260,152,125
ENSG00000198185.12,ZNF334,291,363,328,287,405,169,170
ENSG00000198189.11,HSD17B11,841,437,524,659,576,741,1264
ENSG00000198198.17,SZT2,1070,1530,1124,1004,1421,1084,1005
ENSG00000198203.10,SULT1C2,53,67,25,47,29,8,23
ENSG00000198205.7,ZXDA,0,66,89,0,128,216,164
ENSG00000198218.12,QRICH1,40,36,67,53,66,36,37
ENSG00000198221.12,AFDN-DT,49,33,35,34,42,24,27
ENSG00000198225.5,FKBP1C,27,15,27,19,35,43,45
ENSG00000198231.14,DDX42,4513,4075,3764,4340,4538,3721,3519
ENSG00000198246.10,SLC29A3,148,138,122,108,263,152,93
ENSG00000198252.12,STYX,1369,674,823,1086,1143,1248,1091
ENSG00000198258.11,UBL5,3094,1485,2197,2262,1916,1773,1868
ENSG00000198265.12,HELZ,1719,1785,1002,1900,1970,2035,1711
ENSG00000198270.13,TMEM116,150,140,83,71,169,92,94
ENSG00000198276.16,UCKL1,906,671,932,835,785,540,630
ENSG00000198286.11,CARD11,1826,123,1182,779,143,1450,831
ENSG00000198298.13,ZNF485,73,27,67,57,65,47,29
ENSG00000198300.14,PEG3,0,541,348,0,1163,0,142
ENSG00000198301.12,SDAD1,1409,876,1097,1242,1296,1518,1319
ENSG00000198315.11,ZKSCAN8,1486,1825,885,1221,2442,1194,1354
ENSG00000198324.14,PHETA1,928,647,742,688,1179,857,638
ENSG00000198331.11,HYLS1,146,164,152,156,144,120,103
ENSG00000198336.9,MYL4,173,65,14,77,117,51,104
ENSG00000198346.11,ZNF813,164,171,146,164,231,137,189
ENSG00000198354.7,DCAF12L2,78,76,38,70,178,67,48
ENSG00000198355.5,PIM3,594,666,531,464,708,373,443
ENSG00000198356.12,GET3,1780,1024,1528,1385,1533,1261,1478
ENSG00000198363.18,ASPH,4323,4081,6724,4536,3930,4879,3652
ENSG00000198369.10,SPRED2,1273,533,774,1103,1963,1378,1752
ENSG00000198373.13,WWP2,1173,937,995,1004,1352,942,949
ENSG00000198380.13,GFPT1,5462,3104,3548,4702,3417,5262,4014
ENSG00000198382.9,UVRAG,821,582,376,493,940,553,439
ENSG00000198393.8,ZNF26,316,209,293,264,327,275,202
ENSG00000198399.16,ITSN2,919,486,612,553,576,804,446
ENSG00000198408.14,OGA,4420,4764,3804,4325,5683,4514,4031
ENSG00000198420.10,TCAF1,2408,2219,1336,2095,3184,2169,1745
ENSG00000198429.10,ZNF69,337,257,232,329,418,290,297
ENSG00000198431.18,TXNRD1,5594,3226,3546,5172,4297,3982,4450
ENSG00000198435.4,NRARP,34,90,83,97,501,40,392
ENSG00000198440.9,ZNF583,265,212,167,177,366,189,185
ENSG00000198453.15,ZNF568,403,244,328,357,412,453,346
ENSG00000198455.5,ZXDB,208,188,218,172,311,370,284
ENSG00000198464.14,ZNF480,519,363,395,479,672,480,447
ENSG00000198466.12,ZNF587,752,631,596,803,669,697,601
ENSG00000198467.16,TPM2,43820,9387,34340,29562,17648,29403,31874
ENSG00000198468.11,FLVCR1-DT,158,50,50,64,71,68,64
ENSG00000198478.8,SH3BGRL2,921,140,403,526,411,455,448
ENSG00000198482.14,ZNF808,94,88,74,100,94,94,81
ENSG00000198492.16,YTHDF2,2841,2469,2534,2638,3251,2050,2159
ENSG00000198496.12,NBR2,100,80,70,62,129,64,68
ENSG00000198498.10,TMA16,579,374,455,459,495,426,363
ENSG00000198513.14,ATL1,387,201,493,271,370,512,325
ENSG00000198517.10,MAFK,2029,251,1748,1629,956,1857,1684
ENSG00000198520.12,ARMH1,41,28,36,10,40,15,29
ENSG00000198521.12,ZNF43,422,513,400,408,886,499,473
ENSG00000198522.14,GPN1,1483,781,1982,1477,1001,1444,1063
ENSG00000198538.11,ZNF28,467,297,264,384,506,364,303
ENSG00000198542.15,ITGBL1,9,347,3,13,60,32,36
ENSG00000198546.15,ZNF511,192,204,217,197,316,177,217
ENSG00000198551.10,ZNF627,609,636,427,495,805,464,522
ENSG00000198554.12,WDHD1,450,1024,473,675,814,300,317
ENSG00000198556.14,ZNF789,367,201,461,388,213,240,344
ENSG00000198561.16,CTNND1,541,423,430,435,596,581,444
ENSG00000198563.14,DDX39B,1833,2085,2655,2207,2495,946,1526
ENSG00000198585.12,NUDT16,1296,1062,1029,1241,1528,1323,1111
ENSG00000198586.14,TLK1,1427,952,947,1083,1444,1335,1081
ENSG00000198589.15,LRBA,1813,1590,1282,1548,1394,1967,1334
ENSG00000198597.10,ZNF536,66,151,141,143,183,22,204
ENSG00000198598.7,MMP17,188,124,26,77,185,146,32
ENSG00000198604.11,BAZ1A,1600,1557,1965,1983,2122,1399,1381
ENSG00000198612.11,COPS8,2336,1652,1719,1796,2230,1774,2021
ENSG00000198624.13,CCDC69,131,85,104,105,159,130,172
ENSG00000198625.14,MDM4,389,559,450,424,530,215,228
ENSG00000198642.7,KLHL9,2170,2073,1532,1757,2899,1977,1954
ENSG00000198646.14,NCOA6,1518,1960,1172,1603,2438,1611,1558
ENSG00000198648.12,STK39,1316,692,1010,1069,945,1252,828
ENSG00000198663.17,C6orf89,3443,3438,2759,2276,3861,2927,2436
ENSG00000198668.14,CALM1,9485,4748,8322,9213,8086,9081,8883
ENSG00000198673.11,TAFA2,33,32,20,15,35,28,29
ENSG00000198677.13,SKIC3,4971,3924,3142,4012,4444,3852,3397
ENSG00000198680.6,TUSC1,185,194,206,253,549,361,248
ENSG00000198682.13,PAPSS2,1770,1569,2057,2153,1238,2614,3676
ENSG00000198689.13,SLC9A6,770,845,950,848,1011,760,663
ENSG00000198690.10,FAN1,1120,1164,952,962,1197,786,727
ENSG00000198691.14,ABCA4,15,138,7,52,99,7,39
ENSG00000198700.10,IPO9,4107,6127,3343,3882,6403,3363,3394
ENSG00000198707.17,CEP290,1085,1169,901,858,1541,1135,765
ENSG00000198715.13,GLMP,3482,2481,2095,1454,3101,1860,1629
ENSG00000198718.13,TOGARAM1,724,699,450,513,1004,563,507
ENSG00000198719.9,DLL1,13,23,20,29,126,9,13
ENSG00000198720.13,ANKRD13B,318,419,646,370,943,267,405
ENSG00000198721.13,ECI2,1375,1283,1381,1343,1450,1260,1114
ENSG00000198722.15,UNC13B,3047,1364,2019,1947,1832,2421,1701
ENSG00000198728.11,LDB1,5504,5298,3585,4002,8041,3952,4435
ENSG00000198729.5,PPP1R14C,80,44,96,116,315,159,125
ENSG00000198730.9,CTR9,2046,1774,1625,1889,2101,1708,1804
ENSG00000198736.13,MSRB1,704,368,506,714,537,517,471
ENSG00000198739.11,LRRTM3,2,165,2,1,33,8,1
ENSG00000198740.9,ZNF652,726,577,542,544,894,557,608
ENSG00000198742.10,SMURF1,2241,1175,1740,2037,2210,2583,2432
ENSG00000198743.7,SLC5A3,1717,5546,1048,1514,2874,1183,1529
ENSG00000198746.13,GPATCH3,369,298,295,323,434,268,276
ENSG00000198752.11,CDC42BPB,7265,5528,5686,6789,7767,7862,7487
ENSG00000198753.12,PLXNB3,160,65,542,49,59,325,79
ENSG00000198756.12,COLGALT2,485,242,414,854,833,313,1065
ENSG00000198759.12,EGFL6,5,55,2,12,335,0,5
ENSG00000198768.11,APCDD1L,139,10,56,209,378,370,482
ENSG00000198771.11,RCSD1,26,93,7,15,101,20,35
ENSG00000198774.5,RASSF9,88,71,43,180,143,94,163
ENSG00000198780.13,FAM169A,271,328,264,364,351,246,252
ENSG00000198783.6,ZNF830,289,243,237,250,443,263,262
ENSG00000198791.12,CNOT7,2375,1544,2012,2120,2609,2245,2120
ENSG00000198792.13,TMEM184B,5671,3286,4954,3826,4270,5316,4153
ENSG00000198793.14,MTOR,3538,2925,2860,3277,3375,3533,2970
ENSG00000198794.12,SCAMP5,815,205,1133,333,915,683,1042
ENSG00000198795.11,ZNF521,1155,2727,434,908,8772,1034,1845
ENSG00000198796.7,ALPK2,6312,3161,5092,7902,3330,8941,6010
ENSG00000198799.12,LRIG2,636,740,598,646,854,753,617
ENSG00000198805.13,PNP,1166,343,1793,1060,607,1019,1569
ENSG00000198814.14,GK,149,107,71,104,114,148,92
ENSG00000198815.9,FOXJ3,1411,1214,840,1216,1590,1226,1270
ENSG00000198816.7,ZNF358,1454,1156,880,912,2109,972,1108
ENSG00000198818.10,SFT2D1,1092,344,1062,792,488,667,613
ENSG00000198824.8,CHAMP1,787,1105,500,765,1148,729,705
ENSG00000198825.15,INPP5F,8647,7555,3652,7977,13177,10723,4691
ENSG00000198826.11,ARHGAP11A,365,1110,719,877,786,199,354
ENSG00000198830.12,HMGN2,1674,4431,1543,1906,4760,1151,1020
ENSG00000198832.11,SELENOM,1986,713,969,1044,1532,1883,1403
ENSG00000198833.7,UBE2J1,7922,1952,4039,5391,3622,8561,5392
ENSG00000198836.11,OPA1,2711,1755,2009,2293,2205,2231,2013
ENSG00000198837.10,DENND4B,1279,1428,1204,1393,1842,900,1245
ENSG00000198838.14,RYR3,39,8,10,27,48,28,83
ENSG00000198839.10,ZNF277,672,459,424,464,650,476,428
ENSG00000198841.4,KTI12,146,71,143,135,129,121,113
ENSG00000198842.10,STYXL2,15,397,2,36,187,15,49
ENSG00000198843.14,SELENOT,3853,1347,3820,3142,1915,3164,2419
ENSG00000198846.6,TOX,468,1778,272,450,712,353,694
ENSG00000198853.12,RUSC2,5246,2562,3322,4175,3109,4011,3726
ENSG00000198855.7,FICD,219,102,191,143,157,135,114
ENSG00000198856.13,OSTC,7491,3758,5199,5530,4383,5395,4191
ENSG00000198858.10,R3HDM4,1661,1057,1450,1271,1483,1509,1530
ENSG00000198860.14,TSEN15,604,757,569,801,1192,615,538
ENSG00000198862.14,LTN1,1602,1295,1039,1294,1524,1579,1204
ENSG00000198863.8,RUNDC1,760,407,674,765,706,659,690
ENSG00000198865.10,CCDC152,66,99,84,126,135,44,42
ENSG00000198873.12,GRK5,309,568,320,368,450,233,209
ENSG00000198874.14,TYW1,639,503,628,547,672,553,475
ENSG00000198876.13,DCAF12,2239,1693,1262,1934,2526,1828,1992
ENSG00000198879.13,SFMBT2,47,222,51,51,190,67,138
ENSG00000198885.10,ITPRIPL1,26,266,47,43,157,8,10
ENSG00000198887.9,SMC5,1504,1505,1161,1426,1786,1459,1243
ENSG00000198889.5,DCAF12L1,8,21,72,37,33,22,13
ENSG00000198890.9,PRMT6,958,697,634,629,1137,807,743
ENSG00000198892.7,SHISA4,706,506,649,439,760,509,515
ENSG00000198894.8,CIPC,554,554,355,504,716,415,500
ENSG00000198898.16,CAPZA2,4219,1929,2734,2891,2750,3118,2866
ENSG00000198900.7,TOP1,2976,3406,2545,2965,5230,2816,2595
ENSG00000198901.14,PRC1,69,229,95,140,127,24,32
ENSG00000198909.8,MAP3K3,2035,1870,1275,1759,2011,1633,1808
ENSG00000198910.14,L1CAM,8670,4999,11641,8525,4281,8140,5142
ENSG00000198911.13,SREBF2,8265,10012,7823,7054,9683,5277,6934
ENSG00000198912.12,C1orf174,839,626,589,892,786,473,494
ENSG00000198914.5,POU3F3,10,5,68,320,543,17,16
ENSG00000198915.12,RASGEF1A,146,42,78,164,92,93,96
ENSG00000198919.13,DZIP3,835,915,620,638,755,466,478
ENSG00000198920.11,KIAA0753,684,739,695,621,1024,566,549
ENSG00000198924.8,DCLRE1A,322,378,252,341,496,231,204
ENSG00000198925.12,ATG9A,1141,937,873,1068,1145,1053,937
ENSG00000198929.13,NOS1AP,5,41,13,17,64,34,11
ENSG00000198931.11,APRT,1816,725,1856,1640,991,1541,1077
ENSG00000198932.13,GPRASP1,228,355,126,173,396,121,130
ENSG00000198933.11,TBKBP1,1030,1052,580,682,1455,678,863
ENSG00000198934.5,MAGEE1,279,304,207,96,467,259,258
ENSG00000198937.9,CCDC167,374,321,308,338,472,306,324
ENSG00000198939.8,ZFP2,57,63,40,28,69,22,18
ENSG00000198945.8,L3MBTL3,856,770,710,784,928,741,665
ENSG00000198947.18,DMD,1842,2087,572,2679,1250,1035,1231
ENSG00000198948.12,MFAP3L,1504,57,827,914,427,1625,1373
ENSG00000198951.12,NAGA,903,1418,811,927,1079,612,437
ENSG00000198952.8,SMG5,5495,3954,4493,5200,5726,4392,4538
ENSG00000198954.9,KIFBP,1825,982,1485,1578,1429,1715,1573
ENSG00000198959.12,TGM2,23267,4399,7850,6956,3118,7295,33599
ENSG00000198960.11,ARMCX6,917,597,620,620,884,274,640
ENSG00000198961.10,PJA2,7321,5829,4152,5719,5773,6020,5997
ENSG00000198963.11,RORB,41,21,5,3,111,27,22
ENSG00000198964.14,SGMS1,874,339,566,658,493,729,540
ENSG00000203279.6,ENSG00000203279,46,10,48,25,7,10,60
ENSG00000203326.12,ZNF525,116,90,84,90,111,52,69
ENSG00000203485.14,INF2,5883,1578,6633,4117,2288,5333,4498
ENSG00000203497.3,PDCD4-AS1,97,93,40,69,209,68,140
ENSG00000203499.12,IQANK1,28,15,33,30,34,33,19
ENSG00000203644.3,ENSG00000203644,102,66,55,94,106,72,98
ENSG00000203666.13,EFCAB2,251,119,134,162,154,213,217
ENSG00000203667.10,COX20,1238,462,773,946,835,1017,1019
ENSG00000203668.3,CHML,757,756,551,767,1095,705,926
ENSG00000203705.11,TATDN3,204,189,174,148,334,186,168
ENSG00000203706.9,SERTAD4-AS1,142,225,131,176,308,111,76
ENSG00000203721.8,LINC00862,48,7,27,73,155,95,63
ENSG00000203724.11,C1orf53,51,24,29,23,43,60,45
ENSG00000203727.4,SAMD5,95,215,100,216,663,75,237
ENSG00000203739.6,PRDX6-AS1,65,34,56,45,52,58,72
ENSG00000203760.9,CENPW,198,427,220,378,307,108,100
ENSG00000203772.8,SPRN,281,16,107,127,69,168,43
ENSG00000203778.8,FAM229B,463,327,200,259,597,339,247
ENSG00000203780.12,FANK1,164,59,116,58,95,123,100
ENSG00000203791.15,EEF1AKMT2,191,271,176,249,250,177,156
ENSG00000203805.11,PLPP4,1070,755,324,526,808,1599,724
ENSG00000203865.13,ATP1A1-AS1,65,68,83,75,95,11,26
ENSG00000203867.8,RBM20,418,129,221,325,863,187,464
ENSG00000203875.13,SNHG5,249,140,133,245,113,43,173
ENSG00000203876.10,ADD3-AS1,25,23,11,25,34,38,51
ENSG00000203879.12,GDI1,7073,3911,5404,5885,4985,4987,4938
ENSG00000203880.13,PCMTD2,1754,1702,1162,1221,2440,1036,1244
ENSG00000203896.10,LIME1,68,58,126,51,101,38,40
ENSG00000203930.13,LINC00632,428,518,177,533,405,459,379
ENSG00000203943.9,SAMD13,21,32,10,12,32,15,6
ENSG00000203950.7,RTL8A,1368,913,965,903,1283,966,1190
ENSG00000203952.10,CCDC160,165,196,97,144,181,157,105
ENSG00000203965.13,EFCAB7,224,202,114,160,314,109,124
ENSG00000203993.7,ARRDC1-AS1,256,253,205,228,470,202,219
ENSG00000203999.10,LINC01270,41,41,62,36,31,27,38
ENSG00000204052.5,LRRC73,19,7,10,6,51,32,35
ENSG00000204054.14,LINC00963,1693,907,818,683,1304,1312,1178
ENSG00000204060.8,FOXO6,210,12,83,30,191,115,71
ENSG00000204065.3,TCEAL5,35,12,15,36,28,14,25
ENSG00000204070.10,SYS1,901,483,856,616,582,633,552
ENSG00000204084.14,INPP5B,368,423,374,367,499,270,244
ENSG00000204103.4,MAFB,103,373,77,121,603,192,643
ENSG00000204104.12,TRAF3IP1,558,453,351,464,775,520,371
ENSG00000204116.12,CHIC1,544,272,439,331,385,576,465
ENSG00000204120.16,GIGYF2,1881,2192,1440,1903,3012,2043,1694
ENSG00000204130.14,RUFY2,560,447,438,488,550,611,513
ENSG00000204131.11,NHSL2,831,1267,655,688,837,983,1016
ENSG00000204138.13,PHACTR4,2717,1927,1515,2383,2746,1929,1562
ENSG00000204147.11,ASAH2B,157,89,188,110,111,144,118
ENSG00000204149.16,AGAP6,66,57,43,49,48,42,20
ENSG00000204152.14,TIMM23B,175,83,79,136,115,91,106
ENSG00000204160.12,ZDHHC18,1424,1076,1474,1383,1313,1041,897
ENSG00000204172.12,AGAP9,74,130,135,118,105,117,37
ENSG00000204175.6,GPRIN2,674,313,321,692,272,759,193
ENSG00000204178.11,MACO1,1439,1307,1214,1399,2107,1552,1179
ENSG00000204186.10,ZDBF2,1064,1193,368,999,1394,576,497
ENSG00000204209.13,DAXX,1123,1175,1350,1307,1329,753,866
ENSG00000204217.16,BMPR2,6423,5443,3917,3973,9956,7696,5710
ENSG00000204219.11,TCEA3,611,190,125,307,300,319,100
ENSG00000204220.12,PFDN6,653,396,677,682,606,585,598
ENSG00000204227.5,RING1,1441,968,1152,1098,1458,989,962
ENSG00000204228.4,HSD17B8,63,48,27,66,44,18,15
ENSG00000204231.11,RXRB,1977,1478,1474,1559,2209,1269,1229
ENSG00000204237.5,OXLD1,473,228,283,243,524,277,267
ENSG00000204248.12,COL11A2,68,88,79,53,320,49,85
ENSG00000204252.14,HLA-DOA,64,40,110,36,125,50,116
ENSG00000204256.14,BRD2,5891,5778,4510,5748,8311,5505,5888
ENSG00000204257.15,HLA-DMA,113,111,64,62,67,62,39
ENSG00000204262.14,COL5A2,70497,168622,25799,59150,152737,79913,55024
ENSG00000204264.12,PSMB8,88,147,210,81,23,23,22
ENSG00000204267.19,TAP2,70,126,409,257,75,122,89
ENSG00000204271.13,SPIN3,428,234,242,290,358,357,283
ENSG00000204272.13,NBDY,959,571,547,771,1028,753,799
ENSG00000204291.11,COL15A1,65,98,25,93,313,89,84
ENSG00000204301.6,NOTCH4,18,16,16,23,54,22,35
ENSG00000204304.12,PBX2,3402,4264,2705,2852,5298,2532,2910
ENSG00000204305.16,AGER,136,128,288,142,191,55,79
ENSG00000204308.8,RNF5,1775,966,1028,1312,1703,1179,1553
ENSG00000204310.13,AGPAT1,4421,2645,3757,3142,4387,3381,4022
ENSG00000204311.15,PJVK,73,59,54,35,76,39,31
ENSG00000204314.12,PRRT1,24,36,24,28,124,40,24
ENSG00000204315.4,FKBPL,152,138,110,173,178,121,111
ENSG00000204323.5,SMIM5,32,2,28,11,11,14,7
ENSG00000204334.8,ERICH2,23,12,15,14,51,38,25
ENSG00000204344.16,STK19,458,357,398,404,566,277,258
ENSG00000204348.10,DXO,403,381,379,372,416,248,244
ENSG00000204351.13,SKIC2,1776,1486,1902,1728,1909,1321,1223
ENSG00000204356.14,NELFE,1623,1398,1461,1381,1871,1252,1326
ENSG00000204362.6,LINC02783,44,3,44,54,3,9,24
ENSG00000204366.4,ZBTB12,185,398,112,118,381,93,95
ENSG00000204370.13,SDHD,804,520,620,580,775,622,497
ENSG00000204371.12,EHMT2,2033,2652,1804,1729,3157,1155,1448
ENSG00000204381.12,LAYN,1635,1121,2723,874,910,2058,1468
ENSG00000204386.12,NEU1,4742,1828,3867,2936,2597,2503,2362
ENSG00000204387.14,SNHG32,1339,934,761,660,873,661,668
ENSG00000204388.7,HSPA1B,402,392,334,262,345,227,231
ENSG00000204389.10,HSPA1A,561,574,622,281,585,396,367
ENSG00000204390.10,HSPA1L,49,47,36,35,58,41,39
ENSG00000204392.11,LSM2,628,654,551,620,937,379,495
ENSG00000204394.13,VARS1,3203,2135,5062,3897,2505,3093,2737
ENSG00000204406.14,MBD5,1091,745,528,820,1264,1138,1001
ENSG00000204410.16,MSH5,37,55,51,43,33,24,15
ENSG00000204427.12,ABHD16A,86,78,106,75,153,95,116
ENSG00000204428.12,LY6G5C,22,19,30,46,44,23,13
ENSG00000204435.15,CSNK2B,772,403,711,668,701,644,734
ENSG00000204438.11,GPANK1,443,420,337,390,483,303,307
ENSG00000204439.4,C6orf47,794,703,795,649,933,603,608
ENSG00000204442.4,NALF1,209,298,308,253,663,462,358
ENSG00000204463.14,BAG6,6817,6398,5178,6398,7548,5694,5972
ENSG00000204469.13,PRRC2A,9047,10063,7659,8870,13265,8839,10186
ENSG00000204498.11,NFKBIL1,543,336,435,331,635,381,416
ENSG00000204514.11,ZNF814,678,149,267,262,197,282,242
ENSG00000204516.10,MICB,662,45,1341,690,68,117,562
ENSG00000204519.11,ZNF551,169,239,172,199,299,200,175
ENSG00000204520.14,MICA,2552,961,4600,2306,1238,2450,1680
ENSG00000204524.7,ZNF805,289,218,221,271,329,252,238
ENSG00000204525.18,HLA-C,4458,2129,4664,2280,3111,4972,1796
ENSG00000204536.15,CCHCR1,347,639,418,428,474,250,219
ENSG00000204540.11,PSORS1C1,42,17,14,67,17,32,11
ENSG00000204560.10,DHX16,1394,1096,1187,1381,1413,1052,1018
ENSG00000204564.12,C6orf136,279,116,281,207,176,211,204
ENSG00000204569.10,PPP1R10,2500,2374,2664,2560,2651,2145,2323
ENSG00000204574.14,ABCF1,2453,2124,2185,2325,2791,2101,1991
ENSG00000204576.12,PRR3,391,494,332,391,616,263,267
ENSG00000204580.14,DDR1,11240,4403,9630,7808,8524,7018,7934
ENSG00000204581.3,ACOXL-AS1,33,24,2,7,60,21,9
ENSG00000204590.13,GNL1,2325,2216,1876,1817,2278,1647,1517
ENSG00000204592.9,HLA-E,2653,2202,3461,2530,2554,2660,2462
ENSG00000204599.16,TRIM39,379,229,329,385,410,372,321
ENSG00000204604.13,ZNF468,577,202,182,468,351,364,226
ENSG00000204611.7,ZNF616,396,363,306,352,509,333,368
ENSG00000204619.8,PPP1R11,1472,965,1003,1024,1745,1218,1152
ENSG00000204623.11,POLR1HASP,103,142,60,117,161,78,78
ENSG00000204628.12,RACK1,30055,22626,22284,23501,21428,16609,16563
ENSG00000204634.13,TBC1D8,260,98,135,186,754,208,111
ENSG00000204642.14,HLA-F,12,39,38,25,73,11,12
ENSG00000204650.14,LINC02210,306,214,197,340,371,163,141
ENSG00000204673.11,AKT1S1,3765,1452,2383,2936,3094,3728,3896
ENSG00000204681.11,GABBR1,1898,1846,2028,1807,1704,1014,1060
ENSG00000204682.9,MIR1915HG,1160,388,592,696,933,1512,1043
ENSG00000204685.9,STARD7-AS1,157,117,96,117,184,130,109
ENSG00000204713.11,TRIM27,2770,1928,2216,2254,2405,1920,1937
ENSG00000204764.14,RANBP17,467,425,298,267,570,287,162
ENSG00000204767.4,INSYN2B,50,325,32,80,73,30,25
ENSG00000204815.10,ODAD4,27,25,14,16,54,18,12
ENSG00000204839.9,MROH6,86,94,59,71,167,62,48
ENSG00000204842.18,ATXN2,1552,1139,1154,1327,1548,1352,1439
ENSG00000204843.13,DCTN1,6661,4960,4888,5962,5740,5961,5638
ENSG00000204850.4,ENSG00000204850,93,13,9,23,19,36,4
ENSG00000204851.7,PNMA8B,749,293,209,285,639,443,251
ENSG00000204852.17,TCTN1,716,888,722,453,1412,698,466
ENSG00000204856.12,FAM216A,242,158,361,300,141,228,186
ENSG00000204859.13,ZBTB48,432,341,433,359,489,176,220
ENSG00000204869.9,IGFL4,137,3,31,74,22,85,9
ENSG00000204899.6,MZT1,509,402,401,635,599,460,343
ENSG00000204920.11,ZNF155,249,249,278,240,346,214,230
ENSG00000204922.5,UQCC3,443,239,339,310,286,285,243
ENSG00000204923.4,FBXO48,38,47,29,35,49,22,23
ENSG00000204934.10,ATP6V0E2-AS1,54,24,29,41,67,28,28
ENSG00000204941.14,PSG5,12,0,109,0,4,166,36
ENSG00000204946.10,ZNF783,524,576,404,528,782,440,379
ENSG00000204947.9,ZNF425,172,147,119,171,261,120,216
ENSG00000204954.10,UQCC6,661,230,357,497,400,420,423
ENSG00000204961.7,PCDHA9,69,24,29,3,25,72,29
ENSG00000204963.6,PCDHA7,20,37,32,4,50,7,10
ENSG00000204967.13,PCDHA4,393,316,224,442,618,557,120
ENSG00000204969.7,PCDHA2,75,156,47,26,281,158,99
ENSG00000204977.10,TRIM13,953,885,863,777,1587,661,594
ENSG00000204991.11,SPIRE2,48,78,118,49,75,88,63
ENSG00000205002.4,AARD,24,52,10,18,57,18,16
ENSG00000205060.11,SLC35B4,1662,1461,1514,1360,1759,1441,1170
ENSG00000205078.6,SYCE1L,68,30,66,30,43,38,32
ENSG00000205084.12,TMEM231,282,307,334,387,433,335,272
ENSG00000205085.13,GARIN1A,97,30,142,97,45,62,35
ENSG00000205090.10,TMEM240,84,87,84,48,154,63,50
ENSG00000205116.4,TMEM88B,81,16,32,19,26,18,26
ENSG00000205129.9,C4orf47,22,13,20,13,41,21,27
ENSG00000205133.12,TRIQK,716,538,402,495,617,698,562
ENSG00000205138.4,SDHAF1,175,141,150,140,248,206,177
ENSG00000205155.8,PSENEN,584,311,739,535,484,434,434
ENSG00000205181.8,LINC00654,51,5,1,57,5,5,4
ENSG00000205189.13,ZBTB10,777,1094,596,898,1349,836,948
ENSG00000205208.5,C4orf46,371,735,351,456,821,342,339
ENSG00000205213.14,LGR4,5313,4309,3707,3487,4796,3772,5218
ENSG00000205220.12,PSMB10,92,52,99,80,48,52,57
ENSG00000205250.9,E2F4,1283,1249,1414,1238,1621,940,1042
ENSG00000205268.11,PDE7A,601,813,426,583,1153,382,422
ENSG00000205269.6,TMEM170B,666,297,373,483,1156,350,366
ENSG00000205277.10,MUC12,15,4,26,29,4,25,37
ENSG00000205302.7,SNX2,2253,2801,1376,1989,2327,1354,1719
ENSG00000205309.14,NT5M,21,68,13,15,61,18,21
ENSG00000205323.9,SARNP,31,17,35,29,29,22,16
ENSG00000205336.14,ADGRG1,2838,2734,524,998,1188,1231,693
ENSG00000205339.10,IPO7,6852,4935,5438,6878,6296,6010,6229
ENSG00000205352.11,PRR13,1078,548,1057,1058,664,1008,659
ENSG00000205356.10,TECPR1,1649,760,1491,1331,1258,1054,919
ENSG00000205363.7,INSYN1,241,124,215,191,409,366,404
ENSG00000205413.8,SAMD9,240,154,54,604,853,141,80
ENSG00000205423.12,CNEP1R1,738,453,775,639,659,569,522
ENSG00000205464.13,ATP6AP1L,18,49,26,39,76,26,26
ENSG00000205476.9,CCDC85C,776,857,913,835,730,664,827
ENSG00000205531.14,NAP1L4,4441,3260,3437,4005,3754,3302,3455
ENSG00000205542.11,TMSB4X,58367,45668,48666,46410,33830,38611,49763
ENSG00000205544.4,TMEM256,230,163,136,142,148,78,83
ENSG00000205559.5,CHKB-DT,90,84,41,65,109,74,55
ENSG00000205560.13,CPT1B,50,49,105,44,72,20,25
ENSG00000205562.5,FLRT2-AS1,174,125,92,199,155,247,272
ENSG00000205571.15,SMN2,2,69,56,52,96,81,28
ENSG00000205581.11,HMGN1,4697,5916,4312,4608,8356,3779,3503
ENSG00000205592.16,MUC19,58,21,54,27,51,82,53
ENSG00000205593.12,DENND6B,144,240,336,145,292,165,155
ENSG00000205629.12,LCMT1,1080,590,714,807,800,675,575
ENSG00000205643.11,CDPF1,175,179,170,150,220,103,147
ENSG00000205659.12,LIN52,439,434,261,382,618,310,334
ENSG00000205683.12,DPF3,38,30,150,89,135,112,61
ENSG00000205702.12,CYP2D7,27,25,41,36,37,9,9
ENSG00000205707.11,ETFRF1,278,140,131,131,230,170,200
ENSG00000205710.4,C17orf107,141,39,42,52,131,202,49
ENSG00000205726.15,ITSN1,3372,3903,2622,3272,3344,3249,3074
ENSG00000205730.7,ITPRIPL2,1818,1892,1476,1645,2599,2144,2114
ENSG00000205758.12,CRYZL1,528,581,513,566,680,417,377
ENSG00000205765.10,RIMOC1,1399,956,907,1344,1742,1228,1327
ENSG00000205795.5,CYS1,760,410,134,382,1120,579,418
ENSG00000205808.7,PLPP6,465,310,373,283,402,326,291
ENSG00000205809.11,KLRC2,115,7,24,2,2,31,7
ENSG00000205835.9,GMNC,3,48,3,5,84,8,0
ENSG00000205861.13,PCOTH,48,15,17,48,31,45,23
ENSG00000205885.8,C1RL-AS1,64,144,49,45,89,59,55
ENSG00000205903.7,ZNF316,1357,1011,1122,1003,1757,871,1223
ENSG00000205913.7,SRRM2-AS1,38,27,9,19,40,24,17
ENSG00000205937.12,RNPS1,3283,2781,3173,3174,4176,2989,3495
ENSG00000205978.6,NYNRIN,4276,9132,1323,2599,12591,3864,2546
ENSG00000205981.9,DNAJC19,596,315,408,403,532,355,327
ENSG00000206052.11,DOK6,259,1071,47,148,773,298,226
ENSG00000206053.13,JPT2,5674,2891,5674,6894,3461,4948,4285
ENSG00000206077.14,ZDHHC11B,35,25,46,23,50,44,7
ENSG00000206120.11,EGFEM1P,1,41,3,10,63,3,3
ENSG00000206190.13,ATP10A,734,74,1114,1590,546,722,348
ENSG00000206262.9,FOXL2NB,9,1,138,110,9,96,121
ENSG00000206337.12,HCP5,28,28,26,12,16,6,17
ENSG00000206417.8,H1-10-AS1,145,283,181,201,357,100,137
ENSG00000206418.5,RAB12,1537,868,1189,1126,1389,1411,1345
ENSG00000206432.4,TMEM200C,514,616,436,413,1758,629,779
ENSG00000206503.14,HLA-A,4671,4771,6687,2627,5446,6613,3090
ENSG00000206527.10,HACD2,2513,2002,2238,2464,1415,1664,1677
ENSG00000206530.11,CFAP44,213,118,280,131,172,195,123
ENSG00000206535.8,LNP1,53,119,25,84,74,33,39
ENSG00000206538.9,VGLL3,7345,9340,2724,6981,7029,6068,4696
ENSG00000206557.6,TRIM71,343,357,302,424,141,333,455
ENSG00000206560.12,ANKRD28,1604,1387,1063,1150,1507,1153,1139
ENSG00000206561.14,COLQ,31,109,50,46,156,38,38
ENSG00000206562.12,METTL6,536,372,464,407,539,391,359
ENSG00000206567.10,ENSG00000206567,45,28,14,20,39,17,29
ENSG00000206573.11,THUMPD3-AS1,394,418,365,515,407,219,296
ENSG00000206579.10,XKR4,455,25,241,173,215,665,455
ENSG00000207561.1,MIR635,36,25,30,36,37,18,14
ENSG00000211445.13,GPX3,2351,122,591,1233,326,1271,913
ENSG00000211448.14,DIO2,561,66,300,390,585,197,510
ENSG00000211450.11,SELENOH,694,453,422,408,528,404,483
ENSG00000211451.13,GNRHR2,34,25,10,14,42,24,8
ENSG00000211455.8,STK38L,4245,1101,2503,5141,3421,4034,4738
ENSG00000211456.14,SACM1L,1670,1218,1225,1439,1296,1205,960
ENSG00000211460.12,TSN,2548,2031,2338,2423,2961,2067,1759
ENSG00000211584.14,SLC48A1,966,467,309,290,614,205,462
ENSG00000212123.4,PRR22,19,29,32,18,39,19,25
ENSG00000212127.6,TAS2R14,27,19,29,9,29,40,22
ENSG00000212694.8,LINC01089,472,473,220,367,760,263,300
ENSG00000212719.15,LINC02693,34,531,439,514,1077,821,704
ENSG00000212747.5,RTL8B,1019,762,629,791,889,792,930
ENSG00000212864.4,RNF208,136,13,42,24,151,46,45
ENSG00000212916.6,MAP10,110,144,65,116,248,104,56
ENSG00000212978.6,C2orf74-DT,325,180,180,176,312,280,259
ENSG00000213015.9,ZNF580,1082,727,812,723,1392,1002,1305
ENSG00000213020.10,ZNF611,362,165,147,356,352,248,194
ENSG00000213023.11,SYT3,75,35,50,26,133,71,59
ENSG00000213024.13,NUP62,1815,2221,1931,1983,2577,1320,1521
ENSG00000213030.6,CGB8,215,0,47,295,2,99,37
ENSG00000213047.13,DENND1B,445,236,280,310,725,332,336
ENSG00000213062.5,ENSG00000213062,130,72,53,112,132,101,153
ENSG00000213064.10,SFT2D2,1482,1229,1923,1362,1731,1357,1159
ENSG00000213066.14,CEP43,399,505,427,385,416,245,257
ENSG00000213079.10,SCAF8,1314,1297,756,1225,1931,1462,1417
ENSG00000213085.10,CFAP45,17,4,30,55,11,34,32
ENSG00000213096.11,ZNF254,541,523,331,422,1017,478,538
ENSG00000213123.11,DYNLT2B,53,47,31,35,81,39,25
ENSG00000213139.8,CRYGS,51,24,78,41,38,18,90
ENSG00000213160.10,KLHL23,536,799,581,649,801,392,385
ENSG00000213186.8,TRIM59,349,608,601,623,511,252,298
ENSG00000213190.4,MLLT11,8671,4469,7179,7901,7907,7815,9166
ENSG00000213199.8,ASIC3,65,50,28,31,111,24,53
ENSG00000213213.14,CCDC183,34,11,14,21,31,21,31
ENSG00000213214.6,ARHGEF35,42,9,26,27,26,45,19
ENSG00000213246.7,SUPT4H1,168,95,124,129,199,155,122
ENSG00000213281.5,NRAS,4099,2456,3072,4015,3763,3463,3763
ENSG00000213337.9,ANKRD39,183,87,176,158,136,132,145
ENSG00000213339.9,QTRT1,573,482,910,530,628,274,308
ENSG00000213341.11,CHUK,1045,684,752,864,1001,847,698
ENSG00000213347.11,MXD3,128,591,248,203,506,56,84
ENSG00000213366.13,GSTM2,566,902,195,213,737,217,118
ENSG00000213380.16,COG8,736,483,539,504,797,644,483
ENSG00000213390.11,ARHGAP19,276,773,323,519,626,187,234
ENSG00000213398.8,LCAT,471,243,986,520,371,328,437
ENSG00000213420.8,GPC2,368,837,463,430,1446,164,350
ENSG00000213445.10,SIPA1,941,791,1053,741,588,630,533
ENSG00000213462.5,ERV3-1,486,430,353,383,461,200,370
ENSG00000213463.5,SYNJ2BP,1376,1070,811,1182,1564,1261,1005
ENSG00000213465.8,ARL2,536,281,446,354,528,380,388
ENSG00000213468.7,FIRRE,135,210,208,120,217,129,187
ENSG00000213516.10,RBMXL1,305,382,284,364,431,296,296
ENSG00000213523.12,SRA1,1909,664,1309,1301,1059,1540,1215
ENSG00000213533.13,STIMATE,60,71,52,67,150,98,70
ENSG00000213551.7,DNAJC9,1067,1237,1220,1398,1395,871,794
ENSG00000213563.7,C8orf82,480,297,346,357,658,595,533
ENSG00000213585.11,VDAC1,6308,3843,6705,7302,5663,4707,4390
ENSG00000213588.6,ZBTB9,605,443,830,604,659,363,472
ENSG00000213593.10,TMX2,1945,1081,2519,1753,1318,1638,1258
ENSG00000213614.11,HEXA,3324,1709,2900,1788,2015,1954,1654
ENSG00000213619.11,NDUFS3,1418,1094,1162,1240,1426,878,915
ENSG00000213625.9,LEPROT,4943,3018,6277,5038,3032,3428,4353
ENSG00000213626.13,LBH,1419,677,845,968,779,1034,1655
ENSG00000213638.6,ADAT3,66,36,53,66,162,73,58
ENSG00000213639.11,PPP1CB,4166,3692,3131,3524,3939,3694,2934
ENSG00000213654.10,GPSM3,386,492,341,406,504,432,374
ENSG00000213672.8,NCKIPSD,648,354,405,475,473,371,355
ENSG00000213676.13,ATF6B,3500,2781,2832,2384,2459,2363,1982
ENSG00000213694.7,S1PR3,616,1279,826,1195,3653,1483,2414
ENSG00000213699.9,SLC35F6,1139,1297,1376,1034,1113,1131,1089
ENSG00000213719.8,CLIC1,8742,3878,13346,8304,3866,7967,7873
ENSG00000213722.10,DDAH2,2567,2959,2163,2427,4205,1628,1795
ENSG00000213742.8,ZNF337-AS1,61,33,31,40,43,26,39
ENSG00000213760.11,ATP6V1G2,81,44,44,32,49,33,78
ENSG00000213762.12,ZNF134,899,629,605,806,907,869,768
ENSG00000213780.11,GTF2H4,23,35,39,37,27,14,11
ENSG00000213782.7,DDX47,20,30,54,32,18,17,13
ENSG00000213793.6,ZNF888,698,141,235,486,216,401,177
ENSG00000213799.13,ZNF845,246,215,178,214,338,234,208
ENSG00000213853.10,EMP2,357,2410,293,267,763,137,166
ENSG00000213859.8,KCTD11,935,448,596,649,693,834,650
ENSG00000213888.3,LINC01521,106,88,46,87,214,88,89
ENSG00000213903.9,LTB4R,76,123,120,134,174,90,86
ENSG00000213904.11,LIPE-AS1,34,23,17,23,58,20,20
ENSG00000213906.10,LTB4R2,71,53,38,76,79,72,48
ENSG00000213918.11,DNASE1,597,732,465,461,745,458,339
ENSG00000213923.13,CSNK1E,2828,1811,2750,2104,3420,2135,2276
ENSG00000213928.10,IRF9,91,114,136,201,199,51,67
ENSG00000213930.12,GALT,146,220,158,166,202,67,97
ENSG00000213949.10,ITGA1,30678,12943,13404,30941,10167,28051,28578
ENSG00000213963.7,ENSG00000213963,189,90,114,105,113,120,110
ENSG00000213965.4,NUDT19,291,177,295,231,341,376,246
ENSG00000213967.12,ZNF726,36,75,27,30,50,24,30
ENSG00000213977.8,TAX1BP3,821,409,831,787,590,650,590
ENSG00000213983.12,AP1G2,1264,962,3219,1053,730,677,797
ENSG00000213988.11,ZNF90,95,106,75,135,98,29,58
ENSG00000213995.12,NAXD,1122,999,1069,930,1193,774,794
ENSG00000213996.13,TM6SF2,62,16,33,36,13,42,30
ENSG00000214013.10,GANC,233,272,168,196,297,182,186
ENSG00000214021.18,TTLL3,877,514,943,718,562,352,332
ENSG00000214022.12,REPIN1,3420,2128,2124,2765,3909,2286,3107
ENSG00000214029.6,ZNF891,116,156,82,106,201,87,88
ENSG00000214046.9,SMIM7,742,514,675,606,605,529,424
ENSG00000214050.8,FBXO16,159,74,71,109,125,134,111
ENSG00000214063.12,TSPAN4,1247,1490,1595,1191,1144,1024,1016
ENSG00000214078.13,CPNE1,2722,3097,2627,2838,3606,1826,1774
ENSG00000214087.9,ARL16,891,922,718,1016,1103,834,612
ENSG00000214113.11,LYRM4,787,413,440,543,779,464,566
ENSG00000214114.9,MYCBP,218,161,346,278,203,232,200
ENSG00000214140.11,PRCD,77,16,35,14,22,53,7
ENSG00000214160.10,ALG3,1059,532,966,720,827,986,864
ENSG00000214193.11,SH3D21,429,209,315,546,297,273,185
ENSG00000214194.9,SMIM30,1079,518,736,824,748,846,806
ENSG00000214226.9,C17orf67,25,21,22,16,75,30,35
ENSG00000214253.9,FIS1,2563,1407,2159,1777,1548,1722,1534
ENSG00000214274.10,ANG,82,81,47,72,98,62,69
ENSG00000214279.13,SCART1,33,35,10,16,41,23,14
ENSG00000214293.11,APTR,216,165,118,188,191,141,157
ENSG00000214309.5,MBLAC1,62,24,32,33,57,68,49
ENSG00000214338.11,SOGA3,82,46,79,106,117,132,100
ENSG00000214357.9,NEURL1B,447,594,551,523,513,482,883
ENSG00000214367.10,HAUS3,63,109,68,81,147,62,53
ENSG00000214402.7,LCNL1,132,42,106,21,72,4,5
ENSG00000214413.9,BBIP1,449,364,379,355,423,355,303
ENSG00000214491.9,SEC14L6,136,376,84,47,275,188,25
ENSG00000214517.10,PPME1,7382,853,6424,13503,1560,6770,4676
ENSG00000214530.10,STARD10,1629,638,557,551,1195,928,455
ENSG00000214548.18,MEG3,498,560,12042,3,248,15,1476
ENSG00000214558.5,ZC3H11C,21,37,11,30,46,24,15
ENSG00000214562.15,NUTM2D,20,59,25,31,120,50,53
ENSG00000214575.10,CPEB1,497,10,259,181,138,447,177
ENSG00000214595.13,EML6,40,12,15,15,72,61,17
ENSG00000214654.9,B3GALT9,89,50,73,63,75,38,63
ENSG00000214655.11,ZSWIM8,2687,3675,2739,2532,4142,2122,2437
ENSG00000214706.12,IFRD2,1026,642,1074,1081,935,750,783
ENSG00000214719.13,ENSG00000214719,57,43,29,66,142,62,56
ENSG00000214753.4,HNRNPUL2,1521,1828,1555,1688,1818,1441,1208
ENSG00000214756.8,CSKMT,54,105,48,63,69,34,51
ENSG00000214922.9,HLA-F-AS1,14,46,6,13,27,37,4
ENSG00000214941.8,ZSWIM7,403,370,397,343,554,330,292
ENSG00000214944.10,ARHGEF28,1273,31,1546,873,89,1210,306
ENSG00000214960.11,CRPPA,151,72,84,96,78,160,123
ENSG00000215012.9,RTL10,1261,1066,967,1163,1064,964,1166
ENSG00000215021.10,PHB2,4527,3830,3858,4073,4471,3136,3300
ENSG00000215039.9,CD27-AS1,434,225,230,218,268,171,168
ENSG00000215041.10,NEURL4,997,903,1046,1001,1163,601,701
ENSG00000215067.12,ALOX12-AS1,64,53,42,52,64,32,43
ENSG00000215068.10,ANXA2R-AS1,53,45,29,36,11,25,15
ENSG00000215114.10,UBXN2B,1010,578,655,651,996,704,554
ENSG00000215126.12,ZNG1F,79,35,65,36,41,44,38
ENSG00000215183.5,MSMP,24,1,43,30,1,12,4
ENSG00000215193.14,PEX26,1452,1012,1172,1297,1373,1171,1122
ENSG00000215218.4,UBE2QL1,104,60,15,25,330,92,80
ENSG00000215251.5,FASTKD5,648,462,529,543,766,531,545
ENSG00000215252.12,GOLGA8B,404,377,1280,467,320,293,141
ENSG00000215256.6,DHRS4-AS1,373,366,143,225,610,275,201
ENSG00000215301.11,DDX3X,10744,10094,8479,9862,10766,10313,10490
ENSG00000215305.10,VPS16,1084,1277,1242,935,1313,695,751
ENSG00000215375.7,MYL5,318,164,199,184,271,149,144
ENSG00000215386.15,MIR99AHG,53,271,50,52,272,24,63
ENSG00000215417.14,MIR17HG,34,61,69,40,49,30,37
ENSG00000215421.10,ZNF407,533,481,408,500,557,652,596
ENSG00000215424.10,MCM3AP-AS1,62,112,42,61,137,44,36
ENSG00000215440.12,NPEPL1,447,207,485,392,508,318,358
ENSG00000215475.5,SIAH3,12,14,3,28,56,11,2
ENSG00000215481.9,BCRP3,57,40,15,29,21,41,15
ENSG00000215612.8,HMX1,3,0,1,15,46,0,66
ENSG00000215712.11,TMEM242,674,501,765,554,652,611,446
ENSG00000215717.7,TMEM167B,1349,951,1097,1126,1252,1168,1002
ENSG00000215769.8,ARHGAP27P1-BPTFP1-KPNA2P3,75,23,99,53,39,29,30
ENSG00000215788.11,TNFRSF25,313,372,784,336,920,197,200
ENSG00000215808.4,LINC01139,59,487,88,98,370,112,103
ENSG00000215845.11,TSTD1,210,45,218,97,72,139,145
ENSG00000215883.11,CYB5RL,277,275,85,213,439,89,95
ENSG00000215915.10,ATAD3C,89,28,16,42,24,40,4
ENSG00000216895.9,RBM33-DT,37,11,27,28,32,22,30
ENSG00000216937.14,CCDC7,38,37,26,31,45,32,38
ENSG00000217128.13,FNIP1,1205,1098,769,944,1290,1161,1070
ENSG00000217555.13,CKLF,118,60,81,79,106,82,48
ENSG00000217930.8,PAM16,34,39,60,56,25,26,24
ENSG00000218336.9,TENM3,11345,11158,7560,8331,16632,13869,11348
ENSG00000218510.9,LINC00339,60,77,37,54,76,33,36
ENSG00000218537.1,MIF-AS1,31,10,35,25,41,13,16
ENSG00000218739.10,CEBPZOS,1492,939,1148,1298,1090,1458,997
ENSG00000218891.5,ZNF579,1466,406,1252,1088,1833,1766,1968
ENSG00000219200.12,RNASEK,101,62,102,77,97,91,76
ENSG00000219438.9,TAFA5,60,93,59,135,654,219,244
ENSG00000219481.11,NBPF1,646,665,510,534,1076,574,622
ENSG00000219545.12,UMAD1,380,133,217,220,249,281,285
ENSG00000219607.4,PPP1R3G,75,35,38,31,32,55,72
ENSG00000219626.9,FAM228B,156,160,69,80,165,94,57
ENSG00000219665.8,ZNF433-AS1,85,54,50,65,98,41,63
ENSG00000220201.8,ZGLP1,15,15,43,20,31,11,14
ENSG00000220205.10,VAMP2,1765,965,1203,991,1255,1193,1212
ENSG00000221792.1,MIR1282,54,8,31,46,14,4,4
ENSG00000221817.12,PPP3CB-AS1,48,38,13,67,77,36,28
ENSG00000221821.4,C6orf226,90,68,38,44,88,38,27
ENSG00000221823.11,PPP3R1,1861,1122,1187,1617,1595,1693,1449
ENSG00000221829.11,FANCG,346,776,567,565,552,170,242
ENSG00000221838.10,AP4M1,590,628,565,380,764,507,410
ENSG00000221866.10,PLXNA4,188,257,47,106,867,259,255
ENSG00000221869.5,CEBPD,125,305,84,62,299,288,270
ENSG00000221886.4,FAM200C,209,174,95,86,225,86,93
ENSG00000221887.6,HMSD,33,4,76,24,17,8,34
ENSG00000221890.6,NPTXR,268,244,263,136,468,655,349
ENSG00000221909.3,FAM200A,243,213,159,181,367,198,177
ENSG00000221914.11,PPP2R2A,1673,1141,1774,1708,1876,1913,1743
ENSG00000221923.9,ZNF880,328,247,120,117,255,305,113
ENSG00000221926.13,TRIM16,741,271,630,556,425,347,316
ENSG00000221944.9,TIGD1,168,157,96,107,210,106,107
ENSG00000221955.11,SLC12A8,305,221,344,375,174,329,363
ENSG00000221963.6,APOL6,31,200,34,103,31,22,25
ENSG00000221968.9,FADS3,865,362,1344,1004,1205,715,491
ENSG00000221978.13,CCNL2,4304,4749,6295,4502,5285,2273,2865
ENSG00000221983.8,UBA52,9581,5779,6875,7413,7138,6369,6241
ENSG00000221988.13,PPT2,536,439,609,565,499,414,566
ENSG00000221990.5,EXOC3-AS1,90,60,19,50,104,52,31
ENSG00000221994.12,ZNF630,92,43,51,94,62,62,35
ENSG00000222009.9,BTBD19,907,616,536,793,1038,515,597
ENSG00000222011.9,FAM185A,126,75,88,99,112,104,63
ENSG00000222022.1,ENSG00000222022,2,76,1,25,220,8,47
ENSG00000222032.2,ENSG00000222032,3,148,0,39,283,19,68
ENSG00000222041.13,CYTOR,1103,381,946,1347,614,1020,1600
ENSG00000223393.2,ENSG00000223393,60,66,22,41,83,32,35
ENSG00000223403.7,MEG9,14,6,195,18,7,9,28
ENSG00000223482.10,NUTM2A-AS1,626,668,843,714,1003,892,814
ENSG00000223496.3,EXOSC6,683,618,719,690,1182,807,720
ENSG00000223501.9,VPS52,1229,1129,1063,1054,1358,843,814
ENSG00000223546.9,LINC00630,105,120,47,68,107,53,46
ENSG00000223547.10,ZNF844,70,92,57,62,99,41,41
ENSG00000223561.8,LINC03007,27,107,1,11,100,5,13
ENSG00000223573.7,TINCR,219,362,8,395,1601,188,64
ENSG00000223685.8,LINC00571,51,3,9,33,13,33,17
ENSG00000223745.8,CCDC18-AS1,245,230,177,127,198,86,77
ENSG00000223749.11,MIR503HG,124,221,133,252,302,66,150
ENSG00000223751.2,ENSG00000223751,13,89,76,28,90,47,60
ENSG00000223764.2,LINC02593,260,687,16,27,1117,62,26
ENSG00000223768.4,LINC00205,2782,1463,959,2146,2907,2866,1953
ENSG00000223802.9,CERS1,80,95,171,55,149,72,106
ENSG00000223865.11,HLA-DPB1,79,85,247,156,122,126,189
ENSG00000223891.7,OSER1-DT,174,142,129,81,238,86,124
ENSG00000223959.11,AFG3L1P,310,362,456,394,300,153,180
ENSG00000223960.9,CHROMR,342,434,299,420,613,345,293
ENSG00000224020.3,MIR181A2HG,66,51,20,43,93,45,36
ENSG00000224032.9,EPB41L4A-AS1,396,207,232,322,334,210,228
ENSG00000224043.9,CCNT2-AS1,144,124,78,73,234,177,101
ENSG00000224051.7,CPTP,815,515,746,647,992,858,801
ENSG00000224066.1,ENSG00000224066,36,23,18,19,43,12,20
ENSG00000224078.15,SNHG14,7567,10709,5633,8632,11387,8464,7713
ENSG00000224086.6,PPM1F-AS1,148,65,62,96,66,67,93
ENSG00000224109.4,CENPVL3,53,36,44,41,134,83,87
ENSG00000224152.3,BAZ2B-AS1,65,68,25,31,135,36,63
ENSG00000224383.8,PRR29,22,29,10,5,35,7,12
ENSG00000224417.2,ENSG00000224417,37,11,15,24,46,73,14
ENSG00000224470.9,ATXN1L,1998,2015,1135,1879,3124,2155,2101
ENSG00000224531.6,SMIM13,1380,1121,1073,1104,1970,1094,938
ENSG00000224578.5,HNRNPA1L3,73,119,67,67,102,30,42
ENSG00000224616.5,RTCA-AS1,123,72,41,71,114,69,98
ENSG00000224660.2,SH3BP5-AS1,194,173,298,203,159,134,185
ENSG00000224687.2,RASAL2-AS1,25,27,13,29,52,25,29
ENSG00000224729.6,PCOLCE-AS1,6,81,2,6,49,4,9
ENSG00000224842.2,LMX1B-DT,1,46,0,4,199,2,2
ENSG00000224877.4,NDUFAF8,300,122,299,192,562,727,539
ENSG00000224905.8,ENSG00000224905,12,32,9,16,60,14,21
ENSG00000224914.4,LINC00863,190,221,114,164,543,211,239
ENSG00000224934.6,GOT1-DT,31,50,13,24,47,11,22
ENSG00000224940.10,PRRT4,33,75,2,8,41,17,50
ENSG00000224945.1,ENSG00000224945,36,4,46,41,29,35,33
ENSG00000224963.3,ECMXP,1,53,2,20,54,3,5
ENSG00000224975.1,INE1,27,39,44,34,30,17,19
ENSG00000225138.8,SLC9A3-AS1,913,719,382,1005,1264,530,415
ENSG00000225156.2,ENSG00000225156,133,0,61,17,2,74,38
ENSG00000225177.6,NHSL1-AS1,107,66,67,58,239,94,138
ENSG00000225190.12,PLEKHM1,812,437,684,650,706,839,855
ENSG00000225206.12,MIR137HG,235,37,120,142,42,211,89
ENSG00000225265.2,TAF1A-AS1,34,24,14,13,29,34,25
ENSG00000225339.4,ENSG00000225339,62,6,32,21,45,60,24
ENSG00000225361.4,PPP1R26-AS1,43,25,32,20,65,16,28
ENSG00000225377.6,NRSN2-AS1,72,93,29,42,106,43,50
ENSG00000225383.8,SFTA1P,35,5,1131,168,35,293,270
ENSG00000225439.4,BOLA3-DT,277,205,176,237,266,186,184
ENSG00000225470.9,JPX,601,739,591,419,955,850,596
ENSG00000225484.7,NUTM2B-AS1,468,293,361,503,653,591,447
ENSG00000225614.4,ZNF469,475,621,447,1193,1805,1605,2506
ENSG00000225663.8,MCRIP1,2742,2178,2223,1966,3491,2085,2524
ENSG00000225697.13,SLC26A6,1057,780,1358,1576,883,605,486
ENSG00000225706.3,PTPRD-AS1,61,47,24,52,111,70,60
ENSG00000225733.8,FGD5-AS1,4804,3404,2208,3003,4138,2848,3022
ENSG00000225756.1,DBH-AS1,69,79,37,46,329,17,16
ENSG00000225764.3,P3H2-AS1,42,60,28,25,21,13,53
ENSG00000225783.9,MIAT,981,424,284,1094,899,333,630
ENSG00000225791.7,TRAM2-AS1,258,163,88,144,291,245,173
ENSG00000225826.2,LINC00626,5,31,0,3,50,1,8
ENSG00000225828.2,FAM229A,154,86,115,138,148,132,140
ENSG00000225830.16,ERCC6,1208,629,548,780,808,1015,797
ENSG00000225855.7,RUSC1-AS1,25,21,25,41,26,7,8
ENSG00000225921.7,NOL7,1532,755,1229,1332,1335,1343,1141
ENSG00000225950.9,NTF4,84,39,15,55,41,36,24
ENSG00000225968.8,ELFN1,388,596,349,432,876,716,1331
ENSG00000225973.4,PIGBOS1,140,119,89,142,164,111,89
ENSG00000226029.1,LINC01772,28,15,16,27,23,27,27
ENSG00000226053.1,LINC01776,31,4,32,13,22,18,38
ENSG00000226067.7,LINC00623,108,26,164,89,178,140,203
ENSG00000226087.4,ENSG00000226087,86,10,12,43,2,31,15
ENSG00000226137.5,BAIAP2-DT,678,1125,493,504,1919,675,737
ENSG00000226180.3,ENSG00000226180,23,30,12,24,39,27,20
ENSG00000226200.7,SGMS1-AS1,75,82,27,39,111,63,43
ENSG00000226237.4,GAS1RR,3,43,2,6,33,0,2
ENSG00000226328.8,NUP50-DT,183,81,111,75,178,113,100
ENSG00000226332.2,ENSG00000226332,124,29,173,109,9,106,31
ENSG00000226383.7,LINC01876,32,24,33,8,28,20,24
ENSG00000226419.8,SLC16A1-AS1,122,108,118,151,58,104,77
ENSG00000226445.2,THBS2-AS1,57,29,22,35,33,26,21
ENSG00000226479.4,TMEM185B,1619,1229,1641,1187,1689,1556,1194
ENSG00000226508.1,LINC01918,19,35,7,20,84,27,15
ENSG00000226648.2,PLCG1-AS1,31,37,21,31,78,10,35
ENSG00000226686.10,LINC01535,73,57,17,13,44,80,6
ENSG00000226688.9,ENTPD1-AS1,516,384,346,507,745,364,479
ENSG00000226696.8,LENG8-AS1,36,55,24,49,41,23,26
ENSG00000226702.2,MIR217HG,0,38,0,5,17,3,34
ENSG00000226711.9,FAM66C,60,74,25,55,128,58,28
ENSG00000226741.2,LINC02554,18,27,4,30,30,11,14
ENSG00000226742.4,HSBP1L1,28,29,54,10,18,57,23
ENSG00000226752.10,CUTALP,573,339,335,439,506,279,356
ENSG00000226824.8,ENSG00000226824,122,10,38,47,35,51,45
ENSG00000226864.3,ATE1OSP,3,57,5,11,74,26,20
ENSG00000226887.8,ERVMER34-1,51,129,44,145,496,60,147
ENSG00000226919.4,ENSG00000226919,5,1,17,31,1,6,50
ENSG00000226950.8,DANCR,1007,731,749,1248,2091,899,1101
ENSG00000226965.2,ENSG00000226965,40,6,13,3,28,10,25
ENSG00000227036.10,LINC00511,178,22,134,169,103,287,75
ENSG00000227051.7,C14orf132,2787,4630,798,1449,6028,2072,1578
ENSG00000227053.2,MUC12-AS1,17,0,35,18,1,16,27
ENSG00000227057.10,WDR46,1709,1118,1882,1608,1398,1256,1109
ENSG00000227082.3,LINC02798,64,53,5,13,80,18,25
ENSG00000227110.7,LMCD1-AS1,15,19,13,69,50,10,26
ENSG00000227124.11,ZNF717,152,127,87,15,106,100,48
ENSG00000227199.1,ST7-AS1,66,83,34,38,106,35,91
ENSG00000227252.2,COPS8-DT,46,92,20,43,79,25,18
ENSG00000227268.5,KLLN,88,44,27,51,78,77,59
ENSG00000227345.9,PARG,1942,935,850,1369,1780,1245,1183
ENSG00000227354.7,RBM26-AS1,68,35,52,43,49,53,76
ENSG00000227372.12,TP73-AS1,1092,1055,578,854,1298,716,604
ENSG00000227398.6,KIF9-AS1,159,126,160,109,187,133,107
ENSG00000227486.4,ENSG00000227486,34,23,21,18,54,21,24
ENSG00000227496.3,ENSG00000227496,26,20,88,79,33,45,55
ENSG00000227500.11,SCAMP4,2707,1667,2783,1960,2287,2089,2143
ENSG00000227704.3,ENSG00000227704,35,44,20,27,112,26,24
ENSG00000227733.12,ENSG00000227733,41,7,5,9,32,12,8
ENSG00000227811.3,INKA2-AS1,57,27,22,42,37,47,27
ENSG00000227885.4,ENSG00000227885,28,46,10,13,52,9,11
ENSG00000227888.4,FAM66A,13,19,1,13,58,34,15
ENSG00000227946.3,INO80D-AS1,89,73,57,44,131,89,94
ENSG00000227953.7,LINC01341,11,49,60,20,60,22,46
ENSG00000228061.7,ENSG00000228061,53,0,35,45,3,63,278
ENSG00000228065.13,LINC01515,99,148,58,68,121,88,73
ENSG00000228109.2,MELTF-AS1,41,90,49,33,112,49,51
ENSG00000228192.10,ZNF691-DT,23,20,14,14,40,9,25
ENSG00000228203.8,GRASLND,12,23,15,17,106,15,26
ENSG00000228208.7,LINC02869,38,5,31,37,6,29,28
ENSG00000228223.3,HCG11,837,834,484,657,1221,703,511
ENSG00000228274.5,ENSG00000228274,60,104,31,34,126,35,46
ENSG00000228288.9,PCAT6,192,90,73,84,202,102,170
ENSG00000228300.14,FAM174C,591,231,657,359,469,533,524
ENSG00000228315.12,GUSBP11,140,283,149,157,306,87,113
ENSG00000228393.6,LINC01004,31,36,50,25,40,25,26
ENSG00000228436.4,RRAGC-DT,77,34,19,30,82,35,50
ENSG00000228474.6,OST4,6467,3070,2877,3606,4834,4121,4451
ENSG00000228486.11,C2orf92,96,63,79,81,57,63,58
ENSG00000228495.3,LINC01013,123,125,131,461,498,136,283
ENSG00000228506.4,PNISR-AS1,99,47,93,69,106,62,130
ENSG00000228526.8,MIR34AHG,323,94,378,249,293,171,226
ENSG00000228544.1,CCDC183-AS1,101,43,36,46,84,64,55
ENSG00000228570.8,NUTM2E,14,31,3,8,64,4,10
ENSG00000228594.4,FNDC10,152,229,141,97,314,183,159
ENSG00000228623.9,ZNF883,95,65,51,45,139,59,22
ENSG00000228624.8,HDAC2-AS2,55,55,40,52,71,43,42
ENSG00000228649.11,SNHG26,24,48,43,40,16,13,16
ENSG00000228672.4,PROB1,35,74,45,44,50,49,29
ENSG00000228696.11,ARL17B,70,1,66,7,3,2,74
ENSG00000228709.3,LINC02575,17,27,15,2,63,13,12
ENSG00000228716.7,DHFR,665,677,363,643,629,234,302
ENSG00000228775.8,WEE2-AS1,36,20,11,26,33,12,11
ENSG00000228794.12,LINC01128,404,346,361,447,475,444,481
ENSG00000228801.8,PCMTD1-DT,153,130,52,86,227,91,69
ENSG00000228878.10,SEPTIN7-DT,27,26,18,10,37,12,29
ENSG00000229043.3,ZFAND2A-DT,157,84,29,61,152,83,38
ENSG00000229056.2,HECW2-AS1,11,0,18,31,9,289,77
ENSG00000229124.8,VIM-AS1,500,126,532,777,325,285,351
ENSG00000229152.2,ANKRD10-IT1,58,102,102,90,106,54,58
ENSG00000229191.1,ENSG00000229191,6,94,6,3,46,0,10
ENSG00000229334.2,TMEM44-AS2,11,36,13,11,43,15,19
ENSG00000229404.6,LINC00858,6,33,0,4,36,15,1
ENSG00000229539.2,PANK2-AS1,18,23,12,17,33,11,25
ENSG00000229619.6,MBNL1-AS1,150,60,84,83,148,107,114
ENSG00000229647.3,MYOSLID,26,3,24,67,13,32,99
ENSG00000229656.9,ITGB1-DT,91,13,69,90,50,114,88
ENSG00000229807.13,XIST,3,1967,11457,1,1822,21,3137
ENSG00000229809.9,ZNF688,141,113,155,102,271,109,85
ENSG00000229833.11,PET100,194,168,194,160,278,162,180
ENSG00000229852.4,KHDC1-AS1,69,89,35,46,174,47,60
ENSG00000229867.2,STEAP3-AS1,17,5,12,34,23,30,14
ENSG00000229921.7,KIF25-AS1,46,4,1,57,32,2,13
ENSG00000229931.3,ATXN1-AS1,68,46,49,72,99,79,100
ENSG00000229962.2,ENSG00000229962,36,7,37,25,23,24,26
ENSG00000230074.5,ENSG00000230074,22,81,38,60,58,54,16
ENSG00000230091.6,TMEM254-AS1,13,34,12,8,60,18,19
ENSG00000230124.8,ACBD6,1271,1142,947,1038,1723,885,819
ENSG00000230316.8,FEZF1-AS1,43,1,69,2,13,13,32
ENSG00000230415.1,LINC01786,38,29,19,11,34,18,10
ENSG00000230438.9,SERPINB9P1,7,38,39,4,40,41,29
ENSG00000230453.11,ANKRD18B,56,38,90,57,19,40,28
ENSG00000230454.1,ENSG00000230454,33,28,8,38,64,17,27
ENSG00000230479.1,LNCTSI,35,1,24,40,6,42,43
ENSG00000230487.9,PSMG3-AS1,349,266,197,205,453,327,217
ENSG00000230513.4,THAP7-AS1,44,52,32,42,84,43,41
ENSG00000230551.4,ENSG00000230551,238,217,203,244,186,179,180
ENSG00000230590.13,FTX,895,747,1025,698,944,480,463
ENSG00000230606.11,APPAT,38,63,42,16,50,61,26
ENSG00000230615.8,ENSG00000230615,32,17,6,14,41,21,14
ENSG00000230623.8,ENSG00000230623,50,29,13,50,48,12,21
ENSG00000230630.5,DNM3OS,29,3562,69,383,3776,135,184
ENSG00000230699.2,ENSG00000230699,12,96,0,3,176,14,6
ENSG00000230797.3,YY2,53,22,57,20,45,37,24
ENSG00000230805.8,ENSG00000230805,247,38,154,179,84,123,53
ENSG00000230838.2,LINC01614,633,70,46,775,4351,1000,926
ENSG00000230844.3,ZNF674-AS1,125,94,82,149,80,92,112
ENSG00000230896.1,ENSG00000230896,60,42,56,41,45,37,26
ENSG00000230989.8,HSBP1,2950,2144,2782,2665,3221,2424,2591
ENSG00000231064.9,THBS3-AS1,52,23,38,37,31,8,19
ENSG00000231074.11,HCG18,1101,782,721,1010,1095,1176,1014
ENSG00000231107.2,LINC01508,131,49,54,226,53,107,65
ENSG00000231113.2,LINC02976,27,44,58,42,38,23,24
ENSG00000231160.12,KLF3-AS1,36,90,34,22,69,28,27
ENSG00000231187.3,SYT15-AS1,58,95,21,40,100,70,40
ENSG00000231290.7,APCDD1L-DT,15,2,3,9,43,35,22
ENSG00000231312.8,MAP4K3-DT,229,128,124,113,168,165,107
ENSG00000231365.7,WARS2-AS1,226,168,149,127,234,201,209
ENSG00000231389.8,HLA-DPA1,42,5,150,85,22,3,64
ENSG00000231607.15,DLEU2,85,170,51,91,155,63,69
ENSG00000231690.5,LINC00574,9,32,2,7,44,5,6
ENSG00000231721.8,LINC-PINT,156,17,106,60,27,94,84
ENSG00000231728.5,TMSB15B-AS1,19,35,12,18,53,11,16
ENSG00000231770.8,TMEM44-AS1,37,45,15,19,47,28,24
ENSG00000231789.4,PIK3CD-AS2,92,72,35,36,80,35,41
ENSG00000231793.7,DOC2GP,17,26,14,31,20,4,19
ENSG00000231806.4,PCAT7,76,35,16,306,247,49,108
ENSG00000231856.4,ENSG00000231856,30,25,23,21,50,13,24
ENSG00000231889.9,TRAF3IP2-AS1,143,119,76,110,186,66,89
ENSG00000231925.14,TAPBP,5419,2520,7468,4294,2630,4550,3522
ENSG00000232040.4,SCAND3,163,167,92,132,184,125,115
ENSG00000232070.9,TMEM253,44,20,41,21,35,21,27
ENSG00000232098.3,ZNF584-DT,169,127,62,125,248,108,126
ENSG00000232112.3,TMA7,2903,1768,2269,2468,3231,2760,2646
ENSG00000232119.8,MCTS1,921,659,833,850,772,735,629
ENSG00000232160.7,RAP2C-AS1,57,57,18,34,100,51,94
ENSG00000232310.10,LINC03002,14,521,7,14,66,12,12
ENSG00000232388.5,SMIM26,331,191,248,199,345,257,264
ENSG00000232434.3,AJM1,229,69,202,177,229,279,266
ENSG00000232442.3,MHENCR,108,69,71,68,89,88,97
ENSG00000232445.2,EMSLR,31,9,25,32,25,4,19
ENSG00000232480.3,TGFB2-AS1,49,20,29,55,19,12,27
ENSG00000232533.3,FAM131B-AS2,441,261,349,358,331,329,355
ENSG00000232593.8,KANTR,210,219,173,167,232,127,142
ENSG00000232600.3,TONSL-AS1,52,7,19,23,31,47,29
ENSG00000232611.1,ENSG00000232611,52,51,50,44,35,30,23
ENSG00000232653.9,GOLGA8N,22,37,8,13,29,33,5
ENSG00000232677.11,LINC00665,853,470,577,699,707,715,503
ENSG00000232759.1,STEAP1B-AS1,11,19,13,46,7,23,26
ENSG00000232774.8,LINC03033,50,5,9,17,3,10,62
ENSG00000232859.10,LYRM9,104,95,61,41,132,61,59
ENSG00000232931.6,LINC00342,426,470,673,425,311,394,272
ENSG00000232956.10,SNHG15,289,205,314,337,165,156,122
ENSG00000232977.7,LINC00327,92,52,90,187,148,143,106
ENSG00000233006.8,MIR3936HG,54,29,78,30,29,38,20
ENSG00000233016.9,SNHG7,773,694,556,694,716,528,519
ENSG00000233056.4,ERVH48-1,8,8,5,9,8,31,38
ENSG00000233087.8,RAB6D,22,1,29,4,11,38,19
ENSG00000233098.10,CCDC144NL-AS1,493,405,174,876,1712,231,458
ENSG00000233117.4,LINC00702,22,66,28,80,75,32,62
ENSG00000233184.9,DPH5-DT,169,109,141,181,124,79,88
ENSG00000233223.5,ENSG00000233223,70,75,36,37,114,51,41
ENSG00000233237.9,LINC00472,471,202,406,362,305,202,516
ENSG00000233251.8,ENSG00000233251,290,63,108,44,16,170,102
ENSG00000233276.9,GPX1,1700,385,1177,1094,879,1703,1468
ENSG00000233396.9,LINC01719,58,53,23,16,98,64,37
ENSG00000233452.9,STXBP5-AS1,5,18,27,6,5,16,26
ENSG00000233461.6,ENSG00000233461,52,16,23,19,29,22,33
ENSG00000233521.8,LINC01638,129,154,51,125,54,51,56
ENSG00000233527.10,ZNF529-AS1,103,76,66,72,127,77,72
ENSG00000233554.6,B4GALT1-AS1,38,5,15,19,30,42,29
ENSG00000233581.1,ENSG00000233581,21,1,28,33,2,33,36
ENSG00000233593.12,LINC02609,21,15,6,11,42,33,19
ENSG00000233611.4,GBX2-AS1,48,53,48,76,39,31,19
ENSG00000233621.3,ZC3H12A-DT,298,121,178,152,219,240,148
ENSG00000233682.3,FNDC1-AS1,11,3,3,19,46,20,42
ENSG00000233695.2,GAS6-AS1,205,13,65,68,16,58,39
ENSG00000233757.7,ZNF892,247,321,144,188,513,203,157
ENSG00000233806.9,LINC01237,36,31,8,26,24,12,15
ENSG00000233818.1,CLDN14-AS1,65,0,32,46,7,92,83
ENSG00000233822.6,H2BC15,78,20,40,41,58,98,78
ENSG00000233860.2,SHROOM3-AS1,6,32,8,18,42,3,3
ENSG00000233901.8,LINC01503,199,318,46,62,525,81,45
ENSG00000233930.4,KRTAP5-AS1,42,3,37,35,18,86,22
ENSG00000233937.9,CTC-338M12.4,107,82,66,115,93,56,86
ENSG00000233954.7,UQCRHL,267,154,193,253,177,150,127
ENSG00000233967.7,ENSG00000233967,27,16,21,33,33,16,10
ENSG00000234028.4,EIF2AK3-DT,27,34,21,18,38,42,18
ENSG00000234072.1,GTF3C2-AS2,219,171,188,222,230,165,216
ENSG00000234127.9,TRIM26,1296,1009,1160,1343,1301,1101,1207
ENSG00000234160.1,ENSG00000234160,27,33,49,37,23,25,23
ENSG00000234171.5,RNASEH1-DT,149,87,119,136,138,83,149
ENSG00000234284.7,ZNF879,87,118,65,56,206,69,35
ENSG00000234327.10,ZNF232-AS1,37,43,38,48,84,51,48
ENSG00000234390.4,USP27X-DT,26,19,19,20,31,30,25
ENSG00000234405.2,ENSG00000234405,35,42,14,14,29,14,18
ENSG00000234444.10,ZNF736,101,22,32,0,60,103,40
ENSG00000234456.10,MAGI2-AS3,1398,1220,722,1189,1759,1283,1492
ENSG00000234465.11,PINLYP,62,53,42,49,58,27,31
ENSG00000234545.8,FAM133B,306,295,262,292,344,192,179
ENSG00000234546.5,LNCTAM34A,124,47,61,57,97,84,71
ENSG00000234608.9,MAPKAPK5-AS1,365,273,253,248,379,218,213
ENSG00000234616.9,JRK,731,1207,609,670,1221,488,620
ENSG00000234684.8,SDCBP2-AS1,51,50,12,22,76,35,40
ENSG00000234690.7,EPCAM-DT,32,32,10,20,35,7,13
ENSG00000234719.9,NPIPB2,26,28,14,26,78,16,15
ENSG00000234741.10,GAS5,2653,1837,2744,2215,1463,1088,1784
ENSG00000234745.14,HLA-B,958,1279,4556,1854,958,1509,945
ENSG00000234771.3,SLC25A25-AS1,114,73,166,126,131,57,92
ENSG00000234840.2,LINC01239,117,49,107,144,166,115,132
ENSG00000234869.1,LINC02925,105,10,61,39,65,51,46
ENSG00000234899.11,SOX9-AS1,8,27,0,4,51,4,5
ENSG00000234912.12,SNHG20,95,93,138,109,70,70,92
ENSG00000234961.1,ENSG00000234961,175,22,303,317,38,13,43
ENSG00000235026.8,DPP10-AS1,19,6,7,5,57,9,31
ENSG00000235034.7,C19orf81,20,8,16,7,30,38,31
ENSG00000235092.7,ID2-AS1,35,69,21,25,175,8,21
ENSG00000235098.9,ANKRD65,92,21,9,35,34,23,6
ENSG00000235106.10,BRD3OS,880,642,548,658,1480,790,663
ENSG00000235109.8,ZSCAN31,65,68,47,40,56,41,32
ENSG00000235162.9,C12orf75,3630,1270,7913,4603,1302,5314,4803
ENSG00000235169.11,SMIM1,92,34,18,16,49,44,23
ENSG00000235173.7,HGH1,622,455,552,517,693,543,476
ENSG00000235194.9,PPP1R3E,193,246,64,127,290,116,140
ENSG00000235257.11,ITGA9-AS1,81,128,40,53,103,54,53
ENSG00000235381.1,ENSG00000235381,38,21,36,19,22,10,16
ENSG00000235385.3,LINC02154,29,6,26,15,5,21,81
ENSG00000235437.10,LINC01278,1034,435,495,697,937,578,752
ENSG00000235453.12,SMIM27,158,90,68,80,109,98,109
ENSG00000235501.8,CNN3-DT,131,146,111,129,196,86,161
ENSG00000235531.11,MSC-AS1,557,2,19,196,92,310,133
ENSG00000235590.9,GNAS-AS1,27,26,12,20,18,49,32
ENSG00000235609.7,ENSG00000235609,78,163,45,50,198,61,38
ENSG00000235652.11,EPM2A-DT,48,48,6,11,75,20,16
ENSG00000235703.7,EOLA2-DT,45,58,81,34,48,20,28
ENSG00000235706.9,DICER1-AS1,65,58,41,35,56,18,15
ENSG00000235750.10,KIAA0040,35,22,31,48,456,47,92
ENSG00000235770.6,LINC00607,35,17,9,54,44,42,19
ENSG00000235823.5,OLMALINC,258,381,170,259,500,112,186
ENSG00000235831.8,BHLHE40-AS1,55,26,29,25,37,36,28
ENSG00000235863.4,B3GALT4,117,86,61,62,120,65,43
ENSG00000235890.2,TSPEAR-AS1,18,58,2,2,82,12,6
ENSG00000235919.5,ASH1L-AS1,28,34,20,18,30,7,27
ENSG00000235954.9,TTC28-AS1,284,238,232,245,360,142,143
ENSG00000235961.6,PNMA6A,35,57,31,32,114,60,63
ENSG00000236039.3,LINC02889,6,92,16,55,30,28,26
ENSG00000236088.12,COX10-DT,220,261,119,205,309,201,156
ENSG00000236094.3,LINC00545,69,6,2,43,22,21,45
ENSG00000236104.3,ZBTB22,1154,999,684,769,1263,744,688
ENSG00000236144.9,TMEM147-AS1,225,199,193,192,240,99,130
ENSG00000236255.2,ENSG00000236255,80,59,141,97,62,60,62
ENSG00000236287.8,ZBED5,992,1144,842,972,1758,868,817
ENSG00000236404.12,VLDLR-AS1,24,32,13,35,35,24,16
ENSG00000236432.8,MFF-DT,36,27,21,37,64,32,40
ENSG00000236502.3,SIX3-AS1,126,0,40,13,2,74,45
ENSG00000236548.3,RNF217-AS1,44,25,22,15,50,22,25
ENSG00000236609.4,ZNF853,343,641,334,254,1290,330,394
ENSG00000236618.3,PITPNA-AS1,124,108,68,91,146,69,86
ENSG00000236682.4,MAP3K2-DT,82,57,114,67,105,40,89
ENSG00000236753.7,MKLN1-AS,128,82,86,104,76,102,91
ENSG00000236778.8,INTS6-AS1,26,25,20,26,32,9,11
ENSG00000236782.8,ZNF593OS,49,3,17,59,42,5,76
ENSG00000236810.8,ELOA-AS1,54,45,32,33,37,26,22
ENSG00000236859.8,NIFK-AS1,67,84,45,54,120,46,46
ENSG00000236901.6,MIR600HG,72,133,129,60,114,74,53
ENSG00000236914.4,LINC01852,97,34,39,54,39,41,62
ENSG00000236915.3,CLCA4-AS1,39,12,16,20,23,50,45
ENSG00000236968.1,ENSG00000236968,11,3,2,41,14,9,26
ENSG00000237036.7,ZEB1-AS1,72,101,47,48,168,42,57
ENSG00000237037.9,NDUFA6-DT,45,52,14,28,98,20,12
ENSG00000237149.5,ZNF503-AS2,41,20,17,21,30,30,95
ENSG00000237172.4,B3GNT9,539,634,276,190,976,493,348
ENSG00000237187.9,NR2F1-AS1,67,575,156,203,622,80,211
ENSG00000237190.4,CDKN2AIPNL,413,366,348,332,543,349,284
ENSG00000237283.2,ENSG00000237283,0,26,0,0,86,0,0
ENSG00000237298.11,TTN-AS1,227,277,202,230,331,250,220
ENSG00000237356.7,ENSG00000237356,34,28,15,17,51,27,13
ENSG00000237399.7,PITRM1-AS1,27,9,31,28,10,13,16
ENSG00000237440.9,ZNF737,516,350,250,255,591,466,230
ENSG00000237441.10,RGL2,1543,1707,1301,1070,1753,884,996
ENSG00000237489.5,C10orf143,38,33,16,21,45,12,16
ENSG00000237515.10,SHISA9,749,17,483,929,690,586,1173
ENSG00000237523.2,LINC00857,27,3,16,31,5,17,27
ENSG00000237649.8,KIFC1,402,1904,958,1194,1149,158,337
ENSG00000237753.2,SLC20A1-DT,68,35,59,34,48,17,27
ENSG00000237765.8,FAM200B,788,305,627,683,466,507,806
ENSG00000237819.7,CDK6-AS1,25,9,29,22,34,25,24
ENSG00000237886.2,NALT1,93,51,34,35,73,29,29
ENSG00000237943.8,PRKCQ-AS1,29,25,57,20,79,36,42
ENSG00000237945.9,LINC00649,24,287,12,13,182,91,22
ENSG00000237975.7,FLG-AS1,0,7,152,0,16,82,297
ENSG00000237976.2,RFX5-AS1,66,29,20,37,91,27,62
ENSG00000238045.9,MVP-DT,54,29,45,50,33,10,12
ENSG00000238058.2,CAMSAP1-DT,42,28,18,40,57,52,38
ENSG00000238083.10,LRRC37A2,82,44,58,75,54,19,52
ENSG00000238113.7,LINC01410,35,35,120,18,33,84,74
ENSG00000238142.4,ENSG00000238142,88,94,46,68,140,58,50
ENSG00000238207.2,ENSG00000238207,6,26,19,4,34,13,20
ENSG00000238227.8,TMEM250,955,759,928,814,1434,1063,1027
ENSG00000238243.3,OR2W3,135,5,74,143,15,105,41
ENSG00000239213.7,NCK1-DT,70,21,24,51,54,44,33
ENSG00000239264.9,TXNDC5,471,229,247,395,343,868,512
ENSG00000239282.8,CASTOR1,82,23,64,61,56,51,41
ENSG00000239305.7,RNF103,1143,795,1047,794,1204,1328,928
ENSG00000239306.5,RBM14,1036,1123,939,1042,1397,758,926
ENSG00000239382.11,ALKBH6,53,44,75,63,62,34,38
ENSG00000239407.5,ENSG00000239407,39,54,28,35,60,40,20
ENSG00000239474.7,KLHL41,20,379,1,6,47,11,5
ENSG00000239523.8,MYLK-AS1,22,41,23,22,34,11,12
ENSG00000239672.8,NME1,1183,498,1483,1330,617,930,915
ENSG00000239697.12,TNFSF12,62,115,138,103,93,73,59
ENSG00000239779.7,WBP1,507,350,316,304,609,249,277
ENSG00000239857.7,GET4,284,102,194,192,296,219,273
ENSG00000239887.6,C1orf226,27,173,45,51,156,55,46
ENSG00000239900.14,ADSL,460,285,396,436,278,276,234
ENSG00000239922.2,ENSG00000239922,21,183,13,10,63,13,13
ENSG00000240038.8,AMY2B,32,11,28,16,19,9,11
ENSG00000240053.9,LY6G5B,88,77,70,115,76,50,50
ENSG00000240057.8,NEPRO-AS1,24,25,15,16,33,17,23
ENSG00000240137.8,ERICH6-AS1,58,36,33,36,61,54,32
ENSG00000240184.7,PCDHGC3,859,2779,1069,270,2998,1128,2248
ENSG00000240230.6,COX19,455,398,332,424,456,549,380
ENSG00000240291.1,ENSG00000240291,22,28,31,15,26,9,8
ENSG00000240303.8,ACAD11,67,53,73,47,66,38,38
ENSG00000240344.10,PPIL3,611,527,274,372,561,385,175
ENSG00000240445.6,FOXO3B,396,477,275,442,817,466,509
ENSG00000240476.1,LINC00973,180,2,590,150,7,315,254
ENSG00000240498.9,CDKN2B-AS1,273,10,126,1282,79,102,202
ENSG00000240563.2,L1TD1,64,93,85,402,52,62,64
ENSG00000240583.14,AQP1,1242,297,919,1369,808,668,516
ENSG00000240682.10,ISY1,276,308,254,291,522,244,211
ENSG00000240694.9,PNMA2,690,44,647,691,45,684,314
ENSG00000240731.1,ENSG00000240731,18,32,16,30,35,2,13
ENSG00000240764.4,PCDHGC5,112,64,27,173,227,85,130
ENSG00000240771.8,ARHGEF25,393,621,270,210,898,213,251
ENSG00000240849.11,PEDS1,1490,789,1297,1135,1012,1061,1004
ENSG00000240857.2,RDH14,389,237,431,289,394,324,251
ENSG00000240875.6,LINC00886,99,29,42,130,66,54,64
ENSG00000240889.1,NDUFB2-AS1,57,11,56,41,21,73,66
ENSG00000240891.8,PLCXD2,409,198,248,394,659,692,516
ENSG00000240972.2,MIF,3231,1373,2468,2003,2469,2864,3002
ENSG00000241058.4,NSUN6,220,150,205,157,162,127,107
ENSG00000241127.8,YAE1,325,266,182,252,365,274,228
ENSG00000241258.7,CRCP,882,506,736,725,675,738,673
ENSG00000241288.8,LINC02614,62,44,46,56,28,29,16
ENSG00000241316.8,SUCLG2-DT,114,52,32,52,84,62,26
ENSG00000241360.2,PDXP,50,22,32,31,122,73,64
ENSG00000241370.6,RPP21,37,37,42,43,39,21,30
ENSG00000241399.7,CD302,57,234,58,70,159,56,27
ENSG00000241404.7,EGFL8,70,50,65,72,53,19,21
ENSG00000241468.8,ATP5MF,1568,881,1132,1226,1537,1336,1377
ENSG00000241472.8,PTPRG-AS1,39,26,11,27,70,15,18
ENSG00000241489.8,ENSG00000241489,44,28,21,24,28,11,13
ENSG00000241553.13,ARPC4,2819,1397,3053,2466,1930,2141,2563
ENSG00000241684.8,ADAMTS9-AS2,43,10,14,46,26,49,15
ENSG00000241685.10,ARPC1A,597,406,644,532,483,547,505
ENSG00000241697.5,TMEFF1,77,60,30,32,241,69,101
ENSG00000241764.5,CBLL1-AS1,53,18,42,53,30,60,48
ENSG00000241837.7,ATP5PO,1193,761,963,1118,843,510,448
ENSG00000241839.10,PLEKHO2,538,699,453,719,683,428,490
ENSG00000241852.11,C8orf58,1105,571,776,820,1183,763,872
ENSG00000241878.12,PISD,978,791,1592,896,708,653,899
ENSG00000241935.9,HOGA1,94,11,16,25,15,34,15
ENSG00000241945.8,PWP2,1,19,49,13,21,10,45
ENSG00000241973.11,PI4KA,2260,2714,1482,1826,2344,1813,1542
ENSG00000242028.8,HYPK,51,56,33,78,42,19,29
ENSG00000242086.8,MUC20-OT1,252,180,251,302,215,101,147
ENSG00000242114.6,MTFP1,38,35,54,45,45,26,44
ENSG00000242125.3,SNHG3,651,544,847,1063,319,264,463
ENSG00000242173.10,ARHGDIG,31,1,36,17,30,41,21
ENSG00000242193.11,CRYZL2P,183,67,126,114,167,93,78
ENSG00000242242.7,NECTIN3-AS1,2204,158,688,918,889,426,1254
ENSG00000242247.11,ARFGAP3,2250,1400,1567,1793,1721,2180,1653
ENSG00000242259.9,C22orf39,647,497,431,479,724,412,483
ENSG00000242265.6,PEG10,11105,12498,15870,17529,9344,21284,10840
ENSG00000242372.9,EIF6,3692,1152,4679,3143,1261,2803,2271
ENSG00000242419.6,PCDHGC4,184,217,68,331,480,95,320
ENSG00000242474.3,LINC03015,56,70,51,46,112,50,48
ENSG00000242498.8,ARPIN,639,1497,406,544,1405,469,376
ENSG00000242516.4,LINC00960,682,124,315,138,260,432,184
ENSG00000242588.7,ENSG00000242588,1495,1406,1034,1062,1349,770,737
ENSG00000242612.7,DECR2,340,271,290,177,315,201,126
ENSG00000242616.4,GNG10,89,50,66,62,78,76,71
ENSG00000242622.4,GSK3B-DT,45,59,50,42,64,29,27
ENSG00000242715.8,CCDC169,14,11,39,23,23,32,30
ENSG00000242732.6,RTL5,937,692,584,772,834,693,705
ENSG00000242759.10,LINC00882,69,10,43,156,36,39,47
ENSG00000242802.9,AP5Z1,2039,895,2573,1733,1589,1743,2235
ENSG00000242808.12,SOX2-OT,13,6,38,13,15,3,26
ENSG00000243089.2,ENSG00000243089,14,29,9,128,67,3,21
ENSG00000243137.8,PSG4,3,5,105,0,5,1734,24
ENSG00000243156.9,MICAL3,2038,1110,1690,1980,994,2898,1802
ENSG00000243176.8,ENSG00000243176,59,52,32,26,43,42,21
ENSG00000243232.6,PCDHAC2,184,159,103,99,137,187,146
ENSG00000243244.7,STON1,416,600,180,360,1512,380,564
ENSG00000243279.4,PRAF2,1080,458,711,563,710,621,838
ENSG00000243317.8,STMP1,1691,1199,897,1413,1850,1233,1088
ENSG00000243335.10,KCTD7,1206,808,585,878,1008,811,734
ENSG00000243364.8,EFNA4,291,438,522,338,928,246,286
ENSG00000243449.8,C4orf48,293,95,341,99,495,418,410
ENSG00000243477.6,NAA80,217,196,146,159,232,147,141
ENSG00000243646.11,IL10RB,56,24,43,36,32,40,10
ENSG00000243649.10,CFB,1,39,0,1,36,2,0
ENSG00000243660.12,ZNF487,81,47,42,62,81,61,59
ENSG00000243667.7,DNAAF10,180,130,143,140,208,111,94
ENSG00000243678.12,NME2,413,170,231,236,266,370,261
ENSG00000243701.8,DUBR,728,330,304,314,618,410,412
ENSG00000243709.1,LEFTY1,49,8,1,14,165,5,11
ENSG00000243716.12,NPIPB5,64,47,47,82,47,43,31
ENSG00000243725.7,TTC4,48,53,44,49,69,42,43
ENSG00000243943.10,ZNF512,1015,1067,806,777,1241,629,654
ENSG00000243978.9,RTL9,18,15,3,26,32,33,35
ENSG00000243989.9,ACY1,32,19,24,23,37,24,22
ENSG00000244005.13,NFS1,805,308,611,544,486,494,495
ENSG00000244038.11,DDOST,12979,8459,12220,9278,10486,10105,7946
ENSG00000244041.7,LINC01011,39,31,17,24,45,20,21
ENSG00000244045.13,TMEM199,512,306,492,413,481,403,375
ENSG00000244055.2,ENSG00000244055,38,63,86,66,60,69,42
ENSG00000244165.2,P2RY11,115,74,171,104,144,81,103
ENSG00000244187.8,TMEM141,487,225,241,312,313,335,303
ENSG00000244198.7,ARHGEF35-AS1,59,41,14,49,54,30,31
ENSG00000244242.2,IFITM10,66,28,16,8,625,65,33
ENSG00000244380.1,ENSG00000244380,28,13,36,48,8,4,6
ENSG00000244405.8,ETV5,1369,216,784,770,1174,1816,1471
ENSG00000244462.8,RBM12,2515,2823,2010,2505,3488,2150,2240
ENSG00000244486.9,SCARF2,530,1255,627,624,2651,899,1041
ENSG00000244509.4,APOBEC3C,1378,636,1180,885,573,1277,759
ENSG00000244625.7,MIATNB,89,95,49,84,69,49,50
ENSG00000244687.13,UBE2V1,68,45,27,57,36,30,39
ENSG00000244694.8,PTCHD4,1041,259,875,530,884,1753,1392
ENSG00000244701.1,ENSG00000244701,31,20,48,33,20,22,57
ENSG00000244754.9,N4BP2L2,1599,1835,1263,1477,1693,1176,841
ENSG00000244879.10,GABPB1-AS1,301,416,336,569,429,135,353
ENSG00000245025.3,ENSG00000245025,60,46,58,81,109,60,82
ENSG00000245060.8,LINC00847,206,211,165,144,295,138,155
ENSG00000245067.8,IGFBP7-AS1,197,45,156,164,261,108,145
ENSG00000245105.4,A2M-AS1,34,148,21,81,176,26,29
ENSG00000245149.6,RNF139-DT,27,37,17,27,34,13,32
ENSG00000245213.7,GALNT7-DT,52,15,36,33,25,35,34
ENSG00000245317.2,MRNIP-DT,34,25,11,16,32,9,21
ENSG00000245498.7,MSANTD2-AS1,125,64,52,31,124,52,85
ENSG00000245522.2,LINC02709,65,27,38,53,8,15,19
ENSG00000245532.11,NEAT1,2997,1478,2184,1482,709,1064,803
ENSG00000245552.9,LNCRNA-IUR,22,35,21,30,58,21,41
ENSG00000245556.5,SCAMP1-AS1,101,60,84,71,105,51,84
ENSG00000245571.7,FAM111A-DT,145,53,86,73,44,55,39
ENSG00000245573.9,BDNF-AS,35,40,19,22,53,11,11
ENSG00000245598.7,DACT3-AS1,39,51,4,12,117,31,22
ENSG00000245648.2,KLRK1-AS1,45,17,31,26,8,61,23
ENSG00000245680.11,ZNF585B,437,332,290,275,445,357,261
ENSG00000245694.12,CRNDE,350,716,285,353,406,229,229
ENSG00000245849.8,RAD51-AS1,113,80,73,102,95,39,50
ENSG00000245910.9,SNHG6,873,587,488,663,795,553,600
ENSG00000245937.10,SLC12A2-DT,230,172,162,142,233,273,170
ENSG00000246067.10,RAB30-DT,107,113,75,94,130,57,69
ENSG00000246082.4,NUDT16L2P,54,22,40,42,24,56,39
ENSG00000246089.5,MCPH1-DT,79,75,77,69,140,52,119
ENSG00000246090.9,ENSG00000246090,98,70,61,107,106,29,44
ENSG00000246100.5,LINC00900,32,32,27,19,119,27,20
ENSG00000246174.10,KCTD21-AS1,66,44,34,45,76,31,22
ENSG00000246273.9,SBF2-AS1,53,49,24,31,36,53,37
ENSG00000246339.6,EXTL3-AS1,22,19,43,17,40,10,22
ENSG00000246560.3,UBE2D3-AS1,65,27,34,37,75,48,72
ENSG00000246582.3,TNFRSF10A-DT,46,7,69,20,11,58,35
ENSG00000246640.2,PICART1,19,2,25,29,9,23,23
ENSG00000246695.9,RASSF8-AS1,291,271,206,188,347,283,158
ENSG00000246705.5,H2AJ,762,664,449,396,614,326,577
ENSG00000246777.1,DYNC1LI2-DT,34,10,10,24,21,35,37
ENSG00000246898.2,LINC00920,14,46,19,13,58,24,12
ENSG00000246922.10,UBAP1L,49,76,83,60,68,19,20
ENSG00000247077.8,PGAM5,858,496,777,802,748,615,563
ENSG00000247081.8,BAALC-AS1,185,289,74,123,369,209,123
ENSG00000247092.9,SNHG10,101,98,91,118,114,62,77
ENSG00000247095.5,MIR210HG,121,53,41,66,55,70,48
ENSG00000247121.8,ENSG00000247121,41,32,42,36,43,22,29
ENSG00000247134.8,ENSG00000247134,652,376,344,314,612,447,369
ENSG00000247137.9,ANKRD42-DT,37,31,15,47,31,18,23
ENSG00000247157.7,LINC01252,36,38,16,6,44,13,14
ENSG00000247199.6,FBXO38-DT,21,29,13,24,45,18,12
ENSG00000247240.10,UBL7-DT,47,78,57,76,104,37,37
ENSG00000247271.9,ZBED5-AS1,128,74,90,68,129,96,124
ENSG00000247315.4,ZCCHC3,993,1435,787,896,2018,1002,1030
ENSG00000247373.3,TMED2-DT,25,26,25,30,10,9,17
ENSG00000247400.6,DNAJC3-DT,82,83,28,77,106,20,23
ENSG00000247498.11,GPRC5D-AS1,39,0,0,21,1,209,0
ENSG00000247516.8,MIR4458HG,83,26,8,31,36,0,0
ENSG00000247556.7,OIP5-AS1,3045,3124,1786,2531,4154,2382,2156
ENSG00000247572.9,CKMT2-AS1,141,167,54,89,195,77,83
ENSG00000247596.10,TWF2,1698,787,1626,1491,926,1429,1179
ENSG00000247626.5,MARS2,225,121,278,227,197,217,187
ENSG00000247679.3,ENSG00000247679,85,63,66,70,91,111,83
ENSG00000247708.8,STX18-AS1,110,166,36,67,356,38,50
ENSG00000247735.2,KCTD13-DT,23,30,9,21,47,15,16
ENSG00000247746.5,USP51,107,173,80,124,155,132,157
ENSG00000247796.3,MOCS2-DT,65,28,35,40,40,33,37
ENSG00000247809.11,NR2F2-AS1,124,120,96,50,55,63,55
ENSG00000247828.10,TMEM161B-DT,214,220,165,148,209,125,179
ENSG00000247934.4,ENSG00000247934,53,21,12,25,57,29,38
ENSG00000247950.9,SEC24B-AS1,47,56,25,28,60,25,35
ENSG00000247982.7,LINC00926,21,36,80,55,42,33,31
ENSG00000248008.5,NRAV,269,145,222,179,280,168,210
ENSG00000248015.7,ENSG00000248015,28,28,31,23,38,18,22
ENSG00000248049.8,UBA6-DT,623,287,336,436,360,455,381
ENSG00000248092.8,NNT-AS1,268,243,222,224,342,191,194
ENSG00000248098.12,BCKDHA,43,16,15,27,55,28,24
ENSG00000248187.1,ENSG00000248187,385,450,150,2352,398,172,336
ENSG00000248275.3,TRIM52-AS1,217,226,57,182,270,154,84
ENSG00000248323.8,LUCAT1,41,2,10,32,4,16,38
ENSG00000248333.9,CDK11B,652,781,871,792,1027,687,698
ENSG00000248383.5,PCDHAC1,102,53,60,83,57,120,109
ENSG00000248429.5,GASK1B-AS1,218,51,59,104,95,150,131
ENSG00000248458.2,ENSG00000248458,31,1,12,28,45,52,42
ENSG00000248487.10,ABHD14A,161,91,116,78,107,114,94
ENSG00000248508.10,SRP14-DT,52,35,38,58,37,17,41
ENSG00000248544.2,ENSG00000248544,4,32,1,138,86,5,6
ENSG00000248587.8,GDNF-AS1,81,8,46,21,6,29,30
ENSG00000248746.6,ACTN3,12,47,10,40,36,1,1
ENSG00000248866.1,USP46-DT,88,94,25,68,283,71,81
ENSG00000248890.4,HHIP-AS1,42,61,24,43,203,108,48
ENSG00000248905.10,FMN1,478,260,83,221,375,399,377
ENSG00000248932.8,COPB2-DT,161,141,60,121,239,111,110
ENSG00000249042.6,FAM151B-DT,262,176,43,92,247,179,49
ENSG00000249087.9,ZNF436-AS1,74,77,57,76,91,46,66
ENSG00000249115.9,HAUS5,349,682,321,406,620,132,226
ENSG00000249158.7,PCDHA11,25,155,172,111,168,255,71
ENSG00000249242.8,TMEM150C,21,112,58,31,245,71,40
ENSG00000249306.7,LINC01411,99,43,8,145,117,130,80
ENSG00000249348.2,UGDH-AS1,98,113,29,72,134,50,45
ENSG00000249378.8,LINC01060,3,5,26,43,2,1,19
ENSG00000249395.4,CASC9,29,45,25,14,74,63,39
ENSG00000249406.3,ENSG00000249406,521,227,207,574,93,100,128
ENSG00000249456.1,ENSG00000249456,12,11,10,10,46,22,30
ENSG00000249471.8,ZNF324B,114,112,84,113,172,98,93
ENSG00000249572.3,TARS1-DT,66,38,18,20,56,24,27
ENSG00000249592.7,PCGF3-AS1,169,130,89,151,203,100,81
ENSG00000249669.12,CARMN,328,408,123,785,711,77,165
ENSG00000249673.9,NOP14-AS1,470,284,281,247,444,405,316
ENSG00000249790.3,LINC02972,505,62,134,448,306,395,253
ENSG00000249803.6,ENSG00000249803,61,42,21,41,56,58,33
ENSG00000249846.7,LINC02021,38,42,17,27,57,8,29
ENSG00000249853.9,HS3ST5,142,3,47,21,26,92,24
ENSG00000249859.14,PVT1,421,87,549,281,143,324,266
ENSG00000249898.10,MCPH1-AS1,32,80,23,33,110,9,19
ENSG00000249915.9,PDCD6,176,199,161,221,202,114,138
ENSG00000249992.2,TMEM158,57,44,180,68,117,251,126
ENSG00000250067.12,YJEFN3,112,115,93,115,241,66,78
ENSG00000250091.3,DNAH10OS,297,306,139,163,626,290,243
ENSG00000250120.8,PCDHA10,436,483,474,433,1002,1633,468
ENSG00000250131.2,AGA-DT,6,10,58,5,12,1,68
ENSG00000250132.6,ENSG00000250132,69,99,38,34,103,34,32
ENSG00000250208.7,FZD10-AS1,2,180,9,69,540,2,3
ENSG00000250240.6,ENSG00000250240,38,43,10,17,24,27,30
ENSG00000250241.7,PCDH10-DT,306,41,75,110,129,220,189
ENSG00000250284.3,ENSG00000250284,105,105,73,101,199,117,63
ENSG00000250303.6,LINC02762,30,64,15,19,199,26,18
ENSG00000250305.9,TRMT9B,61,147,30,66,228,79,40
ENSG00000250312.8,ZNF718,116,289,154,113,299,161,174
ENSG00000250317.9,SMIM20,436,287,379,347,479,366,311
ENSG00000250320.7,EDIL3-DT,422,253,116,158,669,459,243
ENSG00000250337.10,PURPL,1623,367,978,907,559,1546,637
ENSG00000250366.4,TUNAR,10,11,12,19,172,34,50
ENSG00000250479.9,CHCHD10,392,240,408,317,355,400,651
ENSG00000250506.9,CDK3,19,15,28,19,36,6,12
ENSG00000250510.8,GPR162,187,469,152,116,505,116,136
ENSG00000250519.7,ENSG00000250519,32,52,75,31,44,40,35
ENSG00000250565.7,ATP6V1E2,81,94,45,54,170,72,72
ENSG00000250571.7,GLI4,342,178,271,256,429,176,287
ENSG00000250579.3,ADAMTS16-DT,229,16,55,95,544,36,109
ENSG00000250616.4,YPEL3-DT,24,34,3,13,46,8,10
ENSG00000250722.6,SELENOP,316,1363,49,141,600,70,157
ENSG00000250786.4,SNHG18,1278,566,399,618,525,599,799
ENSG00000250802.7,ZBED3-AS1,52,65,39,58,87,29,28
ENSG00000250899.3,ENSG00000250899,146,268,140,263,179,150,198
ENSG00000250903.11,GMDS-DT,115,124,49,46,162,68,46
ENSG00000251003.9,ZFPM2-AS1,128,46,38,69,35,57,19
ENSG00000251022.6,THAP9-AS1,811,707,711,540,755,648,604
ENSG00000251095.8,ENSG00000251095,632,17,162,151,95,402,434
ENSG00000251129.3,LINC02506,3,4,3,254,11,1,103
ENSG00000251136.11,RIPK2-DT,203,243,248,204,400,208,124
ENSG00000251143.1,ENSG00000251143,30,30,36,37,13,14,22
ENSG00000251192.8,ZNF674,188,83,107,128,149,153,78
ENSG00000251247.13,ZNF345,170,153,77,117,214,88,95
ENSG00000251322.11,SHANK3,631,877,520,542,1823,933,992
ENSG00000251363.3,LINC02315,12,43,13,19,56,68,11
ENSG00000251369.10,ZNF550,519,399,217,322,354,245,219
ENSG00000251405.3,NIPAL4-DT,8,34,2,46,106,7,9
ENSG00000251432.8,LINC02615,198,38,137,155,40,67,63
ENSG00000251493.5,FOXD1,76,6,190,322,275,232,233
ENSG00000251562.11,MALAT1,6021,4816,11406,5714,2868,2622,2247
ENSG00000251580.3,LINC02482,40,31,26,36,51,38,27
ENSG00000251602.7,MTA1-DT,66,99,57,47,168,37,72
ENSG00000251615.3,ENSG00000251615,125,82,39,52,132,94,91
ENSG00000251664.5,PCDHA12,518,344,337,480,594,273,601
ENSG00000251867.4,ENSG00000251867,44,34,33,19,73,33,48
ENSG00000252690.3,ENSG00000252690,35,32,36,38,24,14,22
ENSG00000253106.1,ENSG00000253106,26,26,25,15,28,30,18
ENSG00000253200.1,ENSG00000253200,105,77,98,137,79,116,79
ENSG00000253210.4,DENND3-AS1,59,33,14,12,63,23,14
ENSG00000253250.3,C8orf88,294,206,163,139,223,234,139
ENSG00000253251.3,SHLD3,50,38,18,64,62,56,37
ENSG00000253276.5,CCDC71L,532,632,382,412,1190,742,778
ENSG00000253304.2,TMEM200B,232,521,139,172,279,186,154
ENSG00000253305.3,PCDHGB6,2515,3157,834,1296,3369,1466,1816
ENSG00000253320.7,MAILR,41,38,18,17,86,26,49
ENSG00000253352.10,TUG1,6597,7506,4691,5383,8955,5334,4630
ENSG00000253368.4,TRNP1,366,222,1273,360,467,986,490
ENSG00000253438.5,PCAT1,84,2,59,66,15,63,63
ENSG00000253537.3,PCDHGA7,3,94,43,0,128,3,20
ENSG00000253553.9,ENSG00000253553,8,25,1,4,49,6,16
ENSG00000253626.4,EIF5AL1,21,24,40,37,14,19,50
ENSG00000253660.1,ENSG00000253660,21,21,15,43,134,35,38
ENSG00000253661.3,ZFHX4-AS1,48,1056,12,44,841,12,39
ENSG00000253710.5,ALG11,508,362,204,339,474,423,307
ENSG00000253716.8,MINCR,66,37,29,42,43,14,30
ENSG00000253719.4,ATXN7L3B,3709,4259,2352,2668,5708,2873,2653
ENSG00000253729.9,PRKDC,5524,12928,7472,8707,8780,9173,8244
ENSG00000253731.3,PCDHGA6,5,67,66,13,45,70,102
ENSG00000253738.3,OTUD6B-AS1,783,428,458,574,779,666,494
ENSG00000253764.4,KBTBD11-AS1,130,20,55,20,19,35,14
ENSG00000253837.1,LOXL2-AS1,50,22,37,55,22,33,22
ENSG00000253846.3,PCDHGA10,1441,1322,385,692,1786,1754,1398
ENSG00000253873.6,PCDHGA11,10,153,128,23,225,161,147
ENSG00000253910.3,PCDHGB2,84,95,33,27,88,65,34
ENSG00000253953.3,PCDHGB4,183,742,322,446,1039,988,257
ENSG00000253958.2,CLDN23,32,31,51,44,52,44,69
ENSG00000253982.3,CLN8-AS1,441,357,167,229,727,349,174
ENSG00000254002.4,ENSG00000254002,57,0,9,3,1,69,10
ENSG00000254004.7,ZNF260,1118,1039,726,898,2015,1124,950
ENSG00000254087.8,LYN,702,759,870,811,592,625,731
ENSG00000254093.9,PINX1,140,111,207,196,159,148,123
ENSG00000254122.3,PCDHGB7,570,1216,332,593,1152,585,667
ENSG00000254202.2,ENSG00000254202,743,344,27,213,1267,290,519
ENSG00000254221.3,PCDHGB1,70,75,13,19,69,42,28
ENSG00000254233.1,LINC02365,109,1,26,77,11,25,92
ENSG00000254245.3,PCDHGA3,6,296,17,7,548,9,11
ENSG00000254389.3,RHPN1-AS1,36,25,10,26,98,13,11
ENSG00000254402.7,LRRC24,126,47,135,64,105,28,81
ENSG00000254413.8,CHKB-CPT1B,33,30,55,21,57,25,34
ENSG00000254469.11,XNDC1N,39,26,18,28,37,35,28
ENSG00000254470.3,AP5B1,797,694,582,562,939,616,520
ENSG00000254473.2,UBQLN1-AS1,58,20,38,40,57,27,65
ENSG00000254505.11,CHMP4A,46,29,35,33,30,18,13
ENSG00000254510.3,ENSG00000254510,45,35,31,61,126,27,72
ENSG00000254531.3,FLJ20021,134,80,34,57,99,92,73
ENSG00000254535.4,PABPC4L,149,355,54,196,508,195,213
ENSG00000254536.2,ENSG00000254536,32,28,34,36,31,12,7
ENSG00000254560.6,BBOX1-AS1,65,34,4,17,86,38,57
ENSG00000254585.5,MAGEL2,239,841,249,390,1172,506,542
ENSG00000254602.2,MIR130AHG,119,139,23,49,180,53,103
ENSG00000254614.2,CAPN1-AS1,29,29,23,35,35,31,49
ENSG00000254635.6,WAC-AS1,762,405,415,547,1092,903,614
ENSG00000254656.3,RTL1,73,11,8,62,75,68,24
ENSG00000254682.2,ENSG00000254682,93,63,19,66,103,68,26
ENSG00000254685.8,FPGT,312,243,271,256,399,235,211
ENSG00000254703.4,SENCR,1,50,11,13,54,4,1
ENSG00000254726.3,MEX3A,4361,5611,3133,4034,9104,3247,4478
ENSG00000254815.6,LMNTD2-AS1,52,7,47,18,25,23,13
ENSG00000254837.2,LIPT2-AS1,82,76,46,54,171,66,58
ENSG00000254858.10,MPV17L2,643,259,575,611,533,532,616
ENSG00000254860.7,TMEM9B-AS1,98,45,42,43,57,44,48
ENSG00000254876.5,SUGT1P4-STRA6LP,31,13,40,26,17,26,25
ENSG00000254880.1,PKNOX2-DT,32,25,9,19,34,16,21
ENSG00000254901.8,BORCS8,389,191,300,300,261,196,209
ENSG00000254986.8,DPP3,1753,869,2165,1539,1124,1493,1378
ENSG00000254995.4,STX16-NPEPL1,23,30,40,38,92,25,35
ENSG00000254996.5,ANKHD1-EIF4EBP3,40,22,58,25,46,18,14
ENSG00000254999.4,BRK1,4484,2809,3056,3330,3580,2928,3105
ENSG00000255031.5,ENSG00000255031,52,61,126,81,43,26,36
ENSG00000255052.5,FAM66D,52,28,16,38,59,32,8
ENSG00000255112.3,CHMP1B,2276,1286,1576,1773,2153,1941,2217
ENSG00000255135.5,EMSY-DT,56,77,50,57,83,24,29
ENSG00000255176.1,ENSG00000255176,26,16,25,35,17,25,19
ENSG00000255182.2,ENSG00000255182,55,58,44,46,106,60,57
ENSG00000255198.6,SNHG9,166,50,107,78,134,102,109
ENSG00000255224.2,ENSG00000255224,48,14,26,24,41,26,28
ENSG00000255248.11,MIR100HG,683,1717,607,644,3447,330,668
ENSG00000255284.4,GATD1-DT,173,131,72,78,139,80,82
ENSG00000255302.5,EID1,7689,5305,4643,5849,8797,6867,5473
ENSG00000255310.2,ENSG00000255310,179,83,96,125,169,152,148
ENSG00000255389.1,ENSG00000255389,28,60,27,31,76,25,26
ENSG00000255408.4,PCDHA3,21,85,41,12,64,90,84
ENSG00000255423.1,EBLN2,16,21,22,27,38,11,12
ENSG00000255468.7,B4GAT1-DT,52,106,19,36,186,42,20
ENSG00000255495.1,ENSG00000255495,76,54,7,95,60,31,3
ENSG00000255508.7,ENSG00000255508,34,28,20,44,27,28,41
ENSG00000255517.8,DPP3-DT,60,43,32,35,48,44,43
ENSG00000255529.9,POLR2M,662,688,424,458,726,518,438
ENSG00000255561.7,FDXACB1,55,29,45,57,45,24,20
ENSG00000255690.3,TRIL,295,1581,56,83,3400,411,352
ENSG00000255717.9,SNHG1,671,1097,1153,998,853,406,562
ENSG00000255794.11,RMST,22,66,6,45,216,11,38
ENSG00000255847.5,ENSG00000255847,34,1,33,40,23,68,27
ENSG00000255857.8,PXN-AS1,79,58,59,44,78,33,39
ENSG00000255874.4,PRECSIT,109,225,62,203,57,150,147
ENSG00000255920.4,CCND2-AS1,52,40,16,24,57,31,21
ENSG00000256043.5,CTSO,621,433,350,209,688,572,408
ENSG00000256053.9,COA8,548,262,418,430,484,487,388
ENSG00000256060.3,TRAPPC2B,131,71,75,95,131,89,72
ENSG00000256087.7,ZNF432,554,441,379,460,783,474,302
ENSG00000256092.4,SBNO1-AS1,25,35,21,23,32,19,23
ENSG00000256223.6,ZNF10,303,178,181,212,284,152,129
ENSG00000256229.8,ZNF486,238,237,165,406,349,316,203
ENSG00000256235.3,SMIM3,619,182,285,282,462,574,529
ENSG00000256269.11,HMBS,426,387,715,622,412,391,451
ENSG00000256294.8,ZNF225,205,243,191,203,325,176,142
ENSG00000256453.2,DND1,25,24,63,31,26,17,16
ENSG00000256463.10,SALL3,105,2,51,63,158,13,55
ENSG00000256525.8,POLG2,277,193,277,254,219,118,128
ENSG00000256537.5,SMIM10L1,1318,644,898,1089,1638,1420,1278
ENSG00000256546.4,LINC02985,21,17,11,24,27,50,37
ENSG00000256576.3,LINC02361,34,2,13,8,35,9,13
ENSG00000256628.4,ZBTB11-AS1,101,56,61,52,87,79,52
ENSG00000256683.7,ZNF350,199,167,129,145,242,141,113
ENSG00000256751.6,PLBD1-AS1,54,40,22,22,71,43,13
ENSG00000256771.5,ZNF253,296,343,204,289,511,258,314
ENSG00000256802.3,LCIIAR,34,14,39,51,27,52,35
ENSG00000256806.6,C17orf100,146,66,44,73,154,71,83
ENSG00000256940.4,PPP1R14B-AS1,130,19,95,84,49,126,119
ENSG00000257027.1,ENSG00000257027,35,55,39,41,38,38,31
ENSG00000257038.1,ARHGEF17-AS1,27,25,10,10,59,33,49
ENSG00000257086.1,ENSG00000257086,76,22,74,65,45,35,39
ENSG00000257093.7,DENND11,780,591,758,986,1075,812,1354
ENSG00000257103.9,LSM14A,3521,2994,2231,3127,4218,2725,2724
ENSG00000257167.3,TMPO-AS1,48,167,46,66,319,31,51
ENSG00000257218.6,GATC,1415,784,991,1022,1337,1037,1014
ENSG00000257219.6,LNCOG,99,24,121,260,22,99,83
ENSG00000257261.7,SLC38A4-AS1,81,56,20,29,23,25,52
ENSG00000257267.5,ZNF271P,1363,875,896,980,1355,983,884
ENSG00000257303.4,CNPY2-AS1,31,30,22,18,40,23,17
ENSG00000257315.4,ZBED6,59,87,6,38,183,141,111
ENSG00000257335.8,MGAM,43,9,437,111,30,110,147
ENSG00000257337.9,TNS2-AS1,60,80,52,84,126,20,42
ENSG00000257354.2,MIRLET7IHG,102,85,50,94,94,59,56
ENSG00000257365.8,FNTB,386,303,338,336,408,271,298
ENSG00000257556.4,LINC02298,24,39,22,29,42,32,23
ENSG00000257621.9,PSMA3-AS1,586,728,670,585,670,429,345
ENSG00000257642.1,C12orf75-AS1,6,0,51,28,1,13,3
ENSG00000257698.3,GIHCG,78,83,59,61,157,41,57
ENSG00000257702.5,LBX2-AS1,44,35,13,40,30,25,13
ENSG00000257704.4,INAFM1,380,193,265,182,508,432,411
ENSG00000257727.6,CNPY2,672,346,675,553,423,467,371
ENSG00000257815.9,PRANCR,76,59,38,70,84,48,54
ENSG00000257923.12,CUX1,2949,2708,1666,2007,4868,3323,2617
ENSG00000258017.3,TUBA1B-AS1,26,39,77,57,14,5,3
ENSG00000258056.3,CD63-AS1,113,71,49,56,95,60,50
ENSG00000258102.5,MAP1LC3B2,37,12,45,22,5,8,37
ENSG00000258289.10,CHURC1,957,769,1018,633,919,756,1159
ENSG00000258301.3,VASH1-AS1,127,123,147,84,100,72,62
ENSG00000258315.5,C17orf49,22,22,33,23,43,13,15
ENSG00000258366.12,RTEL1,36,61,35,34,55,40,32
ENSG00000258405.11,ZNF578,80,48,35,58,83,189,33
ENSG00000258429.2,PDF,43,22,43,43,99,74,74
ENSG00000258441.1,LINC00641,1212,1410,797,987,1086,1162,1058
ENSG00000258457.5,AJUBA-DT,28,26,7,16,22,11,28
ENSG00000258537.6,FRMD6-AS2,68,31,35,74,63,55,46
ENSG00000258559.2,ENSG00000258559,32,47,40,45,50,13,30
ENSG00000258602.2,LINC01629,223,0,208,269,1,9,283
ENSG00000258634.3,ENSG00000258634,177,370,139,197,457,160,116
ENSG00000258636.2,LRFN5-DT,27,169,16,41,162,13,20
ENSG00000258643.6,BCL2L2-PABPN1,34,16,39,39,20,22,20
ENSG00000258655.2,ARHGAP5-AS1,85,35,61,66,79,90,94
ENSG00000258727.1,AP1G2-AS1,85,70,86,97,194,36,41
ENSG00000258728.2,ENSG00000258728,45,92,57,49,64,27,31
ENSG00000258738.1,BAZ1A-AS1,53,60,36,36,80,63,55
ENSG00000258744.3,ENSG00000258744,105,101,61,75,134,111,83
ENSG00000258768.2,ENSG00000258768,55,25,28,26,28,50,42
ENSG00000258839.4,MC1R,146,111,99,125,105,92,83
ENSG00000258890.8,CEP95,529,667,511,585,645,400,402
ENSG00000258947.8,TUBB3,552,238,665,606,402,434,493
ENSG00000258955.2,LINC00519,27,1,32,35,20,34,68
ENSG00000259065.3,MIDEAS-AS1,14,60,5,7,84,36,6
ENSG00000259120.3,SMIM6,36,0,53,18,0,26,24
ENSG00000259129.6,LINC00648,20,29,5,10,91,18,13
ENSG00000259153.4,MAP3K9-DT,331,42,151,223,100,272,218
ENSG00000259207.10,ITGB3,198,126,911,557,113,340,215
ENSG00000259291.2,ZNF710-AS1,227,227,164,260,230,267,163
ENSG00000259319.2,JDP2-AS1,35,13,15,21,59,25,21
ENSG00000259330.3,INAFM2,2146,1071,1604,1817,1708,2018,1113
ENSG00000259343.9,TMC3-AS1,32,33,16,8,44,34,14
ENSG00000259363.6,ENSG00000259363,101,99,83,79,90,37,36
ENSG00000259366.3,ENSG00000259366,61,63,32,71,105,60,65
ENSG00000259370.2,ENSG00000259370,130,88,35,292,306,233,63
ENSG00000259408.2,ENSG00000259408,32,11,24,61,6,15,20
ENSG00000259426.6,KIF23-AS1,124,38,75,106,229,99,82
ENSG00000259431.6,THTPA,187,106,84,115,165,55,88
ENSG00000259439.3,LINC01833,471,0,101,45,3,207,236
ENSG00000259495.3,ARNT2-DT,28,69,39,21,157,12,25
ENSG00000259518.2,LINC01583,93,1,76,136,76,65,112
ENSG00000259529.2,ENSG00000259529,40,16,46,28,22,23,18
ENSG00000259605.3,ENSG00000259605,114,75,76,59,112,101,123
ENSG00000259627.1,ENSG00000259627,32,3,50,36,2,0,0
ENSG00000259642.2,ST20-AS1,274,63,135,123,227,326,258
ENSG00000259673.6,IQCH-AS1,63,75,30,40,94,51,48
ENSG00000259705.1,FBN1-DT,40,19,12,20,46,43,16
ENSG00000259721.1,GREM1-AS1,76,4,15,15,8,66,41
ENSG00000259727.1,ENSG00000259727,247,28,101,249,208,183,221
ENSG00000259768.8,ZFHX3-AS1,99,169,69,85,176,46,41
ENSG00000259802.3,MARCHF6-DT,47,56,35,36,52,35,27
ENSG00000259807.2,ENSG00000259807,56,193,29,51,351,72,29
ENSG00000259847.2,LINC02126,42,0,2,5,6,17,30
ENSG00000259863.1,SH3RF3-AS1,16,26,19,19,161,33,28
ENSG00000259865.1,ENSG00000259865,65,79,210,141,56,58,59
ENSG00000259877.3,ZNF778-DT,52,70,29,39,84,37,15
ENSG00000259891.1,ENSG00000259891,30,41,29,21,25,11,21
ENSG00000259943.2,ZMPSTE24-DT,56,91,51,43,124,28,57
ENSG00000259953.2,LINC02977,347,125,536,249,84,310,157
ENSG00000259956.2,RBM15B,3347,4175,1984,2603,6278,2931,2893
ENSG00000259959.1,ENSG00000259959,55,73,92,70,53,40,48
ENSG00000259969.1,ENSG00000259969,155,243,219,120,416,225,153
ENSG00000259972.3,ENSG00000259972,79,76,104,66,92,45,55
ENSG00000259977.1,ENSG00000259977,220,45,19,61,90,347,124
ENSG00000259985.1,ENSG00000259985,27,15,19,32,16,17,32
ENSG00000259994.1,ENSG00000259994,18,24,61,31,27,31,23
ENSG00000260000.3,ENSG00000260000,68,41,27,62,41,51,32
ENSG00000260007.3,ENSG00000260007,4,29,5,29,25,11,19
ENSG00000260025.2,CRIM1-DT,275,117,236,177,182,164,295
ENSG00000260032.2,NORAD,14523,14474,8082,11658,21739,12437,12217
ENSG00000260077.1,ENSG00000260077,84,69,44,47,63,41,46
ENSG00000260083.3,MIR762HG,35,32,29,33,55,35,43
ENSG00000260086.5,ENSG00000260086,66,30,4,23,137,21,24
ENSG00000260136.6,ENSG00000260136,72,24,67,65,38,51,69
ENSG00000260196.1,ENSG00000260196,49,23,104,45,21,31,17
ENSG00000260219.4,CD2BP2-DT,53,29,15,27,46,19,22
ENSG00000260230.5,FRRS1L,60,141,105,39,448,111,191
ENSG00000260231.2,KDM7A-DT,43,15,10,18,38,24,20
ENSG00000260236.2,PTPN23-DT,27,34,34,39,32,24,24
ENSG00000260257.2,ENSG00000260257,81,23,195,55,29,26,15
ENSG00000260260.3,SNHG19,188,146,113,160,105,84,99
ENSG00000260267.1,ENSG00000260267,67,84,58,49,107,59,107
ENSG00000260274.2,ENSG00000260274,31,15,24,17,39,25,35
ENSG00000260293.2,ENSG00000260293,108,390,53,65,328,52,51
ENSG00000260296.1,ENSG00000260296,45,62,39,29,40,41,18
ENSG00000260400.1,ENSG00000260400,33,60,30,24,50,21,21
ENSG00000260428.3,SCX,78,94,26,55,1085,146,14
ENSG00000260439.1,LMF1-AS1,0,34,0,2,51,0,0
ENSG00000260442.7,ATP2A1-AS1,19,44,22,29,42,13,36
ENSG00000260464.1,ENSG00000260464,36,12,5,15,40,19,24
ENSG00000260563.3,ENSG00000260563,24,33,26,23,18,12,6
ENSG00000260565.9,ERVK13-1,219,261,198,370,320,164,174
ENSG00000260577.2,CDH3-AS1,29,66,17,12,91,40,8
ENSG00000260578.1,ENSG00000260578,21,43,42,21,31,11,16
ENSG00000260604.3,ENSG00000260604,25,39,28,88,49,72,28
ENSG00000260630.9,SNAI3-AS1,197,136,138,115,176,102,113
ENSG00000260641.2,TSPAN5-DT,23,14,47,30,5,34,31
ENSG00000260708.2,TBC1D22A-DT,13,42,29,20,47,23,18
ENSG00000260719.1,ENSG00000260719,22,1,66,28,26,11,43
ENSG00000260793.4,ENSG00000260793,50,51,22,37,86,23,39
ENSG00000260802.2,SERTM2,28,3,8,1,2,92,29
ENSG00000260804.3,LINC01963,503,624,1148,591,452,610,560
ENSG00000260807.7,CEROX1,20,160,57,49,207,25,43
ENSG00000260838.3,ENSG00000260838,9,56,50,16,11,3,0
ENSG00000260852.1,FBXL19-AS1,167,96,111,158,140,207,147
ENSG00000260855.1,ENSG00000260855,22,42,37,18,41,30,44
ENSG00000260910.2,SWINGN,121,16,135,85,44,156,98
ENSG00000260912.1,ENSG00000260912,71,20,204,60,32,84,45
ENSG00000260916.8,CCPG1,1442,438,1031,820,921,1339,779
ENSG00000260917.1,ENSG00000260917,217,218,170,172,195,229,167
ENSG00000260920.2,ENSG00000260920,98,89,94,89,240,121,106
ENSG00000260942.1,CAPN10-DT,52,58,55,100,69,31,52
ENSG00000260944.3,FOXC2-AS1,31,2,40,35,3,42,33
ENSG00000260947.1,ENSG00000260947,47,48,25,21,165,57,49
ENSG00000260948.1,ENSG00000260948,36,22,20,11,17,36,24
ENSG00000261008.9,LINC01572,32,59,29,50,81,24,27
ENSG00000261040.9,WFDC21P,914,155,306,622,110,343,145
ENSG00000261087.1,ZNNT1,25,33,39,17,15,21,25
ENSG00000261094.2,ENSG00000261094,37,57,37,46,48,20,44
ENSG00000261098.1,ENSG00000261098,41,49,23,27,51,31,35
ENSG00000261115.7,TMEM178B,1048,227,1075,735,132,852,1191
ENSG00000261150.3,EPPK1,299,23,216,471,70,353,195
ENSG00000261167.1,ENSG00000261167,43,46,39,24,31,49,53
ENSG00000261168.1,ENSG00000261168,14,30,23,7,33,10,24
ENSG00000261175.6,LINC02188,215,20,387,227,46,399,329
ENSG00000261188.3,TFIP11-DT,59,60,29,45,80,34,25
ENSG00000261189.3,DSP-AS1,116,27,66,133,142,93,166
ENSG00000261211.2,ENSG00000261211,42,29,16,27,49,30,28
ENSG00000261221.5,ZNF865,637,481,536,393,1256,914,981
ENSG00000261236.8,BOP1,1176,751,1609,1695,1329,1082,977
ENSG00000261308.4,FIGNL2,208,647,212,247,197,267,712
ENSG00000261326.4,LINC01355,95,75,106,80,59,40,24
ENSG00000261327.5,ENSG00000261327,69,42,25,78,196,76,72
ENSG00000261338.2,ENSG00000261338,137,49,87,93,39,87,65
ENSG00000261342.1,ENSG00000261342,14,16,15,16,60,36,23
ENSG00000261373.1,VPS9D1-AS1,61,25,74,69,95,47,59
ENSG00000261408.7,TEN1-CDK3,35,34,56,34,49,24,28
ENSG00000261455.1,LINC01003,55,31,29,30,105,34,51
ENSG00000261488.1,TBILA,80,7,99,96,29,80,40
ENSG00000261512.2,ENSG00000261512,114,70,82,114,119,149,129
ENSG00000261526.3,ENSG00000261526,48,42,43,35,66,29,23
ENSG00000261578.1,ENSG00000261578,84,108,108,55,395,169,150
ENSG00000261594.4,TPBGL,119,125,28,43,452,139,119
ENSG00000261609.8,GAN,467,248,463,464,516,525,390
ENSG00000261652.3,PIERCE2,24,23,17,30,25,22,36
ENSG00000261655.1,ENSG00000261655,40,103,49,24,15,29,30
ENSG00000261659.2,ENSG00000261659,61,66,43,46,71,80,48
ENSG00000261740.7,BOLA2-SMG1P6,34,39,65,45,84,82,70
ENSG00000261770.1,ENSG00000261770,85,16,68,35,36,47,39
ENSG00000261786.1,ENSG00000261786,104,35,951,154,27,51,112
ENSG00000261794.2,GOLGA8H,89,45,36,23,8,14,31
ENSG00000261799.1,ENSG00000261799,193,233,211,161,243,183,181
ENSG00000261801.8,LOXL1-AS1,604,447,846,1063,635,492,650
ENSG00000261824.8,LINC00662,703,461,450,624,666,629,382
ENSG00000261879.9,ZNF594-DT,44,50,18,32,41,21,21
ENSG00000261884.2,ENSG00000261884,21,20,37,47,28,16,16
ENSG00000261888.1,ENSG00000261888,70,285,20,42,154,43,43
ENSG00000261971.9,MMP25-AS1,206,195,238,218,250,125,212
ENSG00000262001.3,DLGAP1-AS2,108,49,60,93,159,101,133
ENSG00000262049.2,ENSG00000262049,88,74,34,63,90,27,52
ENSG00000262198.2,ENSG00000262198,54,13,18,50,43,36,18
ENSG00000262227.2,ENSG00000262227,38,18,5,16,33,19,20
ENSG00000262246.6,CORO7,145,122,209,154,103,91,135
ENSG00000262454.4,MIR193BHG,300,115,70,182,337,123,113
ENSG00000262576.3,PCDHGA4,36,22,10,9,35,20,11
ENSG00000262580.5,ENSG00000262580,60,19,55,59,15,12,38
ENSG00000262619.4,LINC00621,33,14,24,16,37,13,7
ENSG00000262655.4,SPON1,28,6,34,47,68,31,601
ENSG00000262877.5,ENSG00000262877,104,76,50,60,78,46,56
ENSG00000262879.7,ENSG00000262879,1391,1205,471,808,1631,985,945
ENSG00000262903.1,CTNS-AS1,188,73,198,202,134,120,104
ENSG00000262919.8,CCNQ,519,442,396,447,602,536,426
ENSG00000263001.8,GTF2I,2486,3151,1041,2115,4421,2364,2273
ENSG00000263002.8,ZNF234,348,325,321,346,484,250,229
ENSG00000263069.6,RNF213-AS1,19,38,17,19,94,31,28
ENSG00000263072.10,ZNF213-AS1,273,280,167,281,289,161,143
ENSG00000263327.6,TAPT1-AS1,37,46,31,25,36,6,10
ENSG00000263465.5,SRSF8,1324,631,1097,997,1029,1458,1221
ENSG00000263528.8,IKBKE,683,695,852,757,658,585,775
ENSG00000263711.6,LINC02864,214,227,277,0,150,0,14
ENSG00000263731.1,ENSG00000263731,35,18,89,30,13,11,7
ENSG00000263753.10,LINC00667,965,712,437,695,1286,671,604
ENSG00000263823.2,ENSG00000263823,53,15,27,30,27,39,36
ENSG00000263874.2,LASP1NB,49,83,46,36,95,15,25
ENSG00000263956.8,NBPF11,220,306,187,248,440,190,146
ENSG00000264112.1,ENSG00000264112,221,159,503,232,99,110,83
ENSG00000264230.9,ANXA8L1,52,1,6,29,1,43,5
ENSG00000264247.2,ZNF407-AS1,210,188,166,178,340,215,180
ENSG00000264278.1,ZNF236-DT,32,12,12,25,56,31,26
ENSG00000264343.7,NOTCH2NLA,49,57,30,15,32,45,34
ENSG00000264345.2,LINC01894,2,41,0,0,57,3,5
ENSG00000264364.3,DYNLL2,2701,1785,2129,2165,3150,2623,2383
ENSG00000264424.1,MYH4,0,1,33,86,0,0,0
ENSG00000264449.6,ENSG00000264449,0,25,0,0,44,0,2
ENSG00000264522.6,OTUD7B,1027,988,618,789,1225,992,925
ENSG00000264575.1,LINC00526,35,39,14,32,44,31,30
ENSG00000264577.1,ENSG00000264577,22,3,25,27,5,6,10
ENSG00000264920.4,SP2-DT,61,27,47,27,48,23,34
ENSG00000265107.3,GJA5,7,123,0,12,79,4,24
ENSG00000265148.7,TSPOAP1-AS1,23,27,6,20,57,23,17
ENSG00000265190.7,ANXA8,59,1,46,12,0,46,14
ENSG00000265241.8,RBM8A,2276,1730,1998,2027,2583,2124,2135
ENSG00000265354.4,TIMM23,2174,1232,1842,1904,1858,1859,1711
ENSG00000265401.1,ENSG00000265401,81,23,98,83,19,5,15
ENSG00000265458.3,NARF-AS2,45,33,27,28,54,49,34
ENSG00000265491.5,RNF115,1554,819,1103,724,1355,1362,1313
ENSG00000265666.1,RARA-AS1,29,18,27,26,48,30,41
ENSG00000265688.2,MILIP,132,81,30,72,187,110,60
ENSG00000265763.4,ZNF488,88,74,101,107,51,118,107
ENSG00000265808.4,SEC22B,3726,1891,1927,2240,2876,3558,2316
ENSG00000265817.4,FSBP,191,280,120,221,306,187,132
ENSG00000265972.6,TXNIP,2180,2897,1368,366,2171,1278,1234
ENSG00000266010.4,GATA6-AS1,20,0,27,13,6,31,24
ENSG00000266028.8,SRGAP2,1288,3059,1106,1275,4170,1357,1385
ENSG00000266074.11,BAHCC1,1348,2124,736,1055,2661,824,1279
ENSG00000266094.8,RASSF5,42,30,24,13,61,60,24
ENSG00000266173.7,STRADA,187,145,138,153,138,113,120
ENSG00000266208.1,GJD3-AS1,92,51,73,76,105,98,83
ENSG00000266338.7,NBPF15,1088,758,745,1017,942,844,556
ENSG00000266402.5,SNHG25,50,6,18,16,20,13,31
ENSG00000266412.6,NCOA4,5634,3736,4667,4729,4867,4257,4649
ENSG00000266490.1,ENSG00000266490,29,25,21,19,42,11,13
ENSG00000266524.3,GDF10,401,1979,92,1096,2997,409,381
ENSG00000266680.1,ENSG00000266680,157,16,58,58,54,155,76
ENSG00000266709.1,ENSG00000266709,60,11,39,72,21,64,36
ENSG00000266714.11,MYO15B,107,229,232,50,369,125,107
ENSG00000266904.8,LINC00663,57,31,38,36,63,46,33
ENSG00000266916.9,ZNF793-AS1,61,28,31,52,52,26,36
ENSG00000266962.3,HSD17B1-AS1,501,320,393,365,625,435,475
ENSG00000266967.7,AARSD1,59,38,82,62,30,23,18
ENSG00000267002.4,ENSG00000267002,117,182,91,128,196,77,118
ENSG00000267040.8,ATP8B1-AS1,59,26,40,35,54,52,34
ENSG00000267041.6,ZNF850,173,131,141,200,135,160,134
ENSG00000267058.1,ENSG00000267058,65,48,24,50,68,57,40
ENSG00000267060.7,PTGES3L,48,23,37,56,12,46,44
ENSG00000267080.8,ASB16-AS1,285,173,160,207,247,156,173
ENSG00000267100.2,ILF3-DT,134,173,64,129,179,36,52
ENSG00000267106.9,ZNF561-AS1,208,145,129,119,176,131,107
ENSG00000267128.2,RNF157-AS1,69,2,29,31,14,35,19
ENSG00000267152.1,ENSG00000267152,18,28,19,24,35,25,16
ENSG00000267169.2,ADGRL1-AS1,66,54,43,53,52,34,38
ENSG00000267199.1,ENSG00000267199,123,18,44,51,30,29,18
ENSG00000267248.5,ENSG00000267248,52,22,34,45,59,26,47
ENSG00000267254.8,ZNF790-AS1,87,61,73,51,82,100,76
ENSG00000267260.4,ENSG00000267260,112,23,77,48,87,137,42
ENSG00000267270.8,PARD6G-AS1,31,12,26,12,30,30,32
ENSG00000267278.6,MAP3K14-AS1,100,50,32,27,64,52,12
ENSG00000267279.3,ENSG00000267279,71,12,102,90,12,42,37
ENSG00000267283.1,ENSG00000267283,39,25,38,29,32,9,13
ENSG00000267309.1,ZNF566-AS1,36,20,25,28,41,14,25
ENSG00000267313.7,KC6,55,273,38,30,139,49,30
ENSG00000267317.2,ENSG00000267317,259,111,107,100,242,191,125
ENSG00000267321.4,SNHG30,107,106,79,81,121,46,96
ENSG00000267365.2,KCNJ2-AS1,32,47,12,19,20,15,36
ENSG00000267374.3,MIR924HG,19,148,6,27,89,15,8
ENSG00000267383.9,ENSG00000267383,19,92,12,29,111,18,13
ENSG00000267395.5,DM1-AS,36,38,9,32,26,17,16
ENSG00000267397.1,ENSG00000267397,43,33,26,16,7,30,27
ENSG00000267405.1,ENSG00000267405,22,8,15,53,7,15,27
ENSG00000267414.1,SETBP1-DT,74,180,12,23,130,26,45
ENSG00000267454.6,ZNF582-DT,55,50,26,43,42,25,21
ENSG00000267470.6,ZNF571-AS1,20,46,39,30,36,59,32
ENSG00000267481.1,ENSG00000267481,49,24,29,34,24,10,18
ENSG00000267493.4,CIRBP-AS1,44,12,21,27,40,79,54
ENSG00000267508.6,ZNF285,65,91,89,73,139,38,54
ENSG00000267509.5,ENSG00000267509,20,44,20,12,19,37,19
ENSG00000267519.6,MIR23AHG,320,116,311,425,361,103,219
ENSG00000267534.4,S1PR2,211,554,245,244,571,195,335
ENSG00000267547.1,ENSG00000267547,37,33,95,26,67,90,49
ENSG00000267575.9,LINC02987,258,190,129,214,247,192,133
ENSG00000267680.6,ZNF224,510,575,502,545,582,280,291
ENSG00000267745.1,ENSG00000267745,81,52,100,76,102,115,65
ENSG00000267751.6,BSG-AS1,30,85,40,53,247,24,29
ENSG00000267787.7,ENSG00000267787,47,87,18,35,75,45,37
ENSG00000267796.8,LIN37,144,104,188,150,140,98,58
ENSG00000267858.8,MZF1-AS1,83,62,24,61,102,74,44
ENSG00000267886.1,ENSG00000267886,64,86,14,74,94,27,30
ENSG00000267904.1,ENSG00000267904,52,42,41,32,37,33,39
ENSG00000268001.1,CARD8-AS1,47,34,17,18,47,33,22
ENSG00000268006.1,PTOV1-AS1,38,102,20,54,93,23,27
ENSG00000268043.9,NBPF12,397,377,340,337,578,379,255
ENSG00000268049.1,ENSG00000268049,159,116,92,151,163,165,138
ENSG00000268061.6,NAPA-AS1,16,38,6,8,40,10,5
ENSG00000268089.3,GABRQ,52,21,50,82,55,65,98
ENSG00000268119.8,ENSG00000268119,125,215,60,110,235,95,23
ENSG00000268205.1,ENSG00000268205,230,143,596,269,153,147,154
ENSG00000268287.1,ENSG00000268287,29,0,5,32,2,36,14
ENSG00000268362.6,ENSG00000268362,202,123,126,245,169,122,137
ENSG00000268364.3,SMC5-DT,23,25,18,15,35,38,19
ENSG00000268471.6,MIR4453HG,57,80,51,70,96,24,38
ENSG00000268516.4,ZNF8-DT,448,219,215,318,318,390,303
ENSG00000268573.1,ENSG00000268573,38,34,17,28,25,32,16
ENSG00000268575.1,ENSG00000268575,24,41,14,33,55,17,18
ENSG00000268812.3,LIF-AS2,75,0,34,14,11,19,10
ENSG00000268858.2,ENSG00000268858,179,128,91,119,215,130,106
ENSG00000268894.7,PLCE1-AS1,56,54,79,219,105,88,55
ENSG00000268895.6,A1BG-AS1,573,291,363,358,424,463,386
ENSG00000268912.1,ENSG00000268912,14,73,40,33,78,27,30
ENSG00000268941.2,LINC01711,28,6,10,31,45,28,27
ENSG00000268996.3,MAN1B1-DT,42,19,24,28,48,30,33
ENSG00000269044.2,ENSG00000269044,127,86,150,96,50,73,60
ENSG00000269113.4,TRABD2B,5,115,30,13,108,36,61
ENSG00000269176.2,ENSG00000269176,36,19,21,24,32,22,23
ENSG00000269190.6,FBXO17,551,734,452,416,1126,544,505
ENSG00000269293.5,ZSCAN16-AS1,217,129,85,95,197,93,89
ENSG00000269313.6,MAGIX,67,38,23,28,57,25,11
ENSG00000269335.7,IKBKG,151,102,168,182,156,115,142
ENSG00000269343.9,ZNF587B,166,166,200,216,188,229,157
ENSG00000269352.1,PTOV1-AS2,112,88,234,168,126,83,98
ENSG00000269386.6,RAB11B-AS1,83,61,56,58,170,97,104
ENSG00000269416.7,LINC01224,34,70,53,75,102,22,39
ENSG00000269556.9,TMEM185A,594,401,403,362,471,356,368
ENSG00000269609.6,C10orf95-AS1,120,109,60,72,99,35,44
ENSG00000269713.9,NBPF9,916,558,672,830,745,478,437
ENSG00000269743.3,SLC25A53,125,120,106,124,211,141,111
ENSG00000269821.2,KCNQ1OT1,132,426,173,162,331,267,202
ENSG00000269825.3,ENSG00000269825,153,143,32,208,119,108,63
ENSG00000269834.8,ZNF528-AS1,39,39,4,2,63,114,2
ENSG00000269858.6,EGLN2,257,306,284,318,354,117,206
ENSG00000269893.10,SNHG8,558,470,367,495,401,450,229
ENSG00000269918.1,ENSG00000269918,87,58,104,61,78,84,89
ENSG00000269929.6,MIRLET7A1HG,79,86,73,65,70,27,40
ENSG00000269934.3,ENSG00000269934,77,113,36,53,147,87,85
ENSG00000269937.1,ENSG00000269937,13,25,14,21,20,35,22
ENSG00000269940.1,ENSG00000269940,195,95,163,177,134,132,151
ENSG00000269958.1,ENSG00000269958,299,115,306,238,160,181,118
ENSG00000269964.4,MEI4,52,22,9,18,54,21,8
ENSG00000269968.1,ENSG00000269968,170,29,348,284,52,36,60
ENSG00000269973.1,ENSG00000269973,88,71,116,50,57,70,61
ENSG00000269994.3,LINC02893,13,107,18,21,122,37,28
ENSG00000270001.1,ENSG00000270001,36,4,49,17,2,38,12
ENSG00000270049.4,ATP6V0D1-DT,44,25,14,21,34,16,19
ENSG00000270055.1,ENSG00000270055,137,114,143,61,90,111,98
ENSG00000270069.3,MIR222HG,21,6,59,33,9,23,46
ENSG00000270127.2,ENSG00000270127,13,22,37,4,32,24,16
ENSG00000270157.1,ENSG00000270157,44,31,36,47,41,33,61
ENSG00000270170.2,NCBP2AS2,327,209,266,244,431,246,262
ENSG00000270194.2,GOLGA4-AS1,101,38,57,74,82,131,112
ENSG00000270231.5,NBPF8,457,310,399,251,402,236,235
ENSG00000270277.1,ENSG00000270277,31,15,56,28,16,26,17
ENSG00000270344.4,POC1B-AS1,21,54,18,8,59,10,18
ENSG00000270362.2,HMGN3-AS1,70,16,20,20,70,18,27
ENSG00000270504.1,ENSG00000270504,721,725,272,534,2746,970,730
ENSG00000270562.1,FOXP1-DT,71,78,56,68,93,36,46
ENSG00000270574.1,ENSG00000270574,14,25,25,12,16,16,10
ENSG00000270629.7,NBPF14,168,236,226,198,237,111,143
ENSG00000270647.7,TAF15,5076,4774,4769,4981,3823,3062,2658
ENSG00000270820.8,USP34-DT,51,23,24,32,39,33,18
ENSG00000270885.2,RASL10B,779,892,426,438,1547,659,1154
ENSG00000270959.2,LPP-AS2,50,74,20,30,135,56,48
ENSG00000271009.3,ENSG00000271009,2,33,5,5,41,3,5
ENSG00000271122.1,HERPUD2-AS1,316,231,153,200,280,240,187
ENSG00000271133.7,ITGB8-AS1,23,28,15,9,38,26,11
ENSG00000271147.8,ARMCX5-GPRASP2,116,123,93,86,239,122,81
ENSG00000271155.1,ENSG00000271155,27,26,5,9,61,13,23
ENSG00000271254.7,ENSG00000271254,255,496,189,247,607,228,228
ENSG00000271270.8,TMCC1-DT,100,69,104,98,95,51,44
ENSG00000271303.2,SRXN1,21,11,24,24,37,70,46
ENSG00000271335.6,CCNY-AS1,29,14,30,14,19,12,30
ENSG00000271380.1,ENSG00000271380,13,26,17,10,37,8,16
ENSG00000271425.9,NBPF10,127,206,101,83,133,107,113
ENSG00000271474.1,UNC5C-AS1,24,52,3,14,85,7,13
ENSG00000271503.7,CCL5,0,3,3,31,47,27,19
ENSG00000271533.1,ENSG00000271533,68,61,58,67,91,55,43
ENSG00000271576.2,PRKACB-DT,30,34,26,30,31,22,18
ENSG00000271601.4,LIX1L,1250,1486,1069,1358,1695,1104,1160
ENSG00000271614.1,ATP2B1-AS1,25,55,1,6,46,15,16
ENSG00000271643.2,PDCD6IP-DT,425,155,398,305,262,482,545
ENSG00000271709.1,ENSG00000271709,33,0,10,37,0,35,13
ENSG00000271851.1,ENSG00000271851,58,51,51,62,74,44,39
ENSG00000271857.1,ENSG00000271857,29,44,12,30,44,6,31
ENSG00000271936.1,ENSG00000271936,31,64,36,41,34,16,20
ENSG00000271976.1,ENSG00000271976,98,102,174,119,198,112,134
ENSG00000271978.2,ENSG00000271978,15,39,6,16,45,9,36
ENSG00000272031.3,ANKRD34A,250,35,260,191,98,305,158
ENSG00000272047.4,GTF2H5,663,499,577,558,654,493,480
ENSG00000272077.1,ENSG00000272077,63,48,72,85,64,44,65
ENSG00000272081.1,FCHO2-DT,10,29,8,15,29,32,24
ENSG00000272086.2,GOLPH3-DT,151,43,55,83,124,92,109
ENSG00000272106.1,ENSG00000272106,91,96,43,71,120,69,64
ENSG00000272108.1,ENSG00000272108,33,30,33,14,33,29,24
ENSG00000272142.4,LYRM4-AS1,223,130,76,91,222,187,168
ENSG00000272163.2,ENSG00000272163,17,51,18,9,102,31,22
ENSG00000272168.10,CASC15,337,182,367,353,700,391,526
ENSG00000272221.1,ENSG00000272221,14,40,47,28,33,29,24
ENSG00000272269.2,NUP153-AS1,32,12,56,38,45,33,58
ENSG00000272316.1,ENSG00000272316,25,36,14,19,46,28,22
ENSG00000272325.2,NUDT3,1360,1645,1256,1094,1670,1199,1052
ENSG00000272333.8,KMT2B,1379,1936,1481,1428,2538,1425,1789
ENSG00000272335.1,ENSG00000272335,82,72,144,77,76,71,66
ENSG00000272341.1,ENSG00000272341,104,40,74,100,94,92,98
ENSG00000272356.1,ENSG00000272356,32,11,59,20,16,16,10
ENSG00000272391.6,POM121C,1339,1242,1118,1348,1608,1373,1501
ENSG00000272398.6,CD24,1920,1198,2767,1782,6233,2549,3513
ENSG00000272405.1,ENSG00000272405,18,8,39,32,12,22,61
ENSG00000272434.1,ENSG00000272434,28,5,28,13,19,32,10
ENSG00000272438.1,ENSG00000272438,5,27,2,1,38,0,1
ENSG00000272447.1,ENSG00000272447,46,54,36,51,178,65,72
ENSG00000272462.4,LINC02980,34,44,29,23,39,26,22
ENSG00000272476.1,ENSG00000272476,72,53,33,55,187,83,85
ENSG00000272512.1,ENSG00000272512,17,15,18,54,31,23,55
ENSG00000272540.1,ENSG00000272540,25,7,39,36,5,3,1
ENSG00000272599.2,ENSG00000272599,30,12,52,47,16,18,30
ENSG00000272602.6,ZNF595,103,127,101,108,171,110,89
ENSG00000272604.1,EFCAB10-AS1,54,30,62,51,57,62,60
ENSG00000272631.1,ENSG00000272631,54,42,39,39,121,30,34
ENSG00000272636.5,DOC2B,56,11,22,26,497,51,9
ENSG00000272667.1,ENSG00000272667,77,59,50,53,184,67,116
ENSG00000272668.2,ENSG00000272668,23,36,6,18,84,71,17
ENSG00000272669.1,ENSG00000272669,27,18,40,37,17,12,15
ENSG00000272674.4,PCDHB16,132,146,57,144,235,205,95
ENSG00000272686.1,WASL-DT,66,38,31,36,59,41,48
ENSG00000272690.6,LINC02018,22,15,26,37,13,23,14
ENSG00000272695.2,GAS6-DT,188,5,126,67,15,146,96
ENSG00000272711.1,HK2-DT,32,53,38,42,50,39,52
ENSG00000272720.1,ENSG00000272720,40,19,28,22,52,16,18
ENSG00000272734.1,ADIRF-AS1,57,41,13,35,90,36,25
ENSG00000272750.1,ENSG00000272750,30,21,39,41,18,20,15
ENSG00000272767.1,JMJD1C-AS1,88,47,36,21,72,61,71
ENSG00000272768.1,ENSG00000272768,10,6,19,6,34,28,25
ENSG00000272789.1,ENSG00000272789,50,3,19,44,28,22,23
ENSG00000272831.2,ENSG00000272831,115,74,73,76,131,54,81
ENSG00000272841.1,MAP3K4-AS1,131,108,57,83,260,171,138
ENSG00000272870.4,SAP30-DT,42,40,17,24,37,7,24
ENSG00000272886.6,DCP1A,929,870,565,822,1076,766,764
ENSG00000272888.8,CHASERR,782,640,570,657,936,770,729
ENSG00000272899.4,ATP6V1FNB,39,34,24,21,66,42,46
ENSG00000272944.1,ENSG00000272944,44,64,24,23,61,44,32
ENSG00000272970.5,ENSG00000272970,23,46,3,20,62,16,8
ENSG00000272977.1,ENSG00000272977,45,48,41,89,37,27,22
ENSG00000272994.2,C2orf49-DT,45,61,41,87,92,20,55
ENSG00000273001.1,PFKP-DT,68,3,32,30,9,24,28
ENSG00000273004.1,ENSG00000273004,53,18,8,26,51,55,40
ENSG00000273014.1,ENSG00000273014,33,26,21,33,44,30,23
ENSG00000273015.3,LINC00938,262,179,119,182,340,160,193
ENSG00000273032.3,DGCR5,35,89,42,34,172,91,70
ENSG00000273033.2,LINC02035,170,160,216,115,192,194,120
ENSG00000273080.2,ENSG00000273080,48,28,9,24,27,22,25
ENSG00000273084.2,LINC03073,35,41,21,32,63,54,49
ENSG00000273117.1,INSIG1-DT,59,42,61,36,105,20,74
ENSG00000273136.8,NBPF26,248,322,182,260,369,265,297
ENSG00000273142.1,LINC02604,84,61,72,78,68,73,46
ENSG00000273148.2,LCDR,25,30,18,26,35,8,14
ENSG00000273149.1,ENSG00000273149,344,256,294,257,48,18,25
ENSG00000273173.6,SNURF,13,30,10,21,40,17,16
ENSG00000273175.2,ENSG00000273175,82,70,60,109,104,46,69
ENSG00000273186.1,ENSG00000273186,44,28,23,20,14,24,10
ENSG00000273213.4,H3-7,0,7,43,27,23,6,40
ENSG00000273230.1,ENSG00000273230,182,155,170,122,190,186,144
ENSG00000273238.3,TMEM271,1,2,3,8,73,10,46
ENSG00000273247.7,RAB33B-AS1,44,57,25,22,64,37,23
ENSG00000273253.2,TRABD-AS1,43,34,18,33,73,23,40
ENSG00000273270.1,LINC03072,360,300,119,220,498,246,238
ENSG00000273274.2,ZBTB8B,59,70,37,41,122,33,33
ENSG00000273306.1,ENSG00000273306,20,10,28,18,16,29,20
ENSG00000273311.1,DGCR11,150,67,313,161,62,119,95
ENSG00000273314.1,ENSG00000273314,55,54,39,40,125,54,55
ENSG00000273329.2,ENSG00000273329,30,34,33,35,75,23,25
ENSG00000273344.2,PAXIP1-DT,125,51,40,60,108,57,50
ENSG00000273373.1,SLC16A4-AS1,43,42,43,26,31,13,9
ENSG00000273382.1,TMEM167B-DT,66,37,26,30,39,31,27
ENSG00000273559.5,CWC25,441,429,444,437,581,382,352
ENSG00000273604.2,EPOP,14,64,30,55,400,49,80
ENSG00000273611.5,ZNHIT3,752,519,530,679,646,415,405
ENSG00000273619.2,ENSG00000273619,27,18,15,26,32,17,31
ENSG00000273706.5,LHX1,449,1,118,397,149,751,547
ENSG00000273729.1,ENSG00000273729,67,37,35,30,72,53,37
ENSG00000273749.5,CYFIP1,3977,3355,3197,3810,3701,3877,3080
ENSG00000273796.2,ENSG00000273796,157,55,67,80,107,117,130
ENSG00000273802.3,H2BC8,36,17,17,17,24,31,26
ENSG00000273820.2,USP27X,203,277,139,171,362,212,205
ENSG00000273841.6,TAF9,2007,995,1367,1552,1355,1356,1299
ENSG00000273899.5,NOL12,71,67,95,88,76,44,42
ENSG00000274020.4,LINC01138,84,112,138,136,231,165,184
ENSG00000274070.2,CASTOR2,537,560,369,483,748,375,498
ENSG00000274180.1,NATD1,1118,619,488,591,1045,614,554
ENSG00000274211.6,SOCS7,1028,797,568,819,1229,937,881
ENSG00000274265.5,ENSG00000274265,62,34,48,114,73,33,46
ENSG00000274276.6,ENSG00000274276,2,25,0,5,38,72,1
ENSG00000274290.3,H2BC6,39,35,20,14,82,19,30
ENSG00000274349.5,ZNF658,64,100,60,56,150,40,26
ENSG00000274370.1,ENSG00000274370,19,73,0,10,51,8,5
ENSG00000274422.1,ENSG00000274422,26,42,14,27,37,18,12
ENSG00000274425.1,ENSG00000274425,120,68,65,102,158,115,112
ENSG00000274512.6,TBC1D3L,115,58,0,35,94,57,0
ENSG00000274523.5,RCC1L,1284,1116,1225,1303,1295,972,916
ENSG00000274561.1,ENSG00000274561,40,26,26,27,27,29,23
ENSG00000274565.1,ENSG00000274565,104,168,50,68,207,46,38
ENSG00000274605.4,PCCA-DT,205,181,178,187,289,166,198
ENSG00000274750.3,H3C6,211,130,130,120,371,313,218
ENSG00000274818.1,ENSG00000274818,35,10,19,32,27,41,31
ENSG00000274828.2,ENSG00000274828,64,67,29,63,108,53,45
ENSG00000274964.1,ENSG00000274964,44,20,40,36,34,54,29
ENSG00000275004.4,ZNF280B,184,254,116,194,352,179,177
ENSG00000275023.5,MLLT6,1709,2932,1112,1264,3048,1052,1059
ENSG00000275052.5,PPP4R3B,1732,1700,1362,1599,2481,1586,1434
ENSG00000275066.5,SYNRG,1590,1786,1285,1473,2055,1433,1288
ENSG00000275074.2,NUDT18,300,88,126,74,171,193,161
ENSG00000275111.5,ZNF2,209,168,116,177,277,142,154
ENSG00000275183.2,LENG9,117,99,83,64,218,144,108
ENSG00000275202.1,ENSG00000275202,40,12,31,19,26,50,30
ENSG00000275216.2,LINC03061,270,3,408,266,34,140,610
ENSG00000275234.1,ENSG00000275234,38,0,61,13,1,56,12
ENSG00000275322.1,ENSG00000275322,33,36,24,24,16,17,14
ENSG00000275342.6,PRAG1,3455,1272,2748,2891,4232,4164,6156
ENSG00000275410.6,HNF1B,2405,17,2437,2527,183,3080,1412
ENSG00000275457.1,ENSG00000275457,17,16,21,16,47,16,26
ENSG00000275464.6,ENSG00000275464,95,122,129,137,142,108,83
ENSG00000275591.5,XKR5,36,151,12,20,84,14,14
ENSG00000275620.1,FLJ16779,8219,142,2728,3258,2088,8980,5397
ENSG00000275700.6,AATF,1182,625,1234,1454,1001,1039,844
ENSG00000275734.2,ENSG00000275734,48,67,24,50,86,49,22
ENSG00000275764.1,ENSG00000275764,117,51,128,148,85,59,108
ENSG00000275765.6,ENSG00000275765,30,15,8,13,56,24,27
ENSG00000275832.5,ARHGAP23,4822,3441,5338,4099,4102,5151,5252
ENSG00000275835.5,TUBGCP5,659,599,414,584,677,649,488
ENSG00000275964.2,ENSG00000275964,122,76,60,49,184,99,103
ENSG00000275993.4,ENSG00000275993,492,80,324,287,198,485,359
ENSG00000276023.5,DUSP14,975,391,672,815,601,875,856
ENSG00000276043.5,UHRF1,839,2895,978,1845,1733,495,556
ENSG00000276045.4,ORAI1,415,400,776,450,406,506,593
ENSG00000276116.2,FUT8-AS1,190,9,18,10,17,104,53
ENSG00000276170.6,ENSG00000276170,136,25,54,77,68,66,52
ENSG00000276234.5,TADA2A,338,451,267,328,324,232,211
ENSG00000276248.1,ENSG00000276248,123,72,68,110,65,78,49
ENSG00000276256.1,ENSG00000276256,413,183,244,121,205,191,327
ENSG00000276293.5,PIP4K2B,4127,4236,2882,3715,5949,3473,3149
ENSG00000276345.1,ENSG00000276345,1,65,1,0,105,74,0
ENSG00000276476.4,LINC00540,18,4,30,10,21,31,14
ENSG00000276529.1,ENSG00000276529,25,44,23,33,35,25,14
ENSG00000276547.2,PCDHGB5,19,56,46,6,51,106,101
ENSG00000276570.1,ENSG00000276570,30,30,49,44,43,22,18
ENSG00000276600.5,RAB7B,160,116,189,125,319,149,215
ENSG00000276644.5,DACH1,109,214,4,41,337,83,164
ENSG00000276672.1,ENSG00000276672,9,26,18,28,16,11,6
ENSG00000276791.1,ENSG00000276791,15,30,7,11,31,7,26
ENSG00000276850.5,ENSG00000276850,57,0,20,37,1,68,23
ENSG00000276851.1,ENSG00000276851,35,0,177,28,2,123,42
ENSG00000276855.1,ENSG00000276855,113,16,60,75,57,92,57
ENSG00000277013.2,SUNO1,28,61,24,54,85,59,82
ENSG00000277149.5,TYW1B,29,201,55,41,237,180,43
ENSG00000277159.1,ENSG00000277159,37,26,5,22,41,22,21
ENSG00000277161.2,PIGW,301,196,279,344,278,292,277
ENSG00000277196.4,ENSG00000277196,49,6,48,63,20,10,31
ENSG00000277258.5,PCGF2,2102,1690,1419,1581,3299,1422,2078
ENSG00000277268.2,LHX1-DT,198,5,25,169,74,164,134
ENSG00000277283.2,RAB35-AS1,35,53,39,57,54,45,37
ENSG00000277443.3,MARCKS,12733,25075,9020,9225,23313,11302,13825
ENSG00000277462.2,ZNF670,98,117,149,86,203,88,159
ENSG00000277476.1,ENSG00000277476,94,68,98,58,99,42,69
ENSG00000277531.3,PNMA8C,68,2,43,39,47,31,14
ENSG00000277534.1,ENSG00000277534,59,39,89,64,70,51,97
ENSG00000277586.4,NEFL,188,164,492,178,329,236,259
ENSG00000277639.3,CHD9NB,128,39,37,69,174,75,55
ENSG00000277687.1,ENSG00000277687,14,32,4,35,31,12,10
ENSG00000277715.1,ENSG00000277715,25,21,14,31,36,12,20
ENSG00000277734.8,TRAC,9,20,15,47,268,11,86
ENSG00000277758.6,SYT15B,114,6,15,92,2,96,27
ENSG00000277791.5,PSMB3,2044,1366,1895,2024,1703,1354,1407
ENSG00000277879.1,ENSG00000277879,15,23,30,25,48,15,16
ENSG00000277954.1,ENSG00000277954,37,154,17,45,196,52,75
ENSG00000277972.2,CISD3,233,90,203,245,92,163,122
ENSG00000278053.5,DDX52,1754,1130,1645,1891,1828,1500,1407
ENSG00000278126.1,ENSG00000278126,21,19,29,20,31,18,15
ENSG00000278129.2,ZNF8,242,296,285,246,376,227,275
ENSG00000278133.1,ENSG00000278133,229,158,184,190,140,124,130
ENSG00000278175.6,GLIDR,49,36,41,26,78,41,50
ENSG00000278195.2,SSTR3,12,36,10,16,34,18,6
ENSG00000278259.5,MYO19,1564,1155,1494,1689,1053,958,760
ENSG00000278291.1,ENSG00000278291,29,24,26,12,85,37,36
ENSG00000278311.5,GGNBP2,2275,1572,1886,2130,1879,1821,1680
ENSG00000278318.5,ZNF229,438,432,319,204,617,426,344
ENSG00000278341.1,ENSG00000278341,69,2,92,27,8,65,46
ENSG00000278530.5,CHMP1B2P,50,13,26,29,28,43,3
ENSG00000278535.5,DHRS11,218,151,214,197,160,145,127
ENSG00000278540.5,ACACA,4370,6142,4532,5010,6106,3106,3268
ENSG00000278600.1,ENSG00000278600,48,53,31,59,36,39,52
ENSG00000278611.4,ZNF426-DT,44,16,7,13,33,26,18
ENSG00000278619.5,MRM1,86,36,122,75,63,68,41
ENSG00000278662.6,GOLGA6L10,39,51,39,42,58,22,11
ENSG00000278709.2,NKILA,98,179,25,151,1753,116,77
ENSG00000278730.1,ENSG00000278730,1063,1152,530,741,1824,759,693
ENSG00000278768.4,BACE1-AS,179,305,187,156,249,122,168
ENSG00000278784.1,ENSG00000278784,29,27,35,51,17,24,19
ENSG00000278817.1,ENSG00000278817,46,21,34,36,29,26,27
ENSG00000278828.2,H3C10,73,60,31,36,52,16,26
ENSG00000278834.2,ENSG00000278834,70,112,59,51,198,68,73
ENSG00000278864.1,ENSG00000278864,22,78,15,49,97,34,42
ENSG00000278948.1,ENSG00000278948,1034,340,802,823,447,908,732
ENSG00000278952.1,ENSG00000278952,47,7,84,56,32,12,31
ENSG00000278970.4,HEIH,323,239,133,230,449,233,146
ENSG00000278989.1,ENSG00000278989,53,40,80,61,39,35,27
ENSG00000278997.1,ENSG00000278997,15,52,12,17,32,22,6
ENSG00000279041.1,ENSG00000279041,112,40,94,129,36,102,80
ENSG00000279059.1,ENSG00000279059,100,84,84,92,90,64,73
ENSG00000279069.2,ENSG00000279069,85,38,49,69,79,73,58
ENSG00000279086.1,ENSG00000279086,92,21,49,104,87,96,43
ENSG00000279088.2,ENSG00000279088,188,132,128,143,173,110,155
ENSG00000279118.1,ENSG00000279118,186,777,90,113,341,181,99
ENSG00000279161.1,ENSG00000279161,37,133,4,19,136,3,10
ENSG00000279170.3,TSTD3,219,137,93,99,156,208,102
ENSG00000279196.1,ENSG00000279196,7,31,23,12,61,24,22
ENSG00000279198.2,ENSG00000279198,55,45,34,54,58,22,58
ENSG00000279207.1,ENSG00000279207,209,160,271,186,299,223,275
ENSG00000279227.2,ENSG00000279227,36,25,29,25,51,19,30
ENSG00000279233.1,ENSG00000279233,22,16,55,55,21,6,14
ENSG00000279253.1,ENSG00000279253,28,25,21,27,31,21,21
ENSG00000279267.1,ENSG00000279267,47,25,30,31,42,30,25
ENSG00000279348.1,ENSG00000279348,268,361,153,263,262,316,229
ENSG00000279365.1,ENSG00000279365,5,0,5,6,1,32,33
ENSG00000279369.1,ENSG00000279369,240,257,173,171,419,219,188
ENSG00000279407.1,ENSG00000279407,64,65,32,87,65,24,25
ENSG00000279453.1,ENSG00000279453,131,74,231,51,53,113,81
ENSG00000279495.1,ENSG00000279495,31,29,30,37,25,43,29
ENSG00000279500.1,ENSG00000279500,17,25,18,29,21,7,17
ENSG00000279520.1,ENSG00000279520,21,15,32,31,19,14,23
ENSG00000279561.3,ENSG00000279561,12,31,9,10,35,12,16
ENSG00000279605.1,ENSG00000279605,25,10,38,64,20,12,12
ENSG00000279656.1,ENSG00000279656,29,31,2,56,29,43,0
ENSG00000279672.2,ENSG00000279672,192,150,70,76,143,72,55
ENSG00000279673.2,ENSG00000279673,94,54,34,66,38,41,45
ENSG00000279675.1,ENSG00000279675,1,26,4,1,82,7,8
ENSG00000279696.1,ENSG00000279696,18,43,35,41,20,14,12
ENSG00000279726.2,ENSG00000279726,94,40,35,27,77,27,65
ENSG00000279738.1,ENSG00000279738,38,28,30,29,39,26,18
ENSG00000279759.1,ENSG00000279759,49,57,33,58,47,41,34
ENSG00000279771.1,ENSG00000279771,11,1,15,28,21,36,59
ENSG00000279789.1,ENSG00000279789,33,21,34,36,28,11,24
ENSG00000279821.1,ENSG00000279821,463,192,839,698,333,450,411
ENSG00000279838.1,ENSG00000279838,28,9,15,41,13,19,27
ENSG00000279881.1,ENSG00000279881,11,35,2,31,16,11,23
ENSG00000280046.1,ENSG00000280046,34,12,12,11,21,14,31
ENSG00000280063.1,ENSG00000280063,16,33,22,35,22,13,27
ENSG00000280071.5,ENSG00000280071,224,90,151,124,169,124,134
ENSG00000280077.1,ENSG00000280077,37,29,37,23,35,32,42
ENSG00000280079.1,ENSG00000280079,29,58,49,45,72,9,11
ENSG00000280087.1,ENSG00000280087,41,3,32,25,9,32,83
ENSG00000280088.1,ENSG00000280088,77,51,69,41,47,69,59
ENSG00000280099.1,ENSG00000280099,54,56,29,15,33,14,13
ENSG00000280120.1,ENSG00000280120,53,50,66,43,30,21,14
ENSG00000280128.1,ENSG00000280128,344,311,328,254,337,335,222
ENSG00000280138.1,ENSG00000280138,12,29,20,21,13,30,23
ENSG00000280143.1,ENSG00000280143,52,18,144,234,42,102,87
ENSG00000280145.3,ENSG00000280145,55,14,49,1,24,41,122
ENSG00000280152.1,ENSG00000280152,44,67,53,64,28,45,100
ENSG00000280173.1,ENSG00000280173,56,72,51,59,105,79,67
ENSG00000280187.2,ENSG00000280187,62,67,41,39,76,27,34
ENSG00000280206.1,ENSG00000280206,78,112,98,93,104,33,44
ENSG00000280219.1,ENSG00000280219,27,271,26,58,386,27,47
ENSG00000280241.4,ENSG00000280241,115,51,16,36,18,116,216
ENSG00000280287.1,ENSG00000280287,46,21,82,46,61,58,42
ENSG00000280303.2,ERICD,72,32,57,53,74,70,54
ENSG00000280332.1,ENSG00000280332,21,17,41,32,24,16,11
ENSG00000280347.1,ENSG00000280347,38,41,37,41,28,60,54
ENSG00000280351.2,ENSG00000280351,50,46,48,49,128,61,53
ENSG00000280355.1,ENSG00000280355,45,103,28,78,109,69,72
ENSG00000280433.2,ENSG00000280433,81,54,58,57,61,66,51
ENSG00000280594.3,BTG3-AS1,45,63,40,38,159,45,55
ENSG00000280639.1,LINC02204,14,4,11,12,4,31,52
ENSG00000280649.2,ENSG00000280649,17,11,19,22,63,21,45
ENSG00000280670.3,CCDC163,30,39,33,57,54,31,15
ENSG00000280739.5,EIF1B-AS1,45,34,26,16,48,23,13
ENSG00000280744.1,LINC01173,34,0,23,49,6,63,23
ENSG00000280789.2,PAGR1,383,345,261,345,336,257,229
ENSG00000280798.1,LINC00294,569,224,370,324,280,446,266
ENSG00000280832.3,GSEC,49,51,33,26,119,32,36
ENSG00000281183.1,NPTN-IT1,44,55,27,71,54,26,52
ENSG00000281207.1,SLFNL1-AS1,32,7,22,49,6,22,19
ENSG00000281332.1,LINC00997,68,61,44,49,75,70,67
ENSG00000281344.1,HELLPAR,12,43,18,27,24,8,23
ENSG00000281357.5,ARRDC3-AS1,19,36,23,26,42,21,22
ENSG00000281398.4,SNHG4,258,130,329,448,86,157,246
ENSG00000281406.2,BLACAT1,20,4,7,11,55,27,55
ENSG00000281468.1,ENSG00000281468,33,14,17,29,31,25,14
ENSG00000281566.4,LINC03077,4,134,49,32,110,63,69
ENSG00000281649.3,EBLN3P,1862,1158,998,1496,1786,1504,1128
ENSG00000281706.5,LINC01012,48,57,46,54,32,29,38
ENSG00000282057.1,ENSG00000282057,180,50,69,145,117,128,220
ENSG00000282508.2,LINC01002,9,25,18,31,41,12,27
ENSG00000282556.5,ENSG00000282556,39,14,26,30,31,20,42
ENSG00000282885.3,ENSG00000282885,25,27,9,20,56,14,14
ENSG00000282936.2,ENSG00000282936,133,144,56,111,176,127,103
ENSG00000283103.5,ENSG00000283103,260,212,219,175,302,215,221
ENSG00000283154.3,IQCJ-SCHIP1,545,124,329,374,570,671,578
ENSG00000283183.4,ENSG00000283183,9,5,6,8,114,30,33
ENSG00000283199.3,C13orf46,23,8,21,21,19,52,53
ENSG00000283341.4,ENSG00000283341,35,39,25,24,47,16,24
ENSG00000283498.1,MIR1244-2,22,41,29,18,94,36,26
ENSG00000283526.2,PRRT1B,188,12,13,51,4,1,27
ENSG00000283632.4,EXOC3L2,51,231,53,161,82,131,239
ENSG00000283828.1,ENSG00000283828,27,33,14,24,107,19,38
ENSG00000284024.4,MSANTD7,543,458,441,498,708,548,491
ENSG00000284052.1,ENSG00000284052,33,13,6,14,87,16,18
ENSG00000284194.3,SCO2,534,197,567,379,326,369,409
ENSG00000284428.1,ENSG00000284428,120,60,34,63,89,97,37
ENSG00000284652.1,ENSG00000284652,30,11,12,102,50,17,44
ENSG00000284691.1,ENSG00000284691,172,93,85,96,213,94,116
ENSG00000284693.2,LINC02606,100,50,26,210,147,64,114
ENSG00000284707.2,ENSG00000284707,51,21,25,20,55,37,26
ENSG00000284753.2,EEF1AKMT4,117,45,66,82,106,107,114
ENSG00000284770.2,TBCE,33,37,48,36,18,13,19
ENSG00000284874.1,ENSG00000284874,5,33,8,33,127,6,18
ENSG00000284946.1,ENSG00000284946,22,102,43,67,59,8,20
ENSG00000284968.1,ENSG00000284968,37,10,32,37,10,45,32
ENSG00000285043.3,ENSG00000285043,29,27,18,27,43,10,40
ENSG00000285053.1,ENSG00000285053,77,120,74,124,208,98,88
ENSG00000285077.4,ARHGAP11B,15,29,41,20,21,7,13
ENSG00000285184.5,ENSG00000285184,49,57,56,30,60,34,55
ENSG00000285219.4,HULC,42,44,27,13,57,30,14
ENSG00000285230.3,RALY-AS1,50,70,31,33,47,42,31
ENSG00000285294.1,LINC00842,59,2,6,105,2,126,27
ENSG00000285331.2,TCF12-DT,47,52,37,55,101,32,43
ENSG00000285382.1,ENSG00000285382,35,6,25,14,22,66,28
ENSG00000285410.1,GABPB1-IT1,186,254,81,126,323,89,127
ENSG00000285517.1,ENSG00000285517,151,135,180,179,52,144,176
ENSG00000285533.4,RELA-DT,61,26,31,29,42,29,41
ENSG00000285589.1,ENSG00000285589,76,51,111,92,50,23,35
ENSG00000285641.1,ENSG00000285641,35,31,53,34,46,26,27
ENSG00000285722.1,ENSG00000285722,28,0,26,35,1,17,11
ENSG00000285756.2,ENSG00000285756,614,471,341,428,684,622,341
ENSG00000285796.1,ENSG00000285796,109,103,40,64,117,24,57
ENSG00000285867.1,ENSG00000285867,33,2,25,21,13,61,29
ENSG00000285868.1,ENSG00000285868,39,170,7,205,687,8,11
ENSG00000285877.1,ENSG00000285877,27,11,6,20,22,34,25
ENSG00000285918.1,ENSG00000285918,21,57,2,16,74,12,20
ENSG00000285967.1,NIPBL-DT,152,498,153,149,538,143,180
ENSG00000285972.1,CERNA2,37,1,22,19,1,53,2
ENSG00000286019.2,NOTCH2NLB,38,35,19,35,18,16,44
ENSG00000286136.2,ENSG00000286136,25,16,38,34,21,14,13
ENSG00000286162.4,ENSG00000286162,33,22,7,21,70,29,23
ENSG00000286177.1,ENSG00000286177,54,71,27,51,86,24,34
ENSG00000286214.1,COPG2IT1,134,502,162,133,235,270,420
ENSG00000286219.2,NOTCH2NLC,63,85,35,75,87,92,53
ENSG00000286264.2,ENSG00000286264,39,14,44,36,36,26,23
ENSG00000286339.1,ENSG00000286339,74,24,7,34,54,1,19
ENSG00000286340.3,ENSG00000286340,38,21,22,15,52,13,30
ENSG00000286358.1,ENSG00000286358,34,23,19,3,37,33,41
ENSG00000286379.1,ENSG00000286379,37,40,12,25,33,20,17
ENSG00000286381.1,NHIP,1,11,0,0,47,89,0
ENSG00000286388.1,ENSG00000286388,267,148,107,142,341,154,188
ENSG00000286389.2,ENSG00000286389,26,54,5,37,39,34,15
ENSG00000286449.1,ENSG00000286449,43,32,29,36,30,93,18
ENSG00000286502.1,ENSG00000286502,27,6,18,45,31,11,29
ENSG00000286532.2,PARTICL,48,32,33,30,34,30,37
ENSG00000286619.1,ENSG00000286619,57,1,9,52,14,2,5
ENSG00000286681.1,ENSG00000286681,27,22,25,25,38,13,23
ENSG00000286707.1,ENSG00000286707,28,67,26,22,39,22,14
ENSG00000286724.1,ENSG00000286724,25,31,9,17,38,16,12
ENSG00000286753.3,ENSG00000286753,38,12,10,13,32,22,40
ENSG00000286760.3,ENSG00000286760,38,51,7,21,56,19,17
ENSG00000286797.1,ENSG00000286797,37,24,22,18,63,54,21
ENSG00000286805.1,ENSG00000286805,39,38,33,62,38,45,53
ENSG00000286873.1,ENSG00000286873,29,25,13,34,55,30,22
ENSG00000286964.1,ENSG00000286964,108,69,80,120,71,99,104
ENSG00000286985.2,ENSG00000286985,43,13,42,49,87,33,80
ENSG00000287038.3,ENSG00000287038,23,13,7,4,180,71,21
ENSG00000287104.2,ENSG00000287104,42,43,13,30,80,26,25
ENSG00000287126.1,ENSG00000287126,97,94,51,48,147,51,35
ENSG00000287151.1,C2orf27A,407,161,394,731,282,634,482
ENSG00000287168.3,ENSG00000287168,59,62,78,34,121,159,149
ENSG00000287171.1,ENSG00000287171,94,3,7,28,140,175,77
ENSG00000287200.1,ENSG00000287200,36,19,26,39,124,38,34
ENSG00000287222.1,ENSG00000287222,91,47,39,44,73,63,58
ENSG00000287252.3,ENSG00000287252,18,33,13,27,40,9,2
ENSG00000287263.3,ENSG00000287263,61,10,59,28,15,70,67
ENSG00000287299.1,ENSG00000287299,82,22,26,75,16,12,14
ENSG00000287356.1,ENSG00000287356,116,50,55,69,75,63,65
ENSG00000287431.1,RENO1,101,162,54,113,216,93,151
ENSG00000287477.1,ENSG00000287477,87,10,43,64,6,28,44
ENSG00000287560.1,ENSG00000287560,133,34,27,143,12,28,40
ENSG00000287562.1,ENSG00000287562,52,38,79,54,34,42,33
ENSG00000287593.1,ENSG00000287593,5,3,27,31,8,6,8
ENSG00000287737.3,ENSG00000287737,41,13,46,37,20,22,25
ENSG00000287763.1,ENSG00000287763,0,22,0,27,53,0,7
ENSG00000287769.1,ENSG00000287769,38,41,19,35,69,18,22
ENSG00000287872.1,ENSG00000287872,15,1,64,9,35,2,61
ENSG00000288044.3,ENSG00000288044,59,48,53,44,64,38,43
ENSG00000288075.1,ENSG00000288075,36,73,204,98,101,66,213
ENSG00000288398.1,ENSG00000288398,214,139,97,98,222,143,94
ENSG00000288538.1,ENSG00000288538,69,17,60,43,19,27,15
ENSG00000288558.3,DUS4L-BCAP29,86,112,170,82,55,74,47
ENSG00000288559.1,ENSG00000288559,155,163,113,135,218,131,66
ENSG00000288596.2,C8orf44,124,66,53,63,74,46,51
ENSG00000288649.2,ACTL10,45,13,14,24,32,43,31
ENSG00000288670.1,ENSG00000288670,99,109,89,113,140,88,82
ENSG00000288675.1,PANO1,86,16,31,22,80,59,41
ENSG00000288701.1,PRRC2B,10546,14341,7593,8985,15468,10469,10112
ENSG00000288722.1,F8A1,189,80,36,149,118,166,43
ENSG00000288752.2,ENSG00000288752,27,17,31,33,22,7,29
ENSG00000288754.1,ENSG00000288754,61,22,40,64,83,54,30
ENSG00000288765.1,ENSG00000288765,8,126,0,2,58,8,17
ENSG00000288766.1,ENSG00000288766,33,18,11,28,38,15,43
ENSG00000288781.2,ENSG00000288781,471,130,627,914,124,532,367
ENSG00000288806.2,ENSG00000288806,35,16,6,17,31,25,26
ENSG00000288818.1,ENSG00000288818,14,11,5,11,40,12,30
ENSG00000288823.1,ENSG00000288823,38,31,22,38,28,6,29
ENSG00000288838.1,ENSG00000288838,41,65,118,39,81,165,88
ENSG00000288852.1,ENSG00000288852,52,14,18,28,22,32,30
ENSG00000288868.2,ENSG00000288868,67,19,36,67,52,72,59
ENSG00000288869.2,SMANTIS,32,17,11,51,63,40,32
ENSG00000288873.2,ENSG00000288873,35,16,16,22,42,39,44
ENSG00000288885.2,ENSG00000288885,28,0,23,29,6,3,26
ENSG00000288886.2,ENSG00000288886,11,71,6,27,146,9,25
ENSG00000288903.1,ENSG00000288903,9,73,2,31,60,5,2
ENSG00000288905.2,LSP1P5,34,17,20,39,35,63,48
ENSG00000288924.1,ENSG00000288924,63,54,91,45,50,49,54
ENSG00000288953.1,ENSG00000288953,79,24,65,73,49,45,50
ENSG00000288973.1,ENSG00000288973,99,155,107,120,286,155,158
ENSG00000289047.2,ENSG00000289047,397,436,423,324,728,416,406
ENSG00000289056.2,ENSG00000289056,43,19,36,24,64,39,56
ENSG00000289069.1,ENSG00000289069,433,21,71,163,125,59,154
ENSG00000289075.2,ENSG00000289075,11,15,8,25,140,21,25
ENSG00000289100.1,ENSG00000289100,50,36,32,21,23,15,12
ENSG00000289106.2,ENSG00000289106,70,85,49,73,104,80,61
ENSG00000289138.1,ENSG00000289138,41,32,18,29,44,25,18
ENSG00000289145.1,ENSG00000289145,38,10,137,23,16,23,17
ENSG00000289182.1,ENSG00000289182,65,34,55,68,33,37,86
ENSG00000289194.1,ENSG00000289194,54,142,93,69,94,19,33
ENSG00000289198.1,ENSG00000289198,30,161,6,12,68,13,17
ENSG00000289234.2,ZNF496-DT,379,367,200,337,457,319,350
ENSG00000289268.1,ENSG00000289268,74,124,111,96,122,51,78
ENSG00000289293.1,ENSG00000289293,75,83,10,52,125,69,75
ENSG00000289294.2,ENSG00000289294,85,54,45,49,129,74,65
ENSG00000289295.1,ENSG00000289295,38,32,32,42,42,16,20
ENSG00000289318.2,ENSG00000289318,56,41,15,67,85,39,65
ENSG00000289327.2,ENSG00000289327,74,2,44,49,9,39,22
ENSG00000289353.1,ENSG00000289353,224,233,141,129,380,300,173
ENSG00000289365.1,ENSG00000289365,43,14,26,28,54,56,40
ENSG00000289405.2,ENSG00000289405,15,52,13,27,51,18,14
ENSG00000289426.1,ENSG00000289426,234,16,190,67,54,49,219
ENSG00000289502.1,ENSG00000289502,45,63,40,39,46,35,28
ENSG00000289507.1,ENSG00000289507,6,15,29,14,41,8,14
ENSG00000289511.1,ENSG00000289511,22,12,27,10,38,33,16
ENSG00000289520.1,ENSG00000289520,25,61,89,34,23,43,27
ENSG00000289535.2,ENSG00000289535,34,32,65,81,10,34,30
ENSG00000289554.1,ENSG00000289554,37,33,35,45,26,28,24
ENSG00000289560.2,ENSG00000289560,1,43,19,21,40,13,48
ENSG00000289562.2,ENSG00000289562,80,90,25,56,96,64,37
ENSG00000289575.1,ENSG00000289575,0,1,110,0,16,0,171
ENSG00000289586.2,ENSG00000289586,148,334,61,291,344,173,194
ENSG00000289688.1,ENSG00000289688,36,1,27,54,16,109,39
ENSG00000289740.1,TALAM1,58,19,102,37,1,0,1
ENSG00000289810.1,ENSG00000289810,0,19,70,3,27,18,46
ENSG00000289843.1,ENSG00000289843,26,30,33,48,51,11,28
ENSG00000289858.1,ENSG00000289858,31,35,18,35,63,35,13
ENSG00000289911.1,ENSG00000289911,7,144,4,4,62,3,7
ENSG00000289916.1,ENSG00000289916,18,0,24,117,5,40,10
ENSG00000289952.1,ENSG00000289952,38,25,10,18,45,20,13
ENSG00000290018.1,ENSG00000290018,214,367,98,150,550,222,129
ENSG00000290025.1,ENSG00000290025,71,591,1,24,354,3,17
ENSG00000290032.1,ENSG00000290032,641,190,361,262,386,493,530
ENSG00000290033.1,ENSG00000290033,24,16,8,21,61,24,25
ENSG00000290043.1,ENSG00000290043,26,2,20,13,39,47,10
ENSG00000290045.1,ENSG00000290045,39,22,19,17,9,37,12
ENSG00000290082.1,ENSG00000290082,81,33,13,38,95,72,55
ENSG00000290085.1,ENSG00000290085,17,29,9,13,32,11,10
ENSG00000290292.10,HOMEZ,743,426,535,675,695,525,552
ENSG00000290374.1,FAM86EP,38,36,24,23,46,41,32
ENSG00000290376.1,HERC2P3,4,167,17,1,123,11,12
ENSG00000290385.1,ENSG00000290385,8,28,3,72,32,6,13
ENSG00000290387.1,SORD2P,2,1,162,0,1,1,127
ENSG00000290394.1,ENSG00000290394,47,69,71,45,65,41,46
ENSG00000290395.1,ENSG00000290395,14,6,8,4,44,30,26
ENSG00000290399.1,ENSG00000290399,29,94,90,40,74,77,49
ENSG00000290425.1,PI4KAP1,61,279,201,196,265,103,78
ENSG00000290450.1,ENSG00000290450,221,228,169,193,329,186,150
ENSG00000290535.1,ENSG00000290535,17,28,19,21,57,6,10
ENSG00000290537.1,ENSG00000290537,34,49,39,39,37,23,9
ENSG00000290548.1,ENSG00000290548,34,51,22,36,41,37,24
ENSG00000290555.1,LINC00680,247,141,166,156,195,141,130
ENSG00000290569.1,ENSG00000290569,36,11,38,18,36,33,36
ENSG00000290594.1,ENSG00000290594,23,3,46,29,4,5,13
ENSG00000290600.1,ENSG00000290600,70,74,45,76,104,48,36
ENSG00000290644.1,ENSG00000290644,191,9,39,65,51,84,47
ENSG00000290681.1,ECEL1P2,151,2,92,78,2,83,59
ENSG00000290682.1,STAG3L5P,120,121,207,135,131,46,57
ENSG00000290683.1,ENSG00000290683,91,109,192,256,109,89,58
ENSG00000290687.1,ZNF286B,75,62,91,78,102,58,85
ENSG00000290689.1,ENSG00000290689,4,40,20,12,43,10,36
ENSG00000290690.1,ENSG00000290690,5,32,3,3,38,5,4
ENSG00000290697.1,ENSG00000290697,38,25,21,14,9,20,6
ENSG00000290712.1,DSTNP2,59,17,63,55,19,62,28
ENSG00000290720.1,ZNF542P,362,292,340,277,427,358,307
ENSG00000290746.1,CA5BP1,113,90,103,97,127,224,163
ENSG00000290762.1,ENSG00000290762,44,28,23,45,28,17,24
ENSG00000290763.1,SDHAP1,81,58,55,84,92,37,38
ENSG00000290770.1,MFSD14CP,709,753,571,584,792,546,545
ENSG00000290791.1,ENSG00000290791,147,89,69,91,166,71,58
ENSG00000290792.1,ENSG00000290792,295,186,154,109,217,159,111
ENSG00000290793.1,ENSG00000290793,36,47,25,32,60,16,33
ENSG00000290823.1,ENSG00000290823,22,22,25,29,43,6,11
ENSG00000290831.1,NSUN5P2,65,38,57,28,39,22,16
ENSG00000290832.1,ENSG00000290832,76,50,57,62,66,48,53
ENSG00000290833.1,ENSG00000290833,54,42,46,65,30,27,20
ENSG00000290835.1,ENSG00000290835,57,56,64,53,92,72,64
ENSG00000290842.1,CROCCP3,55,89,59,46,59,36,31
ENSG00000290846.1,ENSG00000290846,22,52,54,17,67,64,82
ENSG00000290853.1,ENSG00000290853,39,0,0,29,0,0,0
ENSG00000290854.1,ENSG00000290854,79,44,18,31,53,28,27
ENSG00000290865.1,RRN3P3,143,62,159,128,78,101,85
ENSG00000290867.1,LINC01145,71,48,59,55,117,82,47
ENSG00000290872.1,ENSG00000290872,54,60,55,59,44,31,40
ENSG00000290873.1,LINC03009,164,51,78,95,64,80,71
ENSG00000290879.1,ENSG00000290879,61,100,56,28,76,55,34
ENSG00000290901.1,ENSG00000290901,26,9,49,16,19,36,73
ENSG00000290920.1,ENSG00000290920,112,51,315,61,88,105,50
ENSG00000290921.1,ENSG00000290921,51,37,43,42,37,24,33
ENSG00000290927.1,ENSG00000290927,31,137,53,52,165,50,62
ENSG00000290928.1,ENSG00000290928,96,78,53,68,158,76,70
ENSG00000290945.1,UBE2Q2P2,37,79,31,57,66,41,26
ENSG00000290948.1,ENSG00000290948,176,257,155,181,285,89,99
ENSG00000290960.1,ENSG00000290960,302,279,295,223,206,188,213
ENSG00000290989.1,ENSG00000290989,67,49,38,63,59,34,40
ENSG00000290993.1,ENSG00000290993,173,217,142,212,260,107,103
ENSG00000290994.1,FAM86C2P,39,50,29,26,50,26,34
ENSG00000290999.1,ENSG00000290999,31,32,28,34,29,19,16
ENSG00000291003.1,ENSG00000291003,595,638,944,355,573,253,255
ENSG00000291005.1,NBPF25P,26,39,19,28,30,18,19
ENSG00000291006.1,ENSG00000291006,352,141,133,215,172,110,163
ENSG00000291015.1,ENSG00000291015,100,100,65,75,160,73,67
ENSG00000291026.1,ENSG00000291026,7,30,10,3,35,16,0
ENSG00000291027.1,UBE2Q2P1,32,52,59,50,57,28,37
ENSG00000291029.1,FKBP9P1,22,41,30,8,63,55,26
ENSG00000291031.1,BCORP1,46,0,0,32,0,0,0
ENSG00000291033.1,TXLNGY,841,0,0,845,0,0,0
ENSG00000291035.1,RRP7BP,85,75,86,117,75,55,59
ENSG00000291043.1,GLUD1P3,51,43,21,38,73,48,49
ENSG00000291046.1,ENSG00000291046,72,83,42,111,167,66,37
ENSG00000291048.1,ENSG00000291048,58,6,79,40,44,16,74
ENSG00000291049.1,FAM86B3P,40,41,23,58,43,36,14
ENSG00000291055.1,ENSG00000291055,81,65,116,86,77,41,38
ENSG00000291057.1,ABCC6P1,159,25,17,58,38,77,15
ENSG00000291063.1,ENSG00000291063,77,107,66,50,111,63,23
ENSG00000291065.1,ENSG00000291065,16,29,30,0,65,58,48
ENSG00000291066.1,ENSG00000291066,52,151,108,56,84,33,40
ENSG00000291067.1,ENSG00000291067,121,127,136,168,118,82,78
ENSG00000291068.1,ENSG00000291068,127,170,157,73,161,59,62
ENSG00000291069.1,BMS1P1,28,38,34,36,30,26,27
ENSG00000291072.1,CROCCP2,210,229,309,189,303,108,177
ENSG00000291073.1,ENSG00000291073,27,20,8,11,31,22,30
ENSG00000291075.1,ENSG00000291075,89,100,64,63,165,108,115
ENSG00000291078.1,ENSG00000291078,99,57,64,68,107,82,75
ENSG00000291079.1,ENSG00000291079,180,11,90,93,43,90,62
ENSG00000291080.1,ZNF252P,119,213,228,202,276,225,216
ENSG00000291081.1,ENSG00000291081,21,21,23,32,51,32,38
ENSG00000291082.1,HERC2P9,165,135,379,147,144,93,106
ENSG00000291087.1,CRYBB2P1,323,89,323,336,143,124,268
ENSG00000291089.1,ENSG00000291089,192,127,94,100,208,163,99
ENSG00000291091.1,SDHAP4,376,305,233,320,394,244,172
ENSG00000291092.1,PMS2P3,58,41,26,29,66,48,36
ENSG00000291093.1,SVIL-AS1,592,188,260,171,300,1034,246
ENSG00000291097.1,HLA-L,92,24,163,256,49,89,50
ENSG00000291100.1,ENSG00000291100,661,531,818,482,691,878,891
ENSG00000291102.1,GUSBP1,147,115,143,103,161,124,93
ENSG00000291104.1,BTN2A3P,83,119,115,76,101,34,41
ENSG00000291106.1,LINC00888,339,223,189,228,344,293,209
ENSG00000291110.1,TRIM16L,103,74,59,59,51,43,35
ENSG00000291112.1,ENSG00000291112,64,63,25,25,88,25,18
ENSG00000291113.1,ENSG00000291113,273,217,241,284,224,178,199
ENSG00000291117.1,ENSG00000291117,143,83,206,146,159,126,111
ENSG00000291118.1,ZNF767P,286,266,243,238,368,144,170
ENSG00000291122.1,CASTOR3P,360,261,160,268,500,236,243
ENSG00000291129.1,PPIEL,238,185,103,95,157,78,37
ENSG00000291130.1,ENSG00000291130,109,195,65,60,293,95,78
ENSG00000291132.1,ENSG00000291132,143,153,104,70,119,58,49
ENSG00000291133.1,ENSG00000291133,87,18,192,119,39,105,90
ENSG00000291134.1,WASH2P,38,43,34,38,102,17,37
ENSG00000291136.1,ENSG00000291136,352,252,301,305,283,286,297
ENSG00000291137.1,GBAP1,51,63,67,53,69,17,27
ENSG00000291139.1,DPY19L2P2,28,42,18,10,77,34,27
ENSG00000291140.1,AMZ2P1,85,100,55,45,165,47,37
ENSG00000291141.1,EMBP1,24,21,33,26,25,12,33
ENSG00000291146.1,RP9P,39,19,27,35,41,29,19
ENSG00000291147.1,ENSG00000291147,45,13,9,18,21,30,20
ENSG00000291150.1,LSP1P5,0,21,31,0,20,19,76
ENSG00000291151.1,NSUN5P1,219,160,221,165,181,76,60
ENSG00000291152.1,SBDSP1,426,192,466,449,218,431,336
ENSG00000291153.1,STAG3L4,298,152,161,147,178,194,162
ENSG00000291154.1,PMS2P4,57,25,29,51,49,42,24
ENSG00000291156.1,ENSG00000291156,82,21,117,56,27,102,21
ENSG00000291158.1,LINC00869,126,72,78,83,214,91,70
ENSG00000291159.1,ENSG00000291159,132,106,103,143,162,83,87
ENSG00000291171.1,ENSG00000291171,206,304,279,374,362,308,181
ENSG00000291174.1,ENSG00000291174,114,10,62,42,30,51,72
ENSG00000291175.1,ENSG00000291175,16,89,39,13,47,22,19
ENSG00000291176.1,ENSG00000291176,51,70,35,28,129,27,31
ENSG00000291178.1,ENSG00000291178,292,196,235,236,278,275,204
ENSG00000291185.1,ENSG00000291185,34,36,11,46,54,18,10
ENSG00000291186.1,ENSG00000291186,97,84,82,95,111,87,89
ENSG00000291194.1,ENSG00000291194,76,51,114,102,44,67,102
ENSG00000291201.1,ENSG00000291201,165,296,168,212,283,162,170
ENSG00000291202.1,ENSG00000291202,109,135,87,99,149,90,72
ENSG00000291203.1,ENSG00000291203,231,162,145,139,163,147,102
ENSG00000291207.1,ENSG00000291207,236,179,180,170,207,115,108
ENSG00000291208.1,ENSG00000291208,41,43,29,26,41,26,40
ENSG00000291210.1,ENSG00000291210,16,37,12,10,43,8,14
ENSG00000291214.1,ENSG00000291214,381,413,108,296,674,264,287
ENSG00000291215.1,ENSG00000291215,26,64,27,24,41,24,23
ENSG00000291223.1,FAM86DP,233,141,173,97,158,389,267
ENSG00000291224.1,ENSG00000291224,46,124,66,77,149,47,39
ENSG00000291228.1,ENSG00000291228,65,43,51,70,75,112,108
ENSG00000291234.1,ENSG00000291234,20,23,22,34,50,10,9
ENSG00000291237.1,SOD2,1970,1463,1839,1847,1909,1648,1484
ENSG00000291258.1,ENSG00000291258,46,14,6,19,7,29,1
ENSG00000291263.1,SMG1P7,30,38,58,79,51,32,15
ENSG00000291272.1,ENSG00000291272,73,73,24,91,80,49,15
ENSG00000291273.1,ENSG00000291273,10,23,29,23,31,17,7
ENSG00000291317.1,TMEM276,234,192,205,152,260,129,152
